[2026-09-23 15:43:53] testing.INFO: Webhook processed {"event_id":"evt-001","order_number":"SHK-TEST-001","status":"paid","verified":true} 
[2026-09-23 15:43:53] testing.INFO: Duplicate webhook event ignored (idempotent) {"event_id":"evt-001","order_id":1} 
[2026-09-23 15:43:53] testing.ERROR: Webhook signature verification failed {"event_id":"evt-bad-sig","order_number":"SHK-TEST-001","provider":"montonio"} 
[2026-09-23 15:43:53] testing.ERROR: Webhook amount mismatch {"event_id":"evt-mismatch","order_number":"SHK-TEST-001","expected":13200,"received":9999} 
[2026-09-23 15:43:53] testing.ERROR: Webhook for unknown order {"event_id":"evt-unknown","order_number":"SHK-NONEXISTENT"} 
[2026-09-28 20:25:18] local.ERROR: Call to undefined function Illuminate\Support\mb_split() {"exception":"[object] (Error(code: 0): Call to undefined function Illuminate\\Support\\mb_split() at D:/Fork/hypnotoad/backend/vendor/laravel/framework/src/Illuminate/Support/Str.php:1722)
[stacktrace]
#0 D:/Fork/hypnotoad/backend/vendor/laravel/framework/src/Illuminate/Support/Manager.php(98): Illuminate/Support/Str::studly()
#1 D:/Fork/hypnotoad/backend/vendor/laravel/framework/src/Illuminate/Support/Manager.php(78): Illuminate/Support/Manager->createDriver()
#2 D:/Fork/hypnotoad/backend/vendor/laravel/framework/src/Illuminate/Foundation/Providers/FoundationServiceProvider.php(293): Illuminate/Support/Manager->driver()
#3 D:/Fork/hypnotoad/backend/vendor/laravel/framework/src/Illuminate/Container/Container.php(1115): Illuminate/Foundation/Providers/FoundationServiceProvider->{closure:Illuminate/Foundation/Providers/FoundationServiceProvider::registerMaintenanceModeManager():293}()
#4 D:/Fork/hypnotoad/backend/vendor/laravel/framework/src/Illuminate/Container/Container.php(933): Illuminate/Container/Container->build()
#5 D:/Fork/hypnotoad/backend/vendor/laravel/framework/src/Illuminate/Foundation/Application.php(1078): Illuminate/Container/Container->resolve()
#6 D:/Fork/hypnotoad/backend/vendor/laravel/framework/src/Illuminate/Container/Container.php(864): Illuminate/Foundation/Application->resolve()
#7 D:/Fork/hypnotoad/backend/vendor/laravel/framework/src/Illuminate/Foundation/Application.php(1058): Illuminate/Container/Container->make()
#8 D:/Fork/hypnotoad/backend/vendor/laravel/framework/src/Illuminate/Foundation/Application.php(1410): Illuminate/Foundation/Application->make()
#9 D:/Fork/hypnotoad/backend/vendor/laravel/framework/src/Illuminate/Foundation/Http/Middleware/PreventRequestsDuringMaintenance.php(64): Illuminate/Foundation/Application->maintenanceMode()
#10 D:/Fork/hypnotoad/backend/vendor/laravel/framework/src/Illuminate/Pipeline/Pipeline.php(219): Illuminate/Foundation/Http/Middleware/PreventRequestsDuringMaintenance->handle()
#11 D:/Fork/hypnotoad/backend/vendor/laravel/framework/src/Illuminate/Http/Middleware/HandleCors.php(74): Illuminate/Pipeline/Pipeline->{closure:{closure:Illuminate/Pipeline/Pipeline::carry():194}:195}()
#12 D:/Fork/hypnotoad/backend/vendor/laravel/framework/src/Illuminate/Pipeline/Pipeline.php(219): Illuminate/Http/Middleware/HandleCors->handle()
#13 D:/Fork/hypnotoad/backend/vendor/laravel/framework/src/Illuminate/Http/Middleware/TrustProxies.php(58): Illuminate/Pipeline/Pipeline->{closure:{closure:Illuminate/Pipeline/Pipeline::carry():194}:195}()
#14 D:/Fork/hypnotoad/backend/vendor/laravel/framework/src/Illuminate/Pipeline/Pipeline.php(219): Illuminate/Http/Middleware/TrustProxies->handle()
#15 D:/Fork/hypnotoad/backend/vendor/laravel/framework/src/Illuminate/Foundation/Http/Middleware/InvokeDeferredCallbacks.php(22): Illuminate/Pipeline/Pipeline->{closure:{closure:Illuminate/Pipeline/Pipeline::carry():194}:195}()
#16 D:/Fork/hypnotoad/backend/vendor/laravel/framework/src/Illuminate/Pipeline/Pipeline.php(219): Illuminate/Foundation/Http/Middleware/InvokeDeferredCallbacks->handle()
#17 D:/Fork/hypnotoad/backend/vendor/laravel/framework/src/Illuminate/Http/Middleware/ValidatePathEncoding.php(26): Illuminate/Pipeline/Pipeline->{closure:{closure:Illuminate/Pipeline/Pipeline::carry():194}:195}()
#18 D:/Fork/hypnotoad/backend/vendor/laravel/framework/src/Illuminate/Pipeline/Pipeline.php(219): Illuminate/Http/Middleware/ValidatePathEncoding->handle()
#19 D:/Fork/hypnotoad/backend/vendor/laravel/framework/src/Illuminate/Pipeline/Pipeline.php(137): Illuminate/Pipeline/Pipeline->{closure:{closure:Illuminate/Pipeline/Pipeline::carry():194}:195}()
#20 D:/Fork/hypnotoad/backend/vendor/laravel/framework/src/Illuminate/Foundation/Http/Kernel.php(175): Illuminate/Pipeline/Pipeline->then()
#21 D:/Fork/hypnotoad/backend/vendor/laravel/framework/src/Illuminate/Foundation/Http/Kernel.php(144): Illuminate/Foundation/Http/Kernel->sendRequestThroughRouter()
#22 D:/Fork/hypnotoad/backend/public/index.php(16): Illuminate/Foundation/Http/Kernel->handle()
#23 D:/Fork/hypnotoad/backend/vendor/laravel/framework/src/Illuminate/Foundation/resources/server.php(23): require_once('...')
#24 {main}
"} 
[2026-09-28 20:25:19] local.ERROR: Call to undefined function Illuminate\Support\mb_split() {"exception":"[object] (Error(code: 0): Call to undefined function Illuminate\\Support\\mb_split() at D:/Fork/hypnotoad/backend/vendor/laravel/framework/src/Illuminate/Support/Str.php:1722)
[stacktrace]
#0 D:/Fork/hypnotoad/backend/vendor/laravel/framework/src/Illuminate/Support/Manager.php(98): Illuminate/Support/Str::studly()
#1 D:/Fork/hypnotoad/backend/vendor/laravel/framework/src/Illuminate/Support/Manager.php(78): Illuminate/Support/Manager->createDriver()
#2 D:/Fork/hypnotoad/backend/vendor/laravel/framework/src/Illuminate/Session/SessionServiceProvider.php(52): Illuminate/Support/Manager->driver()
#3 D:/Fork/hypnotoad/backend/vendor/laravel/framework/src/Illuminate/Container/Container.php(1115): Illuminate/Session/SessionServiceProvider->{closure:Illuminate/Session/SessionServiceProvider::registerSessionDriver():48}()
#4 D:/Fork/hypnotoad/backend/vendor/laravel/framework/src/Illuminate/Container/Container.php(933): Illuminate/Container/Container->build()
#5 D:/Fork/hypnotoad/backend/vendor/laravel/framework/src/Illuminate/Foundation/Application.php(1078): Illuminate/Container/Container->resolve()
#6 D:/Fork/hypnotoad/backend/vendor/laravel/framework/src/Illuminate/Container/Container.php(864): Illuminate/Foundation/Application->resolve()
#7 D:/Fork/hypnotoad/backend/vendor/laravel/framework/src/Illuminate/Foundation/Application.php(1058): Illuminate/Container/Container->make()
#8 D:/Fork/hypnotoad/backend/vendor/laravel/framework/src/Illuminate/Container/Container.php(1805): Illuminate/Foundation/Application->make()
#9 D:/Fork/hypnotoad/backend/vendor/laravel/framework/src/Illuminate/Routing/RoutingServiceProvider.php(121): Illuminate/Container/Container->offsetGet()
#10 D:/Fork/hypnotoad/backend/vendor/laravel/framework/src/Illuminate/Container/Container.php(1115): Illuminate/Routing/RoutingServiceProvider->{closure:Illuminate/Routing/RoutingServiceProvider::registerRedirector():114}()
#11 D:/Fork/hypnotoad/backend/vendor/laravel/framework/src/Illuminate/Container/Container.php(933): Illuminate/Container/Container->build()
#12 D:/Fork/hypnotoad/backend/vendor/laravel/framework/src/Illuminate/Foundation/Application.php(1078): Illuminate/Container/Container->resolve()
#13 D:/Fork/hypnotoad/backend/vendor/laravel/framework/src/Illuminate/Container/Container.php(864): Illuminate/Foundation/Application->resolve()
#14 D:/Fork/hypnotoad/backend/vendor/laravel/framework/src/Illuminate/Foundation/Application.php(1058): Illuminate/Container/Container->make()
#15 D:/Fork/hypnotoad/backend/vendor/laravel/framework/src/Illuminate/Container/Container.php(1805): Illuminate/Foundation/Application->make()
#16 D:/Fork/hypnotoad/backend/vendor/laravel/framework/src/Illuminate/Routing/RoutingServiceProvider.php(177): Illuminate/Container/Container->offsetGet()
#17 D:/Fork/hypnotoad/backend/vendor/laravel/framework/src/Illuminate/Container/Container.php(1115): Illuminate/Routing/RoutingServiceProvider->{closure:Illuminate/Routing/RoutingServiceProvider::registerResponseFactory():176}()
#18 D:/Fork/hypnotoad/backend/vendor/laravel/framework/src/Illuminate/Container/Container.php(933): Illuminate/Container/Container->build()
#19 D:/Fork/hypnotoad/backend/vendor/laravel/framework/src/Illuminate/Foundation/Application.php(1078): Illuminate/Container/Container->resolve()
#20 D:/Fork/hypnotoad/backend/vendor/laravel/framework/src/Illuminate/Container/Container.php(864): Illuminate/Foundation/Application->resolve()
#21 D:/Fork/hypnotoad/backend/vendor/laravel/framework/src/Illuminate/Foundation/Application.php(1058): Illuminate/Container/Container->make()
#22 D:/Fork/hypnotoad/backend/vendor/laravel/framework/src/Illuminate/Foundation/helpers.php(138): Illuminate/Foundation/Application->make()
#23 D:/Fork/hypnotoad/backend/vendor/laravel/framework/src/Illuminate/Foundation/helpers.php(850): app()
#24 D:/Fork/hypnotoad/backend/vendor/laravel/framework/src/Illuminate/Foundation/Exceptions/Handler.php(987): response()
#25 D:/Fork/hypnotoad/backend/vendor/laravel/framework/src/Illuminate/Foundation/Exceptions/Handler.php(839): Illuminate/Foundation/Exceptions/Handler->toIlluminateResponse()
#26 D:/Fork/hypnotoad/backend/vendor/laravel/framework/src/Illuminate/Foundation/Exceptions/Handler.php(738): Illuminate/Foundation/Exceptions/Handler->prepareResponse()
#27 D:/Fork/hypnotoad/backend/vendor/laravel/framework/src/Illuminate/Foundation/Exceptions/Handler.php(626): Illuminate/Foundation/Exceptions/Handler->renderExceptionResponse()
#28 D:/Fork/hypnotoad/backend/vendor/laravel/framework/src/Illuminate/Routing/Pipeline.php(51): Illuminate/Foundation/Exceptions/Handler->render()
#29 D:/Fork/hypnotoad/backend/vendor/laravel/framework/src/Illuminate/Pipeline/Pipeline.php(224): Illuminate/Routing/Pipeline->handleException()
#30 D:/Fork/hypnotoad/backend/vendor/laravel/framework/src/Illuminate/Http/Middleware/HandleCors.php(74): Illuminate/Pipeline/Pipeline->{closure:{closure:Illuminate/Pipeline/Pipeline::carry():194}:195}()
#31 D:/Fork/hypnotoad/backend/vendor/laravel/framework/src/Illuminate/Pipeline/Pipeline.php(219): Illuminate/Http/Middleware/HandleCors->handle()
#32 D:/Fork/hypnotoad/backend/vendor/laravel/framework/src/Illuminate/Http/Middleware/TrustProxies.php(58): Illuminate/Pipeline/Pipeline->{closure:{closure:Illuminate/Pipeline/Pipeline::carry():194}:195}()
#33 D:/Fork/hypnotoad/backend/vendor/laravel/framework/src/Illuminate/Pipeline/Pipeline.php(219): Illuminate/Http/Middleware/TrustProxies->handle()
#34 D:/Fork/hypnotoad/backend/vendor/laravel/framework/src/Illuminate/Foundation/Http/Middleware/InvokeDeferredCallbacks.php(22): Illuminate/Pipeline/Pipeline->{closure:{closure:Illuminate/Pipeline/Pipeline::carry():194}:195}()
#35 D:/Fork/hypnotoad/backend/vendor/laravel/framework/src/Illuminate/Pipeline/Pipeline.php(219): Illuminate/Foundation/Http/Middleware/InvokeDeferredCallbacks->handle()
#36 D:/Fork/hypnotoad/backend/vendor/laravel/framework/src/Illuminate/Http/Middleware/ValidatePathEncoding.php(26): Illuminate/Pipeline/Pipeline->{closure:{closure:Illuminate/Pipeline/Pipeline::carry():194}:195}()
#37 D:/Fork/hypnotoad/backend/vendor/laravel/framework/src/Illuminate/Pipeline/Pipeline.php(219): Illuminate/Http/Middleware/ValidatePathEncoding->handle()
#38 D:/Fork/hypnotoad/backend/vendor/laravel/framework/src/Illuminate/Pipeline/Pipeline.php(137): Illuminate/Pipeline/Pipeline->{closure:{closure:Illuminate/Pipeline/Pipeline::carry():194}:195}()
#39 D:/Fork/hypnotoad/backend/vendor/laravel/framework/src/Illuminate/Foundation/Http/Kernel.php(175): Illuminate/Pipeline/Pipeline->then()
#40 D:/Fork/hypnotoad/backend/vendor/laravel/framework/src/Illuminate/Foundation/Http/Kernel.php(144): Illuminate/Foundation/Http/Kernel->sendRequestThroughRouter()
#41 D:/Fork/hypnotoad/backend/public/index.php(16): Illuminate/Foundation/Http/Kernel->handle()
#42 D:/Fork/hypnotoad/backend/vendor/laravel/framework/src/Illuminate/Foundation/resources/server.php(23): require_once('...')
#43 {main}
"} 
[2026-09-28 20:25:19] local.ERROR: Call to undefined function Illuminate\Support\mb_split() {"exception":"[object] (Error(code: 0): Call to undefined function Illuminate\\Support\\mb_split() at D:/Fork/hypnotoad/backend/vendor/laravel/framework/src/Illuminate/Support/Str.php:1722)
[stacktrace]
#0 D:/Fork/hypnotoad/backend/vendor/laravel/framework/src/Illuminate/Support/Manager.php(98): Illuminate/Support/Str::studly()
#1 D:/Fork/hypnotoad/backend/vendor/laravel/framework/src/Illuminate/Support/Manager.php(78): Illuminate/Support/Manager->createDriver()
#2 D:/Fork/hypnotoad/backend/vendor/laravel/framework/src/Illuminate/Session/SessionServiceProvider.php(52): Illuminate/Support/Manager->driver()
#3 D:/Fork/hypnotoad/backend/vendor/laravel/framework/src/Illuminate/Container/Container.php(1115): Illuminate/Session/SessionServiceProvider->{closure:Illuminate/Session/SessionServiceProvider::registerSessionDriver():48}()
#4 D:/Fork/hypnotoad/backend/vendor/laravel/framework/src/Illuminate/Container/Container.php(933): Illuminate/Container/Container->build()
#5 D:/Fork/hypnotoad/backend/vendor/laravel/framework/src/Illuminate/Foundation/Application.php(1078): Illuminate/Container/Container->resolve()
#6 D:/Fork/hypnotoad/backend/vendor/laravel/framework/src/Illuminate/Container/Container.php(864): Illuminate/Foundation/Application->resolve()
#7 D:/Fork/hypnotoad/backend/vendor/laravel/framework/src/Illuminate/Foundation/Application.php(1058): Illuminate/Container/Container->make()
#8 D:/Fork/hypnotoad/backend/vendor/laravel/framework/src/Illuminate/Container/Container.php(1805): Illuminate/Foundation/Application->make()
#9 D:/Fork/hypnotoad/backend/vendor/laravel/framework/src/Illuminate/Routing/RoutingServiceProvider.php(121): Illuminate/Container/Container->offsetGet()
#10 D:/Fork/hypnotoad/backend/vendor/laravel/framework/src/Illuminate/Container/Container.php(1115): Illuminate/Routing/RoutingServiceProvider->{closure:Illuminate/Routing/RoutingServiceProvider::registerRedirector():114}()
#11 D:/Fork/hypnotoad/backend/vendor/laravel/framework/src/Illuminate/Container/Container.php(933): Illuminate/Container/Container->build()
#12 D:/Fork/hypnotoad/backend/vendor/laravel/framework/src/Illuminate/Foundation/Application.php(1078): Illuminate/Container/Container->resolve()
#13 D:/Fork/hypnotoad/backend/vendor/laravel/framework/src/Illuminate/Container/Container.php(864): Illuminate/Foundation/Application->resolve()
#14 D:/Fork/hypnotoad/backend/vendor/laravel/framework/src/Illuminate/Foundation/Application.php(1058): Illuminate/Container/Container->make()
#15 D:/Fork/hypnotoad/backend/vendor/laravel/framework/src/Illuminate/Container/Container.php(1805): Illuminate/Foundation/Application->make()
#16 D:/Fork/hypnotoad/backend/vendor/laravel/framework/src/Illuminate/Routing/RoutingServiceProvider.php(177): Illuminate/Container/Container->offsetGet()
#17 D:/Fork/hypnotoad/backend/vendor/laravel/framework/src/Illuminate/Container/Container.php(1115): Illuminate/Routing/RoutingServiceProvider->{closure:Illuminate/Routing/RoutingServiceProvider::registerResponseFactory():176}()
#18 D:/Fork/hypnotoad/backend/vendor/laravel/framework/src/Illuminate/Container/Container.php(933): Illuminate/Container/Container->build()
#19 D:/Fork/hypnotoad/backend/vendor/laravel/framework/src/Illuminate/Foundation/Application.php(1078): Illuminate/Container/Container->resolve()
#20 D:/Fork/hypnotoad/backend/vendor/laravel/framework/src/Illuminate/Container/Container.php(864): Illuminate/Foundation/Application->resolve()
#21 D:/Fork/hypnotoad/backend/vendor/laravel/framework/src/Illuminate/Foundation/Application.php(1058): Illuminate/Container/Container->make()
#22 D:/Fork/hypnotoad/backend/vendor/laravel/framework/src/Illuminate/Foundation/helpers.php(138): Illuminate/Foundation/Application->make()
#23 D:/Fork/hypnotoad/backend/vendor/laravel/framework/src/Illuminate/Foundation/helpers.php(850): app()
#24 D:/Fork/hypnotoad/backend/vendor/laravel/framework/src/Illuminate/Foundation/Exceptions/Handler.php(987): response()
#25 D:/Fork/hypnotoad/backend/vendor/laravel/framework/src/Illuminate/Foundation/Exceptions/Handler.php(839): Illuminate/Foundation/Exceptions/Handler->toIlluminateResponse()
#26 D:/Fork/hypnotoad/backend/vendor/laravel/framework/src/Illuminate/Foundation/Exceptions/Handler.php(738): Illuminate/Foundation/Exceptions/Handler->prepareResponse()
#27 D:/Fork/hypnotoad/backend/vendor/laravel/framework/src/Illuminate/Foundation/Exceptions/Handler.php(626): Illuminate/Foundation/Exceptions/Handler->renderExceptionResponse()
#28 D:/Fork/hypnotoad/backend/vendor/laravel/framework/src/Illuminate/Routing/Pipeline.php(51): Illuminate/Foundation/Exceptions/Handler->render()
#29 D:/Fork/hypnotoad/backend/vendor/laravel/framework/src/Illuminate/Pipeline/Pipeline.php(224): Illuminate/Routing/Pipeline->handleException()
#30 D:/Fork/hypnotoad/backend/vendor/laravel/framework/src/Illuminate/Http/Middleware/TrustProxies.php(58): Illuminate/Pipeline/Pipeline->{closure:{closure:Illuminate/Pipeline/Pipeline::carry():194}:195}()
#31 D:/Fork/hypnotoad/backend/vendor/laravel/framework/src/Illuminate/Pipeline/Pipeline.php(219): Illuminate/Http/Middleware/TrustProxies->handle()
#32 D:/Fork/hypnotoad/backend/vendor/laravel/framework/src/Illuminate/Foundation/Http/Middleware/InvokeDeferredCallbacks.php(22): Illuminate/Pipeline/Pipeline->{closure:{closure:Illuminate/Pipeline/Pipeline::carry():194}:195}()
#33 D:/Fork/hypnotoad/backend/vendor/laravel/framework/src/Illuminate/Pipeline/Pipeline.php(219): Illuminate/Foundation/Http/Middleware/InvokeDeferredCallbacks->handle()
#34 D:/Fork/hypnotoad/backend/vendor/laravel/framework/src/Illuminate/Http/Middleware/ValidatePathEncoding.php(26): Illuminate/Pipeline/Pipeline->{closure:{closure:Illuminate/Pipeline/Pipeline::carry():194}:195}()
#35 D:/Fork/hypnotoad/backend/vendor/laravel/framework/src/Illuminate/Pipeline/Pipeline.php(219): Illuminate/Http/Middleware/ValidatePathEncoding->handle()
#36 D:/Fork/hypnotoad/backend/vendor/laravel/framework/src/Illuminate/Pipeline/Pipeline.php(137): Illuminate/Pipeline/Pipeline->{closure:{closure:Illuminate/Pipeline/Pipeline::carry():194}:195}()
#37 D:/Fork/hypnotoad/backend/vendor/laravel/framework/src/Illuminate/Foundation/Http/Kernel.php(175): Illuminate/Pipeline/Pipeline->then()
#38 D:/Fork/hypnotoad/backend/vendor/laravel/framework/src/Illuminate/Foundation/Http/Kernel.php(144): Illuminate/Foundation/Http/Kernel->sendRequestThroughRouter()
#39 D:/Fork/hypnotoad/backend/public/index.php(16): Illuminate/Foundation/Http/Kernel->handle()
#40 D:/Fork/hypnotoad/backend/vendor/laravel/framework/src/Illuminate/Foundation/resources/server.php(23): require_once('...')
#41 {main}
"} 
[2026-09-28 20:25:19] local.ERROR: Call to undefined function Illuminate\Support\mb_split() {"exception":"[object] (Error(code: 0): Call to undefined function Illuminate\\Support\\mb_split() at D:/Fork/hypnotoad/backend/vendor/laravel/framework/src/Illuminate/Support/Str.php:1722)
[stacktrace]
#0 D:/Fork/hypnotoad/backend/vendor/laravel/framework/src/Illuminate/Support/Manager.php(98): Illuminate/Support/Str::studly()
#1 D:/Fork/hypnotoad/backend/vendor/laravel/framework/src/Illuminate/Support/Manager.php(78): Illuminate/Support/Manager->createDriver()
#2 D:/Fork/hypnotoad/backend/vendor/laravel/framework/src/Illuminate/Session/SessionServiceProvider.php(52): Illuminate/Support/Manager->driver()
#3 D:/Fork/hypnotoad/backend/vendor/laravel/framework/src/Illuminate/Container/Container.php(1115): Illuminate/Session/SessionServiceProvider->{closure:Illuminate/Session/SessionServiceProvider::registerSessionDriver():48}()
#4 D:/Fork/hypnotoad/backend/vendor/laravel/framework/src/Illuminate/Container/Container.php(933): Illuminate/Container/Container->build()
#5 D:/Fork/hypnotoad/backend/vendor/laravel/framework/src/Illuminate/Foundation/Application.php(1078): Illuminate/Container/Container->resolve()
#6 D:/Fork/hypnotoad/backend/vendor/laravel/framework/src/Illuminate/Container/Container.php(864): Illuminate/Foundation/Application->resolve()
#7 D:/Fork/hypnotoad/backend/vendor/laravel/framework/src/Illuminate/Foundation/Application.php(1058): Illuminate/Container/Container->make()
#8 D:/Fork/hypnotoad/backend/vendor/laravel/framework/src/Illuminate/Container/Container.php(1805): Illuminate/Foundation/Application->make()
#9 D:/Fork/hypnotoad/backend/vendor/laravel/framework/src/Illuminate/Routing/RoutingServiceProvider.php(121): Illuminate/Container/Container->offsetGet()
#10 D:/Fork/hypnotoad/backend/vendor/laravel/framework/src/Illuminate/Container/Container.php(1115): Illuminate/Routing/RoutingServiceProvider->{closure:Illuminate/Routing/RoutingServiceProvider::registerRedirector():114}()
#11 D:/Fork/hypnotoad/backend/vendor/laravel/framework/src/Illuminate/Container/Container.php(933): Illuminate/Container/Container->build()
#12 D:/Fork/hypnotoad/backend/vendor/laravel/framework/src/Illuminate/Foundation/Application.php(1078): Illuminate/Container/Container->resolve()
#13 D:/Fork/hypnotoad/backend/vendor/laravel/framework/src/Illuminate/Container/Container.php(864): Illuminate/Foundation/Application->resolve()
#14 D:/Fork/hypnotoad/backend/vendor/laravel/framework/src/Illuminate/Foundation/Application.php(1058): Illuminate/Container/Container->make()
#15 D:/Fork/hypnotoad/backend/vendor/laravel/framework/src/Illuminate/Container/Container.php(1805): Illuminate/Foundation/Application->make()
#16 D:/Fork/hypnotoad/backend/vendor/laravel/framework/src/Illuminate/Routing/RoutingServiceProvider.php(177): Illuminate/Container/Container->offsetGet()
#17 D:/Fork/hypnotoad/backend/vendor/laravel/framework/src/Illuminate/Container/Container.php(1115): Illuminate/Routing/RoutingServiceProvider->{closure:Illuminate/Routing/RoutingServiceProvider::registerResponseFactory():176}()
#18 D:/Fork/hypnotoad/backend/vendor/laravel/framework/src/Illuminate/Container/Container.php(933): Illuminate/Container/Container->build()
#19 D:/Fork/hypnotoad/backend/vendor/laravel/framework/src/Illuminate/Foundation/Application.php(1078): Illuminate/Container/Container->resolve()
#20 D:/Fork/hypnotoad/backend/vendor/laravel/framework/src/Illuminate/Container/Container.php(864): Illuminate/Foundation/Application->resolve()
#21 D:/Fork/hypnotoad/backend/vendor/laravel/framework/src/Illuminate/Foundation/Application.php(1058): Illuminate/Container/Container->make()
#22 D:/Fork/hypnotoad/backend/vendor/laravel/framework/src/Illuminate/Foundation/helpers.php(138): Illuminate/Foundation/Application->make()
#23 D:/Fork/hypnotoad/backend/vendor/laravel/framework/src/Illuminate/Foundation/helpers.php(850): app()
#24 D:/Fork/hypnotoad/backend/vendor/laravel/framework/src/Illuminate/Foundation/Exceptions/Handler.php(987): response()
#25 D:/Fork/hypnotoad/backend/vendor/laravel/framework/src/Illuminate/Foundation/Exceptions/Handler.php(839): Illuminate/Foundation/Exceptions/Handler->toIlluminateResponse()
#26 D:/Fork/hypnotoad/backend/vendor/laravel/framework/src/Illuminate/Foundation/Exceptions/Handler.php(738): Illuminate/Foundation/Exceptions/Handler->prepareResponse()
#27 D:/Fork/hypnotoad/backend/vendor/laravel/framework/src/Illuminate/Foundation/Exceptions/Handler.php(626): Illuminate/Foundation/Exceptions/Handler->renderExceptionResponse()
#28 D:/Fork/hypnotoad/backend/vendor/laravel/framework/src/Illuminate/Routing/Pipeline.php(51): Illuminate/Foundation/Exceptions/Handler->render()
#29 D:/Fork/hypnotoad/backend/vendor/laravel/framework/src/Illuminate/Pipeline/Pipeline.php(224): Illuminate/Routing/Pipeline->handleException()
#30 D:/Fork/hypnotoad/backend/vendor/laravel/framework/src/Illuminate/Foundation/Http/Middleware/InvokeDeferredCallbacks.php(22): Illuminate/Pipeline/Pipeline->{closure:{closure:Illuminate/Pipeline/Pipeline::carry():194}:195}()
#31 D:/Fork/hypnotoad/backend/vendor/laravel/framework/src/Illuminate/Pipeline/Pipeline.php(219): Illuminate/Foundation/Http/Middleware/InvokeDeferredCallbacks->handle()
#32 D:/Fork/hypnotoad/backend/vendor/laravel/framework/src/Illuminate/Http/Middleware/ValidatePathEncoding.php(26): Illuminate/Pipeline/Pipeline->{closure:{closure:Illuminate/Pipeline/Pipeline::carry():194}:195}()
#33 D:/Fork/hypnotoad/backend/vendor/laravel/framework/src/Illuminate/Pipeline/Pipeline.php(219): Illuminate/Http/Middleware/ValidatePathEncoding->handle()
#34 D:/Fork/hypnotoad/backend/vendor/laravel/framework/src/Illuminate/Pipeline/Pipeline.php(137): Illuminate/Pipeline/Pipeline->{closure:{closure:Illuminate/Pipeline/Pipeline::carry():194}:195}()
#35 D:/Fork/hypnotoad/backend/vendor/laravel/framework/src/Illuminate/Foundation/Http/Kernel.php(175): Illuminate/Pipeline/Pipeline->then()
#36 D:/Fork/hypnotoad/backend/vendor/laravel/framework/src/Illuminate/Foundation/Http/Kernel.php(144): Illuminate/Foundation/Http/Kernel->sendRequestThroughRouter()
#37 D:/Fork/hypnotoad/backend/public/index.php(16): Illuminate/Foundation/Http/Kernel->handle()
#38 D:/Fork/hypnotoad/backend/vendor/laravel/framework/src/Illuminate/Foundation/resources/server.php(23): require_once('...')
#39 {main}
"} 
[2026-09-28 20:25:19] local.ERROR: Call to undefined function Illuminate\Support\mb_split() {"exception":"[object] (Error(code: 0): Call to undefined function Illuminate\\Support\\mb_split() at D:/Fork/hypnotoad/backend/vendor/laravel/framework/src/Illuminate/Support/Str.php:1722)
[stacktrace]
#0 D:/Fork/hypnotoad/backend/vendor/laravel/framework/src/Illuminate/Support/Manager.php(98): Illuminate/Support/Str::studly()
#1 D:/Fork/hypnotoad/backend/vendor/laravel/framework/src/Illuminate/Support/Manager.php(78): Illuminate/Support/Manager->createDriver()
#2 D:/Fork/hypnotoad/backend/vendor/laravel/framework/src/Illuminate/Session/SessionServiceProvider.php(52): Illuminate/Support/Manager->driver()
#3 D:/Fork/hypnotoad/backend/vendor/laravel/framework/src/Illuminate/Container/Container.php(1115): Illuminate/Session/SessionServiceProvider->{closure:Illuminate/Session/SessionServiceProvider::registerSessionDriver():48}()
#4 D:/Fork/hypnotoad/backend/vendor/laravel/framework/src/Illuminate/Container/Container.php(933): Illuminate/Container/Container->build()
#5 D:/Fork/hypnotoad/backend/vendor/laravel/framework/src/Illuminate/Foundation/Application.php(1078): Illuminate/Container/Container->resolve()
#6 D:/Fork/hypnotoad/backend/vendor/laravel/framework/src/Illuminate/Container/Container.php(864): Illuminate/Foundation/Application->resolve()
#7 D:/Fork/hypnotoad/backend/vendor/laravel/framework/src/Illuminate/Foundation/Application.php(1058): Illuminate/Container/Container->make()
#8 D:/Fork/hypnotoad/backend/vendor/laravel/framework/src/Illuminate/Container/Container.php(1805): Illuminate/Foundation/Application->make()
#9 D:/Fork/hypnotoad/backend/vendor/laravel/framework/src/Illuminate/Routing/RoutingServiceProvider.php(121): Illuminate/Container/Container->offsetGet()
#10 D:/Fork/hypnotoad/backend/vendor/laravel/framework/src/Illuminate/Container/Container.php(1115): Illuminate/Routing/RoutingServiceProvider->{closure:Illuminate/Routing/RoutingServiceProvider::registerRedirector():114}()
#11 D:/Fork/hypnotoad/backend/vendor/laravel/framework/src/Illuminate/Container/Container.php(933): Illuminate/Container/Container->build()
#12 D:/Fork/hypnotoad/backend/vendor/laravel/framework/src/Illuminate/Foundation/Application.php(1078): Illuminate/Container/Container->resolve()
#13 D:/Fork/hypnotoad/backend/vendor/laravel/framework/src/Illuminate/Container/Container.php(864): Illuminate/Foundation/Application->resolve()
#14 D:/Fork/hypnotoad/backend/vendor/laravel/framework/src/Illuminate/Foundation/Application.php(1058): Illuminate/Container/Container->make()
#15 D:/Fork/hypnotoad/backend/vendor/laravel/framework/src/Illuminate/Container/Container.php(1805): Illuminate/Foundation/Application->make()
#16 D:/Fork/hypnotoad/backend/vendor/laravel/framework/src/Illuminate/Routing/RoutingServiceProvider.php(177): Illuminate/Container/Container->offsetGet()
#17 D:/Fork/hypnotoad/backend/vendor/laravel/framework/src/Illuminate/Container/Container.php(1115): Illuminate/Routing/RoutingServiceProvider->{closure:Illuminate/Routing/RoutingServiceProvider::registerResponseFactory():176}()
#18 D:/Fork/hypnotoad/backend/vendor/laravel/framework/src/Illuminate/Container/Container.php(933): Illuminate/Container/Container->build()
#19 D:/Fork/hypnotoad/backend/vendor/laravel/framework/src/Illuminate/Foundation/Application.php(1078): Illuminate/Container/Container->resolve()
#20 D:/Fork/hypnotoad/backend/vendor/laravel/framework/src/Illuminate/Container/Container.php(864): Illuminate/Foundation/Application->resolve()
#21 D:/Fork/hypnotoad/backend/vendor/laravel/framework/src/Illuminate/Foundation/Application.php(1058): Illuminate/Container/Container->make()
#22 D:/Fork/hypnotoad/backend/vendor/laravel/framework/src/Illuminate/Foundation/helpers.php(138): Illuminate/Foundation/Application->make()
#23 D:/Fork/hypnotoad/backend/vendor/laravel/framework/src/Illuminate/Foundation/helpers.php(850): app()
#24 D:/Fork/hypnotoad/backend/vendor/laravel/framework/src/Illuminate/Foundation/Exceptions/Handler.php(987): response()
#25 D:/Fork/hypnotoad/backend/vendor/laravel/framework/src/Illuminate/Foundation/Exceptions/Handler.php(839): Illuminate/Foundation/Exceptions/Handler->toIlluminateResponse()
#26 D:/Fork/hypnotoad/backend/vendor/laravel/framework/src/Illuminate/Foundation/Exceptions/Handler.php(738): Illuminate/Foundation/Exceptions/Handler->prepareResponse()
#27 D:/Fork/hypnotoad/backend/vendor/laravel/framework/src/Illuminate/Foundation/Exceptions/Handler.php(626): Illuminate/Foundation/Exceptions/Handler->renderExceptionResponse()
#28 D:/Fork/hypnotoad/backend/vendor/laravel/framework/src/Illuminate/Routing/Pipeline.php(51): Illuminate/Foundation/Exceptions/Handler->render()
#29 D:/Fork/hypnotoad/backend/vendor/laravel/framework/src/Illuminate/Pipeline/Pipeline.php(224): Illuminate/Routing/Pipeline->handleException()
#30 D:/Fork/hypnotoad/backend/vendor/laravel/framework/src/Illuminate/Http/Middleware/ValidatePathEncoding.php(26): Illuminate/Pipeline/Pipeline->{closure:{closure:Illuminate/Pipeline/Pipeline::carry():194}:195}()
#31 D:/Fork/hypnotoad/backend/vendor/laravel/framework/src/Illuminate/Pipeline/Pipeline.php(219): Illuminate/Http/Middleware/ValidatePathEncoding->handle()
#32 D:/Fork/hypnotoad/backend/vendor/laravel/framework/src/Illuminate/Pipeline/Pipeline.php(137): Illuminate/Pipeline/Pipeline->{closure:{closure:Illuminate/Pipeline/Pipeline::carry():194}:195}()
#33 D:/Fork/hypnotoad/backend/vendor/laravel/framework/src/Illuminate/Foundation/Http/Kernel.php(175): Illuminate/Pipeline/Pipeline->then()
#34 D:/Fork/hypnotoad/backend/vendor/laravel/framework/src/Illuminate/Foundation/Http/Kernel.php(144): Illuminate/Foundation/Http/Kernel->sendRequestThroughRouter()
#35 D:/Fork/hypnotoad/backend/public/index.php(16): Illuminate/Foundation/Http/Kernel->handle()
#36 D:/Fork/hypnotoad/backend/vendor/laravel/framework/src/Illuminate/Foundation/resources/server.php(23): require_once('...')
#37 {main}
"} 
[2026-09-28 20:25:19] local.ERROR: Call to undefined function Illuminate\Support\mb_split() {"exception":"[object] (Error(code: 0): Call to undefined function Illuminate\\Support\\mb_split() at D:/Fork/hypnotoad/backend/vendor/laravel/framework/src/Illuminate/Support/Str.php:1722)
[stacktrace]
#0 D:/Fork/hypnotoad/backend/vendor/laravel/framework/src/Illuminate/Support/Manager.php(98): Illuminate/Support/Str::studly()
#1 D:/Fork/hypnotoad/backend/vendor/laravel/framework/src/Illuminate/Support/Manager.php(78): Illuminate/Support/Manager->createDriver()
#2 D:/Fork/hypnotoad/backend/vendor/laravel/framework/src/Illuminate/Session/SessionServiceProvider.php(52): Illuminate/Support/Manager->driver()
#3 D:/Fork/hypnotoad/backend/vendor/laravel/framework/src/Illuminate/Container/Container.php(1115): Illuminate/Session/SessionServiceProvider->{closure:Illuminate/Session/SessionServiceProvider::registerSessionDriver():48}()
#4 D:/Fork/hypnotoad/backend/vendor/laravel/framework/src/Illuminate/Container/Container.php(933): Illuminate/Container/Container->build()
#5 D:/Fork/hypnotoad/backend/vendor/laravel/framework/src/Illuminate/Foundation/Application.php(1078): Illuminate/Container/Container->resolve()
#6 D:/Fork/hypnotoad/backend/vendor/laravel/framework/src/Illuminate/Container/Container.php(864): Illuminate/Foundation/Application->resolve()
#7 D:/Fork/hypnotoad/backend/vendor/laravel/framework/src/Illuminate/Foundation/Application.php(1058): Illuminate/Container/Container->make()
#8 D:/Fork/hypnotoad/backend/vendor/laravel/framework/src/Illuminate/Container/Container.php(1805): Illuminate/Foundation/Application->make()
#9 D:/Fork/hypnotoad/backend/vendor/laravel/framework/src/Illuminate/Routing/RoutingServiceProvider.php(121): Illuminate/Container/Container->offsetGet()
#10 D:/Fork/hypnotoad/backend/vendor/laravel/framework/src/Illuminate/Container/Container.php(1115): Illuminate/Routing/RoutingServiceProvider->{closure:Illuminate/Routing/RoutingServiceProvider::registerRedirector():114}()
#11 D:/Fork/hypnotoad/backend/vendor/laravel/framework/src/Illuminate/Container/Container.php(933): Illuminate/Container/Container->build()
#12 D:/Fork/hypnotoad/backend/vendor/laravel/framework/src/Illuminate/Foundation/Application.php(1078): Illuminate/Container/Container->resolve()
#13 D:/Fork/hypnotoad/backend/vendor/laravel/framework/src/Illuminate/Container/Container.php(864): Illuminate/Foundation/Application->resolve()
#14 D:/Fork/hypnotoad/backend/vendor/laravel/framework/src/Illuminate/Foundation/Application.php(1058): Illuminate/Container/Container->make()
#15 D:/Fork/hypnotoad/backend/vendor/laravel/framework/src/Illuminate/Container/Container.php(1805): Illuminate/Foundation/Application->make()
#16 D:/Fork/hypnotoad/backend/vendor/laravel/framework/src/Illuminate/Routing/RoutingServiceProvider.php(177): Illuminate/Container/Container->offsetGet()
#17 D:/Fork/hypnotoad/backend/vendor/laravel/framework/src/Illuminate/Container/Container.php(1115): Illuminate/Routing/RoutingServiceProvider->{closure:Illuminate/Routing/RoutingServiceProvider::registerResponseFactory():176}()
#18 D:/Fork/hypnotoad/backend/vendor/laravel/framework/src/Illuminate/Container/Container.php(933): Illuminate/Container/Container->build()
#19 D:/Fork/hypnotoad/backend/vendor/laravel/framework/src/Illuminate/Foundation/Application.php(1078): Illuminate/Container/Container->resolve()
#20 D:/Fork/hypnotoad/backend/vendor/laravel/framework/src/Illuminate/Container/Container.php(864): Illuminate/Foundation/Application->resolve()
#21 D:/Fork/hypnotoad/backend/vendor/laravel/framework/src/Illuminate/Foundation/Application.php(1058): Illuminate/Container/Container->make()
#22 D:/Fork/hypnotoad/backend/vendor/laravel/framework/src/Illuminate/Foundation/helpers.php(138): Illuminate/Foundation/Application->make()
#23 D:/Fork/hypnotoad/backend/vendor/laravel/framework/src/Illuminate/Foundation/helpers.php(850): app()
#24 D:/Fork/hypnotoad/backend/vendor/laravel/framework/src/Illuminate/Foundation/Exceptions/Handler.php(987): response()
#25 D:/Fork/hypnotoad/backend/vendor/laravel/framework/src/Illuminate/Foundation/Exceptions/Handler.php(839): Illuminate/Foundation/Exceptions/Handler->toIlluminateResponse()
#26 D:/Fork/hypnotoad/backend/vendor/laravel/framework/src/Illuminate/Foundation/Exceptions/Handler.php(738): Illuminate/Foundation/Exceptions/Handler->prepareResponse()
#27 D:/Fork/hypnotoad/backend/vendor/laravel/framework/src/Illuminate/Foundation/Exceptions/Handler.php(626): Illuminate/Foundation/Exceptions/Handler->renderExceptionResponse()
#28 D:/Fork/hypnotoad/backend/vendor/laravel/framework/src/Illuminate/Routing/Pipeline.php(51): Illuminate/Foundation/Exceptions/Handler->render()
#29 D:/Fork/hypnotoad/backend/vendor/laravel/framework/src/Illuminate/Pipeline/Pipeline.php(224): Illuminate/Routing/Pipeline->handleException()
#30 D:/Fork/hypnotoad/backend/vendor/laravel/framework/src/Illuminate/Pipeline/Pipeline.php(137): Illuminate/Pipeline/Pipeline->{closure:{closure:Illuminate/Pipeline/Pipeline::carry():194}:195}()
#31 D:/Fork/hypnotoad/backend/vendor/laravel/framework/src/Illuminate/Foundation/Http/Kernel.php(175): Illuminate/Pipeline/Pipeline->then()
#32 D:/Fork/hypnotoad/backend/vendor/laravel/framework/src/Illuminate/Foundation/Http/Kernel.php(144): Illuminate/Foundation/Http/Kernel->sendRequestThroughRouter()
#33 D:/Fork/hypnotoad/backend/public/index.php(16): Illuminate/Foundation/Http/Kernel->handle()
#34 D:/Fork/hypnotoad/backend/vendor/laravel/framework/src/Illuminate/Foundation/resources/server.php(23): require_once('...')
#35 {main}
"} 
[2026-09-28 20:25:19] local.ERROR: Call to undefined function Illuminate\Support\mb_split() {"exception":"[object] (Error(code: 0): Call to undefined function Illuminate\\Support\\mb_split() at D:/Fork/hypnotoad/backend/vendor/laravel/framework/src/Illuminate/Support/Str.php:1722)
[stacktrace]
#0 D:/Fork/hypnotoad/backend/vendor/laravel/framework/src/Illuminate/Support/Manager.php(98): Illuminate/Support/Str::studly()
#1 D:/Fork/hypnotoad/backend/vendor/laravel/framework/src/Illuminate/Support/Manager.php(78): Illuminate/Support/Manager->createDriver()
#2 D:/Fork/hypnotoad/backend/vendor/laravel/framework/src/Illuminate/Session/SessionServiceProvider.php(52): Illuminate/Support/Manager->driver()
#3 D:/Fork/hypnotoad/backend/vendor/laravel/framework/src/Illuminate/Container/Container.php(1115): Illuminate/Session/SessionServiceProvider->{closure:Illuminate/Session/SessionServiceProvider::registerSessionDriver():48}()
#4 D:/Fork/hypnotoad/backend/vendor/laravel/framework/src/Illuminate/Container/Container.php(933): Illuminate/Container/Container->build()
#5 D:/Fork/hypnotoad/backend/vendor/laravel/framework/src/Illuminate/Foundation/Application.php(1078): Illuminate/Container/Container->resolve()
#6 D:/Fork/hypnotoad/backend/vendor/laravel/framework/src/Illuminate/Container/Container.php(864): Illuminate/Foundation/Application->resolve()
#7 D:/Fork/hypnotoad/backend/vendor/laravel/framework/src/Illuminate/Foundation/Application.php(1058): Illuminate/Container/Container->make()
#8 D:/Fork/hypnotoad/backend/vendor/laravel/framework/src/Illuminate/Container/Container.php(1805): Illuminate/Foundation/Application->make()
#9 D:/Fork/hypnotoad/backend/vendor/laravel/framework/src/Illuminate/Routing/RoutingServiceProvider.php(121): Illuminate/Container/Container->offsetGet()
#10 D:/Fork/hypnotoad/backend/vendor/laravel/framework/src/Illuminate/Container/Container.php(1115): Illuminate/Routing/RoutingServiceProvider->{closure:Illuminate/Routing/RoutingServiceProvider::registerRedirector():114}()
#11 D:/Fork/hypnotoad/backend/vendor/laravel/framework/src/Illuminate/Container/Container.php(933): Illuminate/Container/Container->build()
#12 D:/Fork/hypnotoad/backend/vendor/laravel/framework/src/Illuminate/Foundation/Application.php(1078): Illuminate/Container/Container->resolve()
#13 D:/Fork/hypnotoad/backend/vendor/laravel/framework/src/Illuminate/Container/Container.php(864): Illuminate/Foundation/Application->resolve()
#14 D:/Fork/hypnotoad/backend/vendor/laravel/framework/src/Illuminate/Foundation/Application.php(1058): Illuminate/Container/Container->make()
#15 D:/Fork/hypnotoad/backend/vendor/laravel/framework/src/Illuminate/Container/Container.php(1805): Illuminate/Foundation/Application->make()
#16 D:/Fork/hypnotoad/backend/vendor/laravel/framework/src/Illuminate/Routing/RoutingServiceProvider.php(177): Illuminate/Container/Container->offsetGet()
#17 D:/Fork/hypnotoad/backend/vendor/laravel/framework/src/Illuminate/Container/Container.php(1115): Illuminate/Routing/RoutingServiceProvider->{closure:Illuminate/Routing/RoutingServiceProvider::registerResponseFactory():176}()
#18 D:/Fork/hypnotoad/backend/vendor/laravel/framework/src/Illuminate/Container/Container.php(933): Illuminate/Container/Container->build()
#19 D:/Fork/hypnotoad/backend/vendor/laravel/framework/src/Illuminate/Foundation/Application.php(1078): Illuminate/Container/Container->resolve()
#20 D:/Fork/hypnotoad/backend/vendor/laravel/framework/src/Illuminate/Container/Container.php(864): Illuminate/Foundation/Application->resolve()
#21 D:/Fork/hypnotoad/backend/vendor/laravel/framework/src/Illuminate/Foundation/Application.php(1058): Illuminate/Container/Container->make()
#22 D:/Fork/hypnotoad/backend/vendor/laravel/framework/src/Illuminate/Foundation/helpers.php(138): Illuminate/Foundation/Application->make()
#23 D:/Fork/hypnotoad/backend/vendor/laravel/framework/src/Illuminate/Foundation/helpers.php(850): app()
#24 D:/Fork/hypnotoad/backend/vendor/laravel/framework/src/Illuminate/Foundation/Exceptions/Handler.php(987): response()
#25 D:/Fork/hypnotoad/backend/vendor/laravel/framework/src/Illuminate/Foundation/Exceptions/Handler.php(839): Illuminate/Foundation/Exceptions/Handler->toIlluminateResponse()
#26 D:/Fork/hypnotoad/backend/vendor/laravel/framework/src/Illuminate/Foundation/Exceptions/Handler.php(738): Illuminate/Foundation/Exceptions/Handler->prepareResponse()
#27 D:/Fork/hypnotoad/backend/vendor/laravel/framework/src/Illuminate/Foundation/Exceptions/Handler.php(626): Illuminate/Foundation/Exceptions/Handler->renderExceptionResponse()
#28 D:/Fork/hypnotoad/backend/vendor/laravel/framework/src/Illuminate/Foundation/Http/Kernel.php(574): Illuminate/Foundation/Exceptions/Handler->render()
#29 D:/Fork/hypnotoad/backend/vendor/laravel/framework/src/Illuminate/Foundation/Http/Kernel.php(148): Illuminate/Foundation/Http/Kernel->renderException()
#30 D:/Fork/hypnotoad/backend/public/index.php(16): Illuminate/Foundation/Http/Kernel->handle()
#31 D:/Fork/hypnotoad/backend/vendor/laravel/framework/src/Illuminate/Foundation/resources/server.php(23): require_once('...')
#32 {main}
"} 
[2026-09-28 20:25:19] local.ERROR: Uncaught Error: Call to undefined function Illuminate\Support\mb_split() in D:\Fork\hypnotoad\backend\vendor\laravel\framework\src\Illuminate\Support\Str.php:1722
Stack trace:
#0 D:\Fork\hypnotoad\backend\vendor\laravel\framework\src\Illuminate\Support\Manager.php(98): Illuminate\Support\Str::studly()
#1 D:\Fork\hypnotoad\backend\vendor\laravel\framework\src\Illuminate\Support\Manager.php(78): Illuminate\Support\Manager->createDriver()
#2 D:\Fork\hypnotoad\backend\vendor\laravel\framework\src\Illuminate\Session\SessionServiceProvider.php(52): Illuminate\Support\Manager->driver()
#3 D:\Fork\hypnotoad\backend\vendor\laravel\framework\src\Illuminate\Container\Container.php(1115): Illuminate\Session\SessionServiceProvider->{closure:Illuminate\Session\SessionServiceProvider::registerSessionDriver():48}()
#4 D:\Fork\hypnotoad\backend\vendor\laravel\framework\src\Illuminate\Container\Container.php(933): Illuminate\Container\Container->build()
#5 D:\Fork\hypnotoad\backend\vendor\laravel\framework\src\Illuminate\Foundation\Application.php(1078): Illuminate\Container\Container->resolve()
#6 D:\Fork\hypnotoad\backend\vendor\laravel\framework\src\Illuminate\Container\Container.php(864): Illuminate\Foundation\Application->resolve()
#7 D:\Fork\hypnotoad\backend\vendor\laravel\framework\src\Illuminate\Foundation\Application.php(1058): Illuminate\Container\Container->make()
#8 D:\Fork\hypnotoad\backend\vendor\laravel\framework\src\Illuminate\Container\Container.php(1805): Illuminate\Foundation\Application->make()
#9 D:\Fork\hypnotoad\backend\vendor\laravel\framework\src\Illuminate\Routing\RoutingServiceProvider.php(121): Illuminate\Container\Container->offsetGet()
#10 D:\Fork\hypnotoad\backend\vendor\laravel\framework\src\Illuminate\Container\Container.php(1115): Illuminate\Routing\RoutingServiceProvider->{closure:Illuminate\Routing\RoutingServiceProvider::registerRedirector():114}()
#11 D:\Fork\hypnotoad\backend\vendor\laravel\framework\src\Illuminate\Container\Container.php(933): Illuminate\Container\Container->build()
#12 D:\Fork\hypnotoad\backend\vendor\laravel\framework\src\Illuminate\Foundation\Application.php(1078): Illuminate\Container\Container->resolve()
#13 D:\Fork\hypnotoad\backend\vendor\laravel\framework\src\Illuminate\Container\Container.php(864): Illuminate\Foundation\Application->resolve()
#14 D:\Fork\hypnotoad\backend\vendor\laravel\framework\src\Illuminate\Foundation\Application.php(1058): Illuminate\Container\Container->make()
#15 D:\Fork\hypnotoad\backend\vendor\laravel\framework\src\Illuminate\Container\Container.php(1805): Illuminate\Foundation\Application->make()
#16 D:\Fork\hypnotoad\backend\vendor\laravel\framework\src\Illuminate\Routing\RoutingServiceProvider.php(177): Illuminate\Container\Container->offsetGet()
#17 D:\Fork\hypnotoad\backend\vendor\laravel\framework\src\Illuminate\Container\Container.php(1115): Illuminate\Routing\RoutingServiceProvider->{closure:Illuminate\Routing\RoutingServiceProvider::registerResponseFactory():176}()
#18 D:\Fork\hypnotoad\backend\vendor\laravel\framework\src\Illuminate\Container\Container.php(933): Illuminate\Container\Container->build()
#19 D:\Fork\hypnotoad\backend\vendor\laravel\framework\src\Illuminate\Foundation\Application.php(1078): Illuminate\Container\Container->resolve()
#20 D:\Fork\hypnotoad\backend\vendor\laravel\framework\src\Illuminate\Container\Container.php(864): Illuminate\Foundation\Application->resolve()
#21 D:\Fork\hypnotoad\backend\vendor\laravel\framework\src\Illuminate\Foundation\Application.php(1058): Illuminate\Container\Container->make()
#22 D:\Fork\hypnotoad\backend\vendor\laravel\framework\src\Illuminate\Foundation\helpers.php(138): Illuminate\Foundation\Application->make()
#23 D:\Fork\hypnotoad\backend\vendor\laravel\framework\src\Illuminate\Foundation\helpers.php(850): app()
#24 D:\Fork\hypnotoad\backend\vendor\laravel\framework\src\Illuminate\Foundation\Exceptions\Handler.php(987): response()
#25 D:\Fork\hypnotoad\backend\vendor\laravel\framework\src\Illuminate\Foundation\Exceptions\Handler.php(839): Illuminate\Foundation\Exceptions\Handler->toIlluminateResponse()
#26 D:\Fork\hypnotoad\backend\vendor\laravel\framework\src\Illuminate\Foundation\Exceptions\Handler.php(738): Illuminate\Foundation\Exceptions\Handler->prepareResponse()
#27 D:\Fork\hypnotoad\backend\vendor\laravel\framework\src\Illuminate\Foundation\Exceptions\Handler.php(626): Illuminate\Foundation\Exceptions\Handler->renderExceptionResponse()
#28 D:\Fork\hypnotoad\backend\vendor\laravel\framework\src\Illuminate\Foundation\Bootstrap\HandleExceptions.php(225): Illuminate\Foundation\Exceptions\Handler->render()
#29 D:\Fork\hypnotoad\backend\vendor\laravel\framework\src\Illuminate\Foundation\Bootstrap\HandleExceptions.php(202): Illuminate\Foundation\Bootstrap\HandleExceptions->renderHttpResponse()
#30 D:\Fork\hypnotoad\backend\vendor\laravel\framework\src\Illuminate\Foundation\Bootstrap\HandleExceptions.php(262): Illuminate\Foundation\Bootstrap\HandleExceptions->handleException()
#31 [internal function]: Illuminate\Foundation\Bootstrap\HandleExceptions->{closure:Illuminate\Foundation\Bootstrap\HandleExceptions::forwardsTo():261}()
#32 {main}
  thrown {"exception":"[object] (Symfony\\Component\\ErrorHandler\\Error\\FatalError(code: 0): Uncaught Error: Call to undefined function Illuminate\\Support\\mb_split() in D:\\Fork\\hypnotoad\\backend\\vendor\\laravel\\framework\\src\\Illuminate\\Support\\Str.php:1722
Stack trace:
#0 D:\\Fork\\hypnotoad\\backend\\vendor\\laravel\\framework\\src\\Illuminate\\Support\\Manager.php(98): Illuminate\\Support\\Str::studly()
#1 D:\\Fork\\hypnotoad\\backend\\vendor\\laravel\\framework\\src\\Illuminate\\Support\\Manager.php(78): Illuminate\\Support\\Manager->createDriver()
#2 D:\\Fork\\hypnotoad\\backend\\vendor\\laravel\\framework\\src\\Illuminate\\Session\\SessionServiceProvider.php(52): Illuminate\\Support\\Manager->driver()
#3 D:\\Fork\\hypnotoad\\backend\\vendor\\laravel\\framework\\src\\Illuminate\\Container\\Container.php(1115): Illuminate\\Session\\SessionServiceProvider->{closure:Illuminate\\Session\\SessionServiceProvider::registerSessionDriver():48}()
#4 D:\\Fork\\hypnotoad\\backend\\vendor\\laravel\\framework\\src\\Illuminate\\Container\\Container.php(933): Illuminate\\Container\\Container->build()
#5 D:\\Fork\\hypnotoad\\backend\\vendor\\laravel\\framework\\src\\Illuminate\\Foundation\\Application.php(1078): Illuminate\\Container\\Container->resolve()
#6 D:\\Fork\\hypnotoad\\backend\\vendor\\laravel\\framework\\src\\Illuminate\\Container\\Container.php(864): Illuminate\\Foundation\\Application->resolve()
#7 D:\\Fork\\hypnotoad\\backend\\vendor\\laravel\\framework\\src\\Illuminate\\Foundation\\Application.php(1058): Illuminate\\Container\\Container->make()
#8 D:\\Fork\\hypnotoad\\backend\\vendor\\laravel\\framework\\src\\Illuminate\\Container\\Container.php(1805): Illuminate\\Foundation\\Application->make()
#9 D:\\Fork\\hypnotoad\\backend\\vendor\\laravel\\framework\\src\\Illuminate\\Routing\\RoutingServiceProvider.php(121): Illuminate\\Container\\Container->offsetGet()
#10 D:\\Fork\\hypnotoad\\backend\\vendor\\laravel\\framework\\src\\Illuminate\\Container\\Container.php(1115): Illuminate\\Routing\\RoutingServiceProvider->{closure:Illuminate\\Routing\\RoutingServiceProvider::registerRedirector():114}()
#11 D:\\Fork\\hypnotoad\\backend\\vendor\\laravel\\framework\\src\\Illuminate\\Container\\Container.php(933): Illuminate\\Container\\Container->build()
#12 D:\\Fork\\hypnotoad\\backend\\vendor\\laravel\\framework\\src\\Illuminate\\Foundation\\Application.php(1078): Illuminate\\Container\\Container->resolve()
#13 D:\\Fork\\hypnotoad\\backend\\vendor\\laravel\\framework\\src\\Illuminate\\Container\\Container.php(864): Illuminate\\Foundation\\Application->resolve()
#14 D:\\Fork\\hypnotoad\\backend\\vendor\\laravel\\framework\\src\\Illuminate\\Foundation\\Application.php(1058): Illuminate\\Container\\Container->make()
#15 D:\\Fork\\hypnotoad\\backend\\vendor\\laravel\\framework\\src\\Illuminate\\Container\\Container.php(1805): Illuminate\\Foundation\\Application->make()
#16 D:\\Fork\\hypnotoad\\backend\\vendor\\laravel\\framework\\src\\Illuminate\\Routing\\RoutingServiceProvider.php(177): Illuminate\\Container\\Container->offsetGet()
#17 D:\\Fork\\hypnotoad\\backend\\vendor\\laravel\\framework\\src\\Illuminate\\Container\\Container.php(1115): Illuminate\\Routing\\RoutingServiceProvider->{closure:Illuminate\\Routing\\RoutingServiceProvider::registerResponseFactory():176}()
#18 D:\\Fork\\hypnotoad\\backend\\vendor\\laravel\\framework\\src\\Illuminate\\Container\\Container.php(933): Illuminate\\Container\\Container->build()
#19 D:\\Fork\\hypnotoad\\backend\\vendor\\laravel\\framework\\src\\Illuminate\\Foundation\\Application.php(1078): Illuminate\\Container\\Container->resolve()
#20 D:\\Fork\\hypnotoad\\backend\\vendor\\laravel\\framework\\src\\Illuminate\\Container\\Container.php(864): Illuminate\\Foundation\\Application->resolve()
#21 D:\\Fork\\hypnotoad\\backend\\vendor\\laravel\\framework\\src\\Illuminate\\Foundation\\Application.php(1058): Illuminate\\Container\\Container->make()
#22 D:\\Fork\\hypnotoad\\backend\\vendor\\laravel\\framework\\src\\Illuminate\\Foundation\\helpers.php(138): Illuminate\\Foundation\\Application->make()
#23 D:\\Fork\\hypnotoad\\backend\\vendor\\laravel\\framework\\src\\Illuminate\\Foundation\\helpers.php(850): app()
#24 D:\\Fork\\hypnotoad\\backend\\vendor\\laravel\\framework\\src\\Illuminate\\Foundation\\Exceptions\\Handler.php(987): response()
#25 D:\\Fork\\hypnotoad\\backend\\vendor\\laravel\\framework\\src\\Illuminate\\Foundation\\Exceptions\\Handler.php(839): Illuminate\\Foundation\\Exceptions\\Handler->toIlluminateResponse()
#26 D:\\Fork\\hypnotoad\\backend\\vendor\\laravel\\framework\\src\\Illuminate\\Foundation\\Exceptions\\Handler.php(738): Illuminate\\Foundation\\Exceptions\\Handler->prepareResponse()
#27 D:\\Fork\\hypnotoad\\backend\\vendor\\laravel\\framework\\src\\Illuminate\\Foundation\\Exceptions\\Handler.php(626): Illuminate\\Foundation\\Exceptions\\Handler->renderExceptionResponse()
#28 D:\\Fork\\hypnotoad\\backend\\vendor\\laravel\\framework\\src\\Illuminate\\Foundation\\Bootstrap\\HandleExceptions.php(225): Illuminate\\Foundation\\Exceptions\\Handler->render()
#29 D:\\Fork\\hypnotoad\\backend\\vendor\\laravel\\framework\\src\\Illuminate\\Foundation\\Bootstrap\\HandleExceptions.php(202): Illuminate\\Foundation\\Bootstrap\\HandleExceptions->renderHttpResponse()
#30 D:\\Fork\\hypnotoad\\backend\\vendor\\laravel\\framework\\src\\Illuminate\\Foundation\\Bootstrap\\HandleExceptions.php(262): Illuminate\\Foundation\\Bootstrap\\HandleExceptions->handleException()
#31 [internal function]: Illuminate\\Foundation\\Bootstrap\\HandleExceptions->{closure:Illuminate\\Foundation\\Bootstrap\\HandleExceptions::forwardsTo():261}()
#32 {main}
  thrown at D:/Fork/hypnotoad/backend/vendor/laravel/framework/src/Illuminate/Support/Str.php:1722)
[stacktrace]
#0 {main}
"} 
[2026-09-28 20:25:33] local.ERROR: Call to undefined function Illuminate\Support\mb_split() {"exception":"[object] (Error(code: 0): Call to undefined function Illuminate\\Support\\mb_split() at D:/Fork/hypnotoad/backend/vendor/laravel/framework/src/Illuminate/Support/Str.php:1722)
[stacktrace]
#0 D:/Fork/hypnotoad/backend/vendor/laravel/framework/src/Illuminate/Support/Manager.php(98): Illuminate/Support/Str::studly()
#1 D:/Fork/hypnotoad/backend/vendor/laravel/framework/src/Illuminate/Support/Manager.php(78): Illuminate/Support/Manager->createDriver()
#2 D:/Fork/hypnotoad/backend/vendor/laravel/framework/src/Illuminate/Foundation/Providers/FoundationServiceProvider.php(293): Illuminate/Support/Manager->driver()
#3 D:/Fork/hypnotoad/backend/vendor/laravel/framework/src/Illuminate/Container/Container.php(1115): Illuminate/Foundation/Providers/FoundationServiceProvider->{closure:Illuminate/Foundation/Providers/FoundationServiceProvider::registerMaintenanceModeManager():293}()
#4 D:/Fork/hypnotoad/backend/vendor/laravel/framework/src/Illuminate/Container/Container.php(933): Illuminate/Container/Container->build()
#5 D:/Fork/hypnotoad/backend/vendor/laravel/framework/src/Illuminate/Foundation/Application.php(1078): Illuminate/Container/Container->resolve()
#6 D:/Fork/hypnotoad/backend/vendor/laravel/framework/src/Illuminate/Container/Container.php(864): Illuminate/Foundation/Application->resolve()
#7 D:/Fork/hypnotoad/backend/vendor/laravel/framework/src/Illuminate/Foundation/Application.php(1058): Illuminate/Container/Container->make()
#8 D:/Fork/hypnotoad/backend/vendor/laravel/framework/src/Illuminate/Foundation/Application.php(1410): Illuminate/Foundation/Application->make()
#9 D:/Fork/hypnotoad/backend/vendor/laravel/framework/src/Illuminate/Foundation/Http/Middleware/PreventRequestsDuringMaintenance.php(64): Illuminate/Foundation/Application->maintenanceMode()
#10 D:/Fork/hypnotoad/backend/vendor/laravel/framework/src/Illuminate/Pipeline/Pipeline.php(219): Illuminate/Foundation/Http/Middleware/PreventRequestsDuringMaintenance->handle()
#11 D:/Fork/hypnotoad/backend/vendor/laravel/framework/src/Illuminate/Http/Middleware/HandleCors.php(74): Illuminate/Pipeline/Pipeline->{closure:{closure:Illuminate/Pipeline/Pipeline::carry():194}:195}()
#12 D:/Fork/hypnotoad/backend/vendor/laravel/framework/src/Illuminate/Pipeline/Pipeline.php(219): Illuminate/Http/Middleware/HandleCors->handle()
#13 D:/Fork/hypnotoad/backend/vendor/laravel/framework/src/Illuminate/Http/Middleware/TrustProxies.php(58): Illuminate/Pipeline/Pipeline->{closure:{closure:Illuminate/Pipeline/Pipeline::carry():194}:195}()
#14 D:/Fork/hypnotoad/backend/vendor/laravel/framework/src/Illuminate/Pipeline/Pipeline.php(219): Illuminate/Http/Middleware/TrustProxies->handle()
#15 D:/Fork/hypnotoad/backend/vendor/laravel/framework/src/Illuminate/Foundation/Http/Middleware/InvokeDeferredCallbacks.php(22): Illuminate/Pipeline/Pipeline->{closure:{closure:Illuminate/Pipeline/Pipeline::carry():194}:195}()
#16 D:/Fork/hypnotoad/backend/vendor/laravel/framework/src/Illuminate/Pipeline/Pipeline.php(219): Illuminate/Foundation/Http/Middleware/InvokeDeferredCallbacks->handle()
#17 D:/Fork/hypnotoad/backend/vendor/laravel/framework/src/Illuminate/Http/Middleware/ValidatePathEncoding.php(26): Illuminate/Pipeline/Pipeline->{closure:{closure:Illuminate/Pipeline/Pipeline::carry():194}:195}()
#18 D:/Fork/hypnotoad/backend/vendor/laravel/framework/src/Illuminate/Pipeline/Pipeline.php(219): Illuminate/Http/Middleware/ValidatePathEncoding->handle()
#19 D:/Fork/hypnotoad/backend/vendor/laravel/framework/src/Illuminate/Pipeline/Pipeline.php(137): Illuminate/Pipeline/Pipeline->{closure:{closure:Illuminate/Pipeline/Pipeline::carry():194}:195}()
#20 D:/Fork/hypnotoad/backend/vendor/laravel/framework/src/Illuminate/Foundation/Http/Kernel.php(175): Illuminate/Pipeline/Pipeline->then()
#21 D:/Fork/hypnotoad/backend/vendor/laravel/framework/src/Illuminate/Foundation/Http/Kernel.php(144): Illuminate/Foundation/Http/Kernel->sendRequestThroughRouter()
#22 D:/Fork/hypnotoad/backend/public/index.php(16): Illuminate/Foundation/Http/Kernel->handle()
#23 D:/Fork/hypnotoad/backend/vendor/laravel/framework/src/Illuminate/Foundation/resources/server.php(23): require_once('...')
#24 {main}
"} 
[2026-09-28 20:25:33] local.ERROR: Call to undefined function Illuminate\Support\mb_split() {"exception":"[object] (Error(code: 0): Call to undefined function Illuminate\\Support\\mb_split() at D:/Fork/hypnotoad/backend/vendor/laravel/framework/src/Illuminate/Support/Str.php:1722)
[stacktrace]
#0 D:/Fork/hypnotoad/backend/vendor/laravel/framework/src/Illuminate/Support/Manager.php(98): Illuminate/Support/Str::studly()
#1 D:/Fork/hypnotoad/backend/vendor/laravel/framework/src/Illuminate/Support/Manager.php(78): Illuminate/Support/Manager->createDriver()
#2 D:/Fork/hypnotoad/backend/vendor/laravel/framework/src/Illuminate/Session/SessionServiceProvider.php(52): Illuminate/Support/Manager->driver()
#3 D:/Fork/hypnotoad/backend/vendor/laravel/framework/src/Illuminate/Container/Container.php(1115): Illuminate/Session/SessionServiceProvider->{closure:Illuminate/Session/SessionServiceProvider::registerSessionDriver():48}()
#4 D:/Fork/hypnotoad/backend/vendor/laravel/framework/src/Illuminate/Container/Container.php(933): Illuminate/Container/Container->build()
#5 D:/Fork/hypnotoad/backend/vendor/laravel/framework/src/Illuminate/Foundation/Application.php(1078): Illuminate/Container/Container->resolve()
#6 D:/Fork/hypnotoad/backend/vendor/laravel/framework/src/Illuminate/Container/Container.php(864): Illuminate/Foundation/Application->resolve()
#7 D:/Fork/hypnotoad/backend/vendor/laravel/framework/src/Illuminate/Foundation/Application.php(1058): Illuminate/Container/Container->make()
#8 D:/Fork/hypnotoad/backend/vendor/laravel/framework/src/Illuminate/Container/Container.php(1805): Illuminate/Foundation/Application->make()
#9 D:/Fork/hypnotoad/backend/vendor/laravel/framework/src/Illuminate/Routing/RoutingServiceProvider.php(121): Illuminate/Container/Container->offsetGet()
#10 D:/Fork/hypnotoad/backend/vendor/laravel/framework/src/Illuminate/Container/Container.php(1115): Illuminate/Routing/RoutingServiceProvider->{closure:Illuminate/Routing/RoutingServiceProvider::registerRedirector():114}()
#11 D:/Fork/hypnotoad/backend/vendor/laravel/framework/src/Illuminate/Container/Container.php(933): Illuminate/Container/Container->build()
#12 D:/Fork/hypnotoad/backend/vendor/laravel/framework/src/Illuminate/Foundation/Application.php(1078): Illuminate/Container/Container->resolve()
#13 D:/Fork/hypnotoad/backend/vendor/laravel/framework/src/Illuminate/Container/Container.php(864): Illuminate/Foundation/Application->resolve()
#14 D:/Fork/hypnotoad/backend/vendor/laravel/framework/src/Illuminate/Foundation/Application.php(1058): Illuminate/Container/Container->make()
#15 D:/Fork/hypnotoad/backend/vendor/laravel/framework/src/Illuminate/Container/Container.php(1805): Illuminate/Foundation/Application->make()
#16 D:/Fork/hypnotoad/backend/vendor/laravel/framework/src/Illuminate/Routing/RoutingServiceProvider.php(177): Illuminate/Container/Container->offsetGet()
#17 D:/Fork/hypnotoad/backend/vendor/laravel/framework/src/Illuminate/Container/Container.php(1115): Illuminate/Routing/RoutingServiceProvider->{closure:Illuminate/Routing/RoutingServiceProvider::registerResponseFactory():176}()
#18 D:/Fork/hypnotoad/backend/vendor/laravel/framework/src/Illuminate/Container/Container.php(933): Illuminate/Container/Container->build()
#19 D:/Fork/hypnotoad/backend/vendor/laravel/framework/src/Illuminate/Foundation/Application.php(1078): Illuminate/Container/Container->resolve()
#20 D:/Fork/hypnotoad/backend/vendor/laravel/framework/src/Illuminate/Container/Container.php(864): Illuminate/Foundation/Application->resolve()
#21 D:/Fork/hypnotoad/backend/vendor/laravel/framework/src/Illuminate/Foundation/Application.php(1058): Illuminate/Container/Container->make()
#22 D:/Fork/hypnotoad/backend/vendor/laravel/framework/src/Illuminate/Foundation/helpers.php(138): Illuminate/Foundation/Application->make()
#23 D:/Fork/hypnotoad/backend/vendor/laravel/framework/src/Illuminate/Foundation/helpers.php(850): app()
#24 D:/Fork/hypnotoad/backend/vendor/laravel/framework/src/Illuminate/Foundation/Exceptions/Handler.php(987): response()
#25 D:/Fork/hypnotoad/backend/vendor/laravel/framework/src/Illuminate/Foundation/Exceptions/Handler.php(839): Illuminate/Foundation/Exceptions/Handler->toIlluminateResponse()
#26 D:/Fork/hypnotoad/backend/vendor/laravel/framework/src/Illuminate/Foundation/Exceptions/Handler.php(738): Illuminate/Foundation/Exceptions/Handler->prepareResponse()
#27 D:/Fork/hypnotoad/backend/vendor/laravel/framework/src/Illuminate/Foundation/Exceptions/Handler.php(626): Illuminate/Foundation/Exceptions/Handler->renderExceptionResponse()
#28 D:/Fork/hypnotoad/backend/vendor/laravel/framework/src/Illuminate/Routing/Pipeline.php(51): Illuminate/Foundation/Exceptions/Handler->render()
#29 D:/Fork/hypnotoad/backend/vendor/laravel/framework/src/Illuminate/Pipeline/Pipeline.php(224): Illuminate/Routing/Pipeline->handleException()
#30 D:/Fork/hypnotoad/backend/vendor/laravel/framework/src/Illuminate/Http/Middleware/HandleCors.php(74): Illuminate/Pipeline/Pipeline->{closure:{closure:Illuminate/Pipeline/Pipeline::carry():194}:195}()
#31 D:/Fork/hypnotoad/backend/vendor/laravel/framework/src/Illuminate/Pipeline/Pipeline.php(219): Illuminate/Http/Middleware/HandleCors->handle()
#32 D:/Fork/hypnotoad/backend/vendor/laravel/framework/src/Illuminate/Http/Middleware/TrustProxies.php(58): Illuminate/Pipeline/Pipeline->{closure:{closure:Illuminate/Pipeline/Pipeline::carry():194}:195}()
#33 D:/Fork/hypnotoad/backend/vendor/laravel/framework/src/Illuminate/Pipeline/Pipeline.php(219): Illuminate/Http/Middleware/TrustProxies->handle()
#34 D:/Fork/hypnotoad/backend/vendor/laravel/framework/src/Illuminate/Foundation/Http/Middleware/InvokeDeferredCallbacks.php(22): Illuminate/Pipeline/Pipeline->{closure:{closure:Illuminate/Pipeline/Pipeline::carry():194}:195}()
#35 D:/Fork/hypnotoad/backend/vendor/laravel/framework/src/Illuminate/Pipeline/Pipeline.php(219): Illuminate/Foundation/Http/Middleware/InvokeDeferredCallbacks->handle()
#36 D:/Fork/hypnotoad/backend/vendor/laravel/framework/src/Illuminate/Http/Middleware/ValidatePathEncoding.php(26): Illuminate/Pipeline/Pipeline->{closure:{closure:Illuminate/Pipeline/Pipeline::carry():194}:195}()
#37 D:/Fork/hypnotoad/backend/vendor/laravel/framework/src/Illuminate/Pipeline/Pipeline.php(219): Illuminate/Http/Middleware/ValidatePathEncoding->handle()
#38 D:/Fork/hypnotoad/backend/vendor/laravel/framework/src/Illuminate/Pipeline/Pipeline.php(137): Illuminate/Pipeline/Pipeline->{closure:{closure:Illuminate/Pipeline/Pipeline::carry():194}:195}()
#39 D:/Fork/hypnotoad/backend/vendor/laravel/framework/src/Illuminate/Foundation/Http/Kernel.php(175): Illuminate/Pipeline/Pipeline->then()
#40 D:/Fork/hypnotoad/backend/vendor/laravel/framework/src/Illuminate/Foundation/Http/Kernel.php(144): Illuminate/Foundation/Http/Kernel->sendRequestThroughRouter()
#41 D:/Fork/hypnotoad/backend/public/index.php(16): Illuminate/Foundation/Http/Kernel->handle()
#42 D:/Fork/hypnotoad/backend/vendor/laravel/framework/src/Illuminate/Foundation/resources/server.php(23): require_once('...')
#43 {main}
"} 
[2026-09-28 20:25:33] local.ERROR: Call to undefined function Illuminate\Support\mb_split() {"exception":"[object] (Error(code: 0): Call to undefined function Illuminate\\Support\\mb_split() at D:/Fork/hypnotoad/backend/vendor/laravel/framework/src/Illuminate/Support/Str.php:1722)
[stacktrace]
#0 D:/Fork/hypnotoad/backend/vendor/laravel/framework/src/Illuminate/Support/Manager.php(98): Illuminate/Support/Str::studly()
#1 D:/Fork/hypnotoad/backend/vendor/laravel/framework/src/Illuminate/Support/Manager.php(78): Illuminate/Support/Manager->createDriver()
#2 D:/Fork/hypnotoad/backend/vendor/laravel/framework/src/Illuminate/Session/SessionServiceProvider.php(52): Illuminate/Support/Manager->driver()
#3 D:/Fork/hypnotoad/backend/vendor/laravel/framework/src/Illuminate/Container/Container.php(1115): Illuminate/Session/SessionServiceProvider->{closure:Illuminate/Session/SessionServiceProvider::registerSessionDriver():48}()
#4 D:/Fork/hypnotoad/backend/vendor/laravel/framework/src/Illuminate/Container/Container.php(933): Illuminate/Container/Container->build()
#5 D:/Fork/hypnotoad/backend/vendor/laravel/framework/src/Illuminate/Foundation/Application.php(1078): Illuminate/Container/Container->resolve()
#6 D:/Fork/hypnotoad/backend/vendor/laravel/framework/src/Illuminate/Container/Container.php(864): Illuminate/Foundation/Application->resolve()
#7 D:/Fork/hypnotoad/backend/vendor/laravel/framework/src/Illuminate/Foundation/Application.php(1058): Illuminate/Container/Container->make()
#8 D:/Fork/hypnotoad/backend/vendor/laravel/framework/src/Illuminate/Container/Container.php(1805): Illuminate/Foundation/Application->make()
#9 D:/Fork/hypnotoad/backend/vendor/laravel/framework/src/Illuminate/Routing/RoutingServiceProvider.php(121): Illuminate/Container/Container->offsetGet()
#10 D:/Fork/hypnotoad/backend/vendor/laravel/framework/src/Illuminate/Container/Container.php(1115): Illuminate/Routing/RoutingServiceProvider->{closure:Illuminate/Routing/RoutingServiceProvider::registerRedirector():114}()
#11 D:/Fork/hypnotoad/backend/vendor/laravel/framework/src/Illuminate/Container/Container.php(933): Illuminate/Container/Container->build()
#12 D:/Fork/hypnotoad/backend/vendor/laravel/framework/src/Illuminate/Foundation/Application.php(1078): Illuminate/Container/Container->resolve()
#13 D:/Fork/hypnotoad/backend/vendor/laravel/framework/src/Illuminate/Container/Container.php(864): Illuminate/Foundation/Application->resolve()
#14 D:/Fork/hypnotoad/backend/vendor/laravel/framework/src/Illuminate/Foundation/Application.php(1058): Illuminate/Container/Container->make()
#15 D:/Fork/hypnotoad/backend/vendor/laravel/framework/src/Illuminate/Container/Container.php(1805): Illuminate/Foundation/Application->make()
#16 D:/Fork/hypnotoad/backend/vendor/laravel/framework/src/Illuminate/Routing/RoutingServiceProvider.php(177): Illuminate/Container/Container->offsetGet()
#17 D:/Fork/hypnotoad/backend/vendor/laravel/framework/src/Illuminate/Container/Container.php(1115): Illuminate/Routing/RoutingServiceProvider->{closure:Illuminate/Routing/RoutingServiceProvider::registerResponseFactory():176}()
#18 D:/Fork/hypnotoad/backend/vendor/laravel/framework/src/Illuminate/Container/Container.php(933): Illuminate/Container/Container->build()
#19 D:/Fork/hypnotoad/backend/vendor/laravel/framework/src/Illuminate/Foundation/Application.php(1078): Illuminate/Container/Container->resolve()
#20 D:/Fork/hypnotoad/backend/vendor/laravel/framework/src/Illuminate/Container/Container.php(864): Illuminate/Foundation/Application->resolve()
#21 D:/Fork/hypnotoad/backend/vendor/laravel/framework/src/Illuminate/Foundation/Application.php(1058): Illuminate/Container/Container->make()
#22 D:/Fork/hypnotoad/backend/vendor/laravel/framework/src/Illuminate/Foundation/helpers.php(138): Illuminate/Foundation/Application->make()
#23 D:/Fork/hypnotoad/backend/vendor/laravel/framework/src/Illuminate/Foundation/helpers.php(850): app()
#24 D:/Fork/hypnotoad/backend/vendor/laravel/framework/src/Illuminate/Foundation/Exceptions/Handler.php(987): response()
#25 D:/Fork/hypnotoad/backend/vendor/laravel/framework/src/Illuminate/Foundation/Exceptions/Handler.php(839): Illuminate/Foundation/Exceptions/Handler->toIlluminateResponse()
#26 D:/Fork/hypnotoad/backend/vendor/laravel/framework/src/Illuminate/Foundation/Exceptions/Handler.php(738): Illuminate/Foundation/Exceptions/Handler->prepareResponse()
#27 D:/Fork/hypnotoad/backend/vendor/laravel/framework/src/Illuminate/Foundation/Exceptions/Handler.php(626): Illuminate/Foundation/Exceptions/Handler->renderExceptionResponse()
#28 D:/Fork/hypnotoad/backend/vendor/laravel/framework/src/Illuminate/Routing/Pipeline.php(51): Illuminate/Foundation/Exceptions/Handler->render()
#29 D:/Fork/hypnotoad/backend/vendor/laravel/framework/src/Illuminate/Pipeline/Pipeline.php(224): Illuminate/Routing/Pipeline->handleException()
#30 D:/Fork/hypnotoad/backend/vendor/laravel/framework/src/Illuminate/Http/Middleware/TrustProxies.php(58): Illuminate/Pipeline/Pipeline->{closure:{closure:Illuminate/Pipeline/Pipeline::carry():194}:195}()
#31 D:/Fork/hypnotoad/backend/vendor/laravel/framework/src/Illuminate/Pipeline/Pipeline.php(219): Illuminate/Http/Middleware/TrustProxies->handle()
#32 D:/Fork/hypnotoad/backend/vendor/laravel/framework/src/Illuminate/Foundation/Http/Middleware/InvokeDeferredCallbacks.php(22): Illuminate/Pipeline/Pipeline->{closure:{closure:Illuminate/Pipeline/Pipeline::carry():194}:195}()
#33 D:/Fork/hypnotoad/backend/vendor/laravel/framework/src/Illuminate/Pipeline/Pipeline.php(219): Illuminate/Foundation/Http/Middleware/InvokeDeferredCallbacks->handle()
#34 D:/Fork/hypnotoad/backend/vendor/laravel/framework/src/Illuminate/Http/Middleware/ValidatePathEncoding.php(26): Illuminate/Pipeline/Pipeline->{closure:{closure:Illuminate/Pipeline/Pipeline::carry():194}:195}()
#35 D:/Fork/hypnotoad/backend/vendor/laravel/framework/src/Illuminate/Pipeline/Pipeline.php(219): Illuminate/Http/Middleware/ValidatePathEncoding->handle()
#36 D:/Fork/hypnotoad/backend/vendor/laravel/framework/src/Illuminate/Pipeline/Pipeline.php(137): Illuminate/Pipeline/Pipeline->{closure:{closure:Illuminate/Pipeline/Pipeline::carry():194}:195}()
#37 D:/Fork/hypnotoad/backend/vendor/laravel/framework/src/Illuminate/Foundation/Http/Kernel.php(175): Illuminate/Pipeline/Pipeline->then()
#38 D:/Fork/hypnotoad/backend/vendor/laravel/framework/src/Illuminate/Foundation/Http/Kernel.php(144): Illuminate/Foundation/Http/Kernel->sendRequestThroughRouter()
#39 D:/Fork/hypnotoad/backend/public/index.php(16): Illuminate/Foundation/Http/Kernel->handle()
#40 D:/Fork/hypnotoad/backend/vendor/laravel/framework/src/Illuminate/Foundation/resources/server.php(23): require_once('...')
#41 {main}
"} 
[2026-09-28 20:25:33] local.ERROR: Call to undefined function Illuminate\Support\mb_split() {"exception":"[object] (Error(code: 0): Call to undefined function Illuminate\\Support\\mb_split() at D:/Fork/hypnotoad/backend/vendor/laravel/framework/src/Illuminate/Support/Str.php:1722)
[stacktrace]
#0 D:/Fork/hypnotoad/backend/vendor/laravel/framework/src/Illuminate/Support/Manager.php(98): Illuminate/Support/Str::studly()
#1 D:/Fork/hypnotoad/backend/vendor/laravel/framework/src/Illuminate/Support/Manager.php(78): Illuminate/Support/Manager->createDriver()
#2 D:/Fork/hypnotoad/backend/vendor/laravel/framework/src/Illuminate/Session/SessionServiceProvider.php(52): Illuminate/Support/Manager->driver()
#3 D:/Fork/hypnotoad/backend/vendor/laravel/framework/src/Illuminate/Container/Container.php(1115): Illuminate/Session/SessionServiceProvider->{closure:Illuminate/Session/SessionServiceProvider::registerSessionDriver():48}()
#4 D:/Fork/hypnotoad/backend/vendor/laravel/framework/src/Illuminate/Container/Container.php(933): Illuminate/Container/Container->build()
#5 D:/Fork/hypnotoad/backend/vendor/laravel/framework/src/Illuminate/Foundation/Application.php(1078): Illuminate/Container/Container->resolve()
#6 D:/Fork/hypnotoad/backend/vendor/laravel/framework/src/Illuminate/Container/Container.php(864): Illuminate/Foundation/Application->resolve()
#7 D:/Fork/hypnotoad/backend/vendor/laravel/framework/src/Illuminate/Foundation/Application.php(1058): Illuminate/Container/Container->make()
#8 D:/Fork/hypnotoad/backend/vendor/laravel/framework/src/Illuminate/Container/Container.php(1805): Illuminate/Foundation/Application->make()
#9 D:/Fork/hypnotoad/backend/vendor/laravel/framework/src/Illuminate/Routing/RoutingServiceProvider.php(121): Illuminate/Container/Container->offsetGet()
#10 D:/Fork/hypnotoad/backend/vendor/laravel/framework/src/Illuminate/Container/Container.php(1115): Illuminate/Routing/RoutingServiceProvider->{closure:Illuminate/Routing/RoutingServiceProvider::registerRedirector():114}()
#11 D:/Fork/hypnotoad/backend/vendor/laravel/framework/src/Illuminate/Container/Container.php(933): Illuminate/Container/Container->build()
#12 D:/Fork/hypnotoad/backend/vendor/laravel/framework/src/Illuminate/Foundation/Application.php(1078): Illuminate/Container/Container->resolve()
#13 D:/Fork/hypnotoad/backend/vendor/laravel/framework/src/Illuminate/Container/Container.php(864): Illuminate/Foundation/Application->resolve()
#14 D:/Fork/hypnotoad/backend/vendor/laravel/framework/src/Illuminate/Foundation/Application.php(1058): Illuminate/Container/Container->make()
#15 D:/Fork/hypnotoad/backend/vendor/laravel/framework/src/Illuminate/Container/Container.php(1805): Illuminate/Foundation/Application->make()
#16 D:/Fork/hypnotoad/backend/vendor/laravel/framework/src/Illuminate/Routing/RoutingServiceProvider.php(177): Illuminate/Container/Container->offsetGet()
#17 D:/Fork/hypnotoad/backend/vendor/laravel/framework/src/Illuminate/Container/Container.php(1115): Illuminate/Routing/RoutingServiceProvider->{closure:Illuminate/Routing/RoutingServiceProvider::registerResponseFactory():176}()
#18 D:/Fork/hypnotoad/backend/vendor/laravel/framework/src/Illuminate/Container/Container.php(933): Illuminate/Container/Container->build()
#19 D:/Fork/hypnotoad/backend/vendor/laravel/framework/src/Illuminate/Foundation/Application.php(1078): Illuminate/Container/Container->resolve()
#20 D:/Fork/hypnotoad/backend/vendor/laravel/framework/src/Illuminate/Container/Container.php(864): Illuminate/Foundation/Application->resolve()
#21 D:/Fork/hypnotoad/backend/vendor/laravel/framework/src/Illuminate/Foundation/Application.php(1058): Illuminate/Container/Container->make()
#22 D:/Fork/hypnotoad/backend/vendor/laravel/framework/src/Illuminate/Foundation/helpers.php(138): Illuminate/Foundation/Application->make()
#23 D:/Fork/hypnotoad/backend/vendor/laravel/framework/src/Illuminate/Foundation/helpers.php(850): app()
#24 D:/Fork/hypnotoad/backend/vendor/laravel/framework/src/Illuminate/Foundation/Exceptions/Handler.php(987): response()
#25 D:/Fork/hypnotoad/backend/vendor/laravel/framework/src/Illuminate/Foundation/Exceptions/Handler.php(839): Illuminate/Foundation/Exceptions/Handler->toIlluminateResponse()
#26 D:/Fork/hypnotoad/backend/vendor/laravel/framework/src/Illuminate/Foundation/Exceptions/Handler.php(738): Illuminate/Foundation/Exceptions/Handler->prepareResponse()
#27 D:/Fork/hypnotoad/backend/vendor/laravel/framework/src/Illuminate/Foundation/Exceptions/Handler.php(626): Illuminate/Foundation/Exceptions/Handler->renderExceptionResponse()
#28 D:/Fork/hypnotoad/backend/vendor/laravel/framework/src/Illuminate/Routing/Pipeline.php(51): Illuminate/Foundation/Exceptions/Handler->render()
#29 D:/Fork/hypnotoad/backend/vendor/laravel/framework/src/Illuminate/Pipeline/Pipeline.php(224): Illuminate/Routing/Pipeline->handleException()
#30 D:/Fork/hypnotoad/backend/vendor/laravel/framework/src/Illuminate/Foundation/Http/Middleware/InvokeDeferredCallbacks.php(22): Illuminate/Pipeline/Pipeline->{closure:{closure:Illuminate/Pipeline/Pipeline::carry():194}:195}()
#31 D:/Fork/hypnotoad/backend/vendor/laravel/framework/src/Illuminate/Pipeline/Pipeline.php(219): Illuminate/Foundation/Http/Middleware/InvokeDeferredCallbacks->handle()
#32 D:/Fork/hypnotoad/backend/vendor/laravel/framework/src/Illuminate/Http/Middleware/ValidatePathEncoding.php(26): Illuminate/Pipeline/Pipeline->{closure:{closure:Illuminate/Pipeline/Pipeline::carry():194}:195}()
#33 D:/Fork/hypnotoad/backend/vendor/laravel/framework/src/Illuminate/Pipeline/Pipeline.php(219): Illuminate/Http/Middleware/ValidatePathEncoding->handle()
#34 D:/Fork/hypnotoad/backend/vendor/laravel/framework/src/Illuminate/Pipeline/Pipeline.php(137): Illuminate/Pipeline/Pipeline->{closure:{closure:Illuminate/Pipeline/Pipeline::carry():194}:195}()
#35 D:/Fork/hypnotoad/backend/vendor/laravel/framework/src/Illuminate/Foundation/Http/Kernel.php(175): Illuminate/Pipeline/Pipeline->then()
#36 D:/Fork/hypnotoad/backend/vendor/laravel/framework/src/Illuminate/Foundation/Http/Kernel.php(144): Illuminate/Foundation/Http/Kernel->sendRequestThroughRouter()
#37 D:/Fork/hypnotoad/backend/public/index.php(16): Illuminate/Foundation/Http/Kernel->handle()
#38 D:/Fork/hypnotoad/backend/vendor/laravel/framework/src/Illuminate/Foundation/resources/server.php(23): require_once('...')
#39 {main}
"} 
[2026-09-28 20:25:33] local.ERROR: Call to undefined function Illuminate\Support\mb_split() {"exception":"[object] (Error(code: 0): Call to undefined function Illuminate\\Support\\mb_split() at D:/Fork/hypnotoad/backend/vendor/laravel/framework/src/Illuminate/Support/Str.php:1722)
[stacktrace]
#0 D:/Fork/hypnotoad/backend/vendor/laravel/framework/src/Illuminate/Support/Manager.php(98): Illuminate/Support/Str::studly()
#1 D:/Fork/hypnotoad/backend/vendor/laravel/framework/src/Illuminate/Support/Manager.php(78): Illuminate/Support/Manager->createDriver()
#2 D:/Fork/hypnotoad/backend/vendor/laravel/framework/src/Illuminate/Session/SessionServiceProvider.php(52): Illuminate/Support/Manager->driver()
#3 D:/Fork/hypnotoad/backend/vendor/laravel/framework/src/Illuminate/Container/Container.php(1115): Illuminate/Session/SessionServiceProvider->{closure:Illuminate/Session/SessionServiceProvider::registerSessionDriver():48}()
#4 D:/Fork/hypnotoad/backend/vendor/laravel/framework/src/Illuminate/Container/Container.php(933): Illuminate/Container/Container->build()
#5 D:/Fork/hypnotoad/backend/vendor/laravel/framework/src/Illuminate/Foundation/Application.php(1078): Illuminate/Container/Container->resolve()
#6 D:/Fork/hypnotoad/backend/vendor/laravel/framework/src/Illuminate/Container/Container.php(864): Illuminate/Foundation/Application->resolve()
#7 D:/Fork/hypnotoad/backend/vendor/laravel/framework/src/Illuminate/Foundation/Application.php(1058): Illuminate/Container/Container->make()
#8 D:/Fork/hypnotoad/backend/vendor/laravel/framework/src/Illuminate/Container/Container.php(1805): Illuminate/Foundation/Application->make()
#9 D:/Fork/hypnotoad/backend/vendor/laravel/framework/src/Illuminate/Routing/RoutingServiceProvider.php(121): Illuminate/Container/Container->offsetGet()
#10 D:/Fork/hypnotoad/backend/vendor/laravel/framework/src/Illuminate/Container/Container.php(1115): Illuminate/Routing/RoutingServiceProvider->{closure:Illuminate/Routing/RoutingServiceProvider::registerRedirector():114}()
#11 D:/Fork/hypnotoad/backend/vendor/laravel/framework/src/Illuminate/Container/Container.php(933): Illuminate/Container/Container->build()
#12 D:/Fork/hypnotoad/backend/vendor/laravel/framework/src/Illuminate/Foundation/Application.php(1078): Illuminate/Container/Container->resolve()
#13 D:/Fork/hypnotoad/backend/vendor/laravel/framework/src/Illuminate/Container/Container.php(864): Illuminate/Foundation/Application->resolve()
#14 D:/Fork/hypnotoad/backend/vendor/laravel/framework/src/Illuminate/Foundation/Application.php(1058): Illuminate/Container/Container->make()
#15 D:/Fork/hypnotoad/backend/vendor/laravel/framework/src/Illuminate/Container/Container.php(1805): Illuminate/Foundation/Application->make()
#16 D:/Fork/hypnotoad/backend/vendor/laravel/framework/src/Illuminate/Routing/RoutingServiceProvider.php(177): Illuminate/Container/Container->offsetGet()
#17 D:/Fork/hypnotoad/backend/vendor/laravel/framework/src/Illuminate/Container/Container.php(1115): Illuminate/Routing/RoutingServiceProvider->{closure:Illuminate/Routing/RoutingServiceProvider::registerResponseFactory():176}()
#18 D:/Fork/hypnotoad/backend/vendor/laravel/framework/src/Illuminate/Container/Container.php(933): Illuminate/Container/Container->build()
#19 D:/Fork/hypnotoad/backend/vendor/laravel/framework/src/Illuminate/Foundation/Application.php(1078): Illuminate/Container/Container->resolve()
#20 D:/Fork/hypnotoad/backend/vendor/laravel/framework/src/Illuminate/Container/Container.php(864): Illuminate/Foundation/Application->resolve()
#21 D:/Fork/hypnotoad/backend/vendor/laravel/framework/src/Illuminate/Foundation/Application.php(1058): Illuminate/Container/Container->make()
#22 D:/Fork/hypnotoad/backend/vendor/laravel/framework/src/Illuminate/Foundation/helpers.php(138): Illuminate/Foundation/Application->make()
#23 D:/Fork/hypnotoad/backend/vendor/laravel/framework/src/Illuminate/Foundation/helpers.php(850): app()
#24 D:/Fork/hypnotoad/backend/vendor/laravel/framework/src/Illuminate/Foundation/Exceptions/Handler.php(987): response()
#25 D:/Fork/hypnotoad/backend/vendor/laravel/framework/src/Illuminate/Foundation/Exceptions/Handler.php(839): Illuminate/Foundation/Exceptions/Handler->toIlluminateResponse()
#26 D:/Fork/hypnotoad/backend/vendor/laravel/framework/src/Illuminate/Foundation/Exceptions/Handler.php(738): Illuminate/Foundation/Exceptions/Handler->prepareResponse()
#27 D:/Fork/hypnotoad/backend/vendor/laravel/framework/src/Illuminate/Foundation/Exceptions/Handler.php(626): Illuminate/Foundation/Exceptions/Handler->renderExceptionResponse()
#28 D:/Fork/hypnotoad/backend/vendor/laravel/framework/src/Illuminate/Routing/Pipeline.php(51): Illuminate/Foundation/Exceptions/Handler->render()
#29 D:/Fork/hypnotoad/backend/vendor/laravel/framework/src/Illuminate/Pipeline/Pipeline.php(224): Illuminate/Routing/Pipeline->handleException()
#30 D:/Fork/hypnotoad/backend/vendor/laravel/framework/src/Illuminate/Http/Middleware/ValidatePathEncoding.php(26): Illuminate/Pipeline/Pipeline->{closure:{closure:Illuminate/Pipeline/Pipeline::carry():194}:195}()
#31 D:/Fork/hypnotoad/backend/vendor/laravel/framework/src/Illuminate/Pipeline/Pipeline.php(219): Illuminate/Http/Middleware/ValidatePathEncoding->handle()
#32 D:/Fork/hypnotoad/backend/vendor/laravel/framework/src/Illuminate/Pipeline/Pipeline.php(137): Illuminate/Pipeline/Pipeline->{closure:{closure:Illuminate/Pipeline/Pipeline::carry():194}:195}()
#33 D:/Fork/hypnotoad/backend/vendor/laravel/framework/src/Illuminate/Foundation/Http/Kernel.php(175): Illuminate/Pipeline/Pipeline->then()
#34 D:/Fork/hypnotoad/backend/vendor/laravel/framework/src/Illuminate/Foundation/Http/Kernel.php(144): Illuminate/Foundation/Http/Kernel->sendRequestThroughRouter()
#35 D:/Fork/hypnotoad/backend/public/index.php(16): Illuminate/Foundation/Http/Kernel->handle()
#36 D:/Fork/hypnotoad/backend/vendor/laravel/framework/src/Illuminate/Foundation/resources/server.php(23): require_once('...')
#37 {main}
"} 
[2026-09-28 20:25:33] local.ERROR: Call to undefined function Illuminate\Support\mb_split() {"exception":"[object] (Error(code: 0): Call to undefined function Illuminate\\Support\\mb_split() at D:/Fork/hypnotoad/backend/vendor/laravel/framework/src/Illuminate/Support/Str.php:1722)
[stacktrace]
#0 D:/Fork/hypnotoad/backend/vendor/laravel/framework/src/Illuminate/Support/Manager.php(98): Illuminate/Support/Str::studly()
#1 D:/Fork/hypnotoad/backend/vendor/laravel/framework/src/Illuminate/Support/Manager.php(78): Illuminate/Support/Manager->createDriver()
#2 D:/Fork/hypnotoad/backend/vendor/laravel/framework/src/Illuminate/Session/SessionServiceProvider.php(52): Illuminate/Support/Manager->driver()
#3 D:/Fork/hypnotoad/backend/vendor/laravel/framework/src/Illuminate/Container/Container.php(1115): Illuminate/Session/SessionServiceProvider->{closure:Illuminate/Session/SessionServiceProvider::registerSessionDriver():48}()
#4 D:/Fork/hypnotoad/backend/vendor/laravel/framework/src/Illuminate/Container/Container.php(933): Illuminate/Container/Container->build()
#5 D:/Fork/hypnotoad/backend/vendor/laravel/framework/src/Illuminate/Foundation/Application.php(1078): Illuminate/Container/Container->resolve()
#6 D:/Fork/hypnotoad/backend/vendor/laravel/framework/src/Illuminate/Container/Container.php(864): Illuminate/Foundation/Application->resolve()
#7 D:/Fork/hypnotoad/backend/vendor/laravel/framework/src/Illuminate/Foundation/Application.php(1058): Illuminate/Container/Container->make()
#8 D:/Fork/hypnotoad/backend/vendor/laravel/framework/src/Illuminate/Container/Container.php(1805): Illuminate/Foundation/Application->make()
#9 D:/Fork/hypnotoad/backend/vendor/laravel/framework/src/Illuminate/Routing/RoutingServiceProvider.php(121): Illuminate/Container/Container->offsetGet()
#10 D:/Fork/hypnotoad/backend/vendor/laravel/framework/src/Illuminate/Container/Container.php(1115): Illuminate/Routing/RoutingServiceProvider->{closure:Illuminate/Routing/RoutingServiceProvider::registerRedirector():114}()
#11 D:/Fork/hypnotoad/backend/vendor/laravel/framework/src/Illuminate/Container/Container.php(933): Illuminate/Container/Container->build()
#12 D:/Fork/hypnotoad/backend/vendor/laravel/framework/src/Illuminate/Foundation/Application.php(1078): Illuminate/Container/Container->resolve()
#13 D:/Fork/hypnotoad/backend/vendor/laravel/framework/src/Illuminate/Container/Container.php(864): Illuminate/Foundation/Application->resolve()
#14 D:/Fork/hypnotoad/backend/vendor/laravel/framework/src/Illuminate/Foundation/Application.php(1058): Illuminate/Container/Container->make()
#15 D:/Fork/hypnotoad/backend/vendor/laravel/framework/src/Illuminate/Container/Container.php(1805): Illuminate/Foundation/Application->make()
#16 D:/Fork/hypnotoad/backend/vendor/laravel/framework/src/Illuminate/Routing/RoutingServiceProvider.php(177): Illuminate/Container/Container->offsetGet()
#17 D:/Fork/hypnotoad/backend/vendor/laravel/framework/src/Illuminate/Container/Container.php(1115): Illuminate/Routing/RoutingServiceProvider->{closure:Illuminate/Routing/RoutingServiceProvider::registerResponseFactory():176}()
#18 D:/Fork/hypnotoad/backend/vendor/laravel/framework/src/Illuminate/Container/Container.php(933): Illuminate/Container/Container->build()
#19 D:/Fork/hypnotoad/backend/vendor/laravel/framework/src/Illuminate/Foundation/Application.php(1078): Illuminate/Container/Container->resolve()
#20 D:/Fork/hypnotoad/backend/vendor/laravel/framework/src/Illuminate/Container/Container.php(864): Illuminate/Foundation/Application->resolve()
#21 D:/Fork/hypnotoad/backend/vendor/laravel/framework/src/Illuminate/Foundation/Application.php(1058): Illuminate/Container/Container->make()
#22 D:/Fork/hypnotoad/backend/vendor/laravel/framework/src/Illuminate/Foundation/helpers.php(138): Illuminate/Foundation/Application->make()
#23 D:/Fork/hypnotoad/backend/vendor/laravel/framework/src/Illuminate/Foundation/helpers.php(850): app()
#24 D:/Fork/hypnotoad/backend/vendor/laravel/framework/src/Illuminate/Foundation/Exceptions/Handler.php(987): response()
#25 D:/Fork/hypnotoad/backend/vendor/laravel/framework/src/Illuminate/Foundation/Exceptions/Handler.php(839): Illuminate/Foundation/Exceptions/Handler->toIlluminateResponse()
#26 D:/Fork/hypnotoad/backend/vendor/laravel/framework/src/Illuminate/Foundation/Exceptions/Handler.php(738): Illuminate/Foundation/Exceptions/Handler->prepareResponse()
#27 D:/Fork/hypnotoad/backend/vendor/laravel/framework/src/Illuminate/Foundation/Exceptions/Handler.php(626): Illuminate/Foundation/Exceptions/Handler->renderExceptionResponse()
#28 D:/Fork/hypnotoad/backend/vendor/laravel/framework/src/Illuminate/Routing/Pipeline.php(51): Illuminate/Foundation/Exceptions/Handler->render()
#29 D:/Fork/hypnotoad/backend/vendor/laravel/framework/src/Illuminate/Pipeline/Pipeline.php(224): Illuminate/Routing/Pipeline->handleException()
#30 D:/Fork/hypnotoad/backend/vendor/laravel/framework/src/Illuminate/Pipeline/Pipeline.php(137): Illuminate/Pipeline/Pipeline->{closure:{closure:Illuminate/Pipeline/Pipeline::carry():194}:195}()
#31 D:/Fork/hypnotoad/backend/vendor/laravel/framework/src/Illuminate/Foundation/Http/Kernel.php(175): Illuminate/Pipeline/Pipeline->then()
#32 D:/Fork/hypnotoad/backend/vendor/laravel/framework/src/Illuminate/Foundation/Http/Kernel.php(144): Illuminate/Foundation/Http/Kernel->sendRequestThroughRouter()
#33 D:/Fork/hypnotoad/backend/public/index.php(16): Illuminate/Foundation/Http/Kernel->handle()
#34 D:/Fork/hypnotoad/backend/vendor/laravel/framework/src/Illuminate/Foundation/resources/server.php(23): require_once('...')
#35 {main}
"} 
[2026-09-28 20:25:33] local.ERROR: Call to undefined function Illuminate\Support\mb_split() {"exception":"[object] (Error(code: 0): Call to undefined function Illuminate\\Support\\mb_split() at D:/Fork/hypnotoad/backend/vendor/laravel/framework/src/Illuminate/Support/Str.php:1722)
[stacktrace]
#0 D:/Fork/hypnotoad/backend/vendor/laravel/framework/src/Illuminate/Support/Manager.php(98): Illuminate/Support/Str::studly()
#1 D:/Fork/hypnotoad/backend/vendor/laravel/framework/src/Illuminate/Support/Manager.php(78): Illuminate/Support/Manager->createDriver()
#2 D:/Fork/hypnotoad/backend/vendor/laravel/framework/src/Illuminate/Session/SessionServiceProvider.php(52): Illuminate/Support/Manager->driver()
#3 D:/Fork/hypnotoad/backend/vendor/laravel/framework/src/Illuminate/Container/Container.php(1115): Illuminate/Session/SessionServiceProvider->{closure:Illuminate/Session/SessionServiceProvider::registerSessionDriver():48}()
#4 D:/Fork/hypnotoad/backend/vendor/laravel/framework/src/Illuminate/Container/Container.php(933): Illuminate/Container/Container->build()
#5 D:/Fork/hypnotoad/backend/vendor/laravel/framework/src/Illuminate/Foundation/Application.php(1078): Illuminate/Container/Container->resolve()
#6 D:/Fork/hypnotoad/backend/vendor/laravel/framework/src/Illuminate/Container/Container.php(864): Illuminate/Foundation/Application->resolve()
#7 D:/Fork/hypnotoad/backend/vendor/laravel/framework/src/Illuminate/Foundation/Application.php(1058): Illuminate/Container/Container->make()
#8 D:/Fork/hypnotoad/backend/vendor/laravel/framework/src/Illuminate/Container/Container.php(1805): Illuminate/Foundation/Application->make()
#9 D:/Fork/hypnotoad/backend/vendor/laravel/framework/src/Illuminate/Routing/RoutingServiceProvider.php(121): Illuminate/Container/Container->offsetGet()
#10 D:/Fork/hypnotoad/backend/vendor/laravel/framework/src/Illuminate/Container/Container.php(1115): Illuminate/Routing/RoutingServiceProvider->{closure:Illuminate/Routing/RoutingServiceProvider::registerRedirector():114}()
#11 D:/Fork/hypnotoad/backend/vendor/laravel/framework/src/Illuminate/Container/Container.php(933): Illuminate/Container/Container->build()
#12 D:/Fork/hypnotoad/backend/vendor/laravel/framework/src/Illuminate/Foundation/Application.php(1078): Illuminate/Container/Container->resolve()
#13 D:/Fork/hypnotoad/backend/vendor/laravel/framework/src/Illuminate/Container/Container.php(864): Illuminate/Foundation/Application->resolve()
#14 D:/Fork/hypnotoad/backend/vendor/laravel/framework/src/Illuminate/Foundation/Application.php(1058): Illuminate/Container/Container->make()
#15 D:/Fork/hypnotoad/backend/vendor/laravel/framework/src/Illuminate/Container/Container.php(1805): Illuminate/Foundation/Application->make()
#16 D:/Fork/hypnotoad/backend/vendor/laravel/framework/src/Illuminate/Routing/RoutingServiceProvider.php(177): Illuminate/Container/Container->offsetGet()
#17 D:/Fork/hypnotoad/backend/vendor/laravel/framework/src/Illuminate/Container/Container.php(1115): Illuminate/Routing/RoutingServiceProvider->{closure:Illuminate/Routing/RoutingServiceProvider::registerResponseFactory():176}()
#18 D:/Fork/hypnotoad/backend/vendor/laravel/framework/src/Illuminate/Container/Container.php(933): Illuminate/Container/Container->build()
#19 D:/Fork/hypnotoad/backend/vendor/laravel/framework/src/Illuminate/Foundation/Application.php(1078): Illuminate/Container/Container->resolve()
#20 D:/Fork/hypnotoad/backend/vendor/laravel/framework/src/Illuminate/Container/Container.php(864): Illuminate/Foundation/Application->resolve()
#21 D:/Fork/hypnotoad/backend/vendor/laravel/framework/src/Illuminate/Foundation/Application.php(1058): Illuminate/Container/Container->make()
#22 D:/Fork/hypnotoad/backend/vendor/laravel/framework/src/Illuminate/Foundation/helpers.php(138): Illuminate/Foundation/Application->make()
#23 D:/Fork/hypnotoad/backend/vendor/laravel/framework/src/Illuminate/Foundation/helpers.php(850): app()
#24 D:/Fork/hypnotoad/backend/vendor/laravel/framework/src/Illuminate/Foundation/Exceptions/Handler.php(987): response()
#25 D:/Fork/hypnotoad/backend/vendor/laravel/framework/src/Illuminate/Foundation/Exceptions/Handler.php(839): Illuminate/Foundation/Exceptions/Handler->toIlluminateResponse()
#26 D:/Fork/hypnotoad/backend/vendor/laravel/framework/src/Illuminate/Foundation/Exceptions/Handler.php(738): Illuminate/Foundation/Exceptions/Handler->prepareResponse()
#27 D:/Fork/hypnotoad/backend/vendor/laravel/framework/src/Illuminate/Foundation/Exceptions/Handler.php(626): Illuminate/Foundation/Exceptions/Handler->renderExceptionResponse()
#28 D:/Fork/hypnotoad/backend/vendor/laravel/framework/src/Illuminate/Foundation/Http/Kernel.php(574): Illuminate/Foundation/Exceptions/Handler->render()
#29 D:/Fork/hypnotoad/backend/vendor/laravel/framework/src/Illuminate/Foundation/Http/Kernel.php(148): Illuminate/Foundation/Http/Kernel->renderException()
#30 D:/Fork/hypnotoad/backend/public/index.php(16): Illuminate/Foundation/Http/Kernel->handle()
#31 D:/Fork/hypnotoad/backend/vendor/laravel/framework/src/Illuminate/Foundation/resources/server.php(23): require_once('...')
#32 {main}
"} 
[2026-09-28 20:25:34] local.ERROR: Uncaught Error: Call to undefined function Illuminate\Support\mb_split() in D:\Fork\hypnotoad\backend\vendor\laravel\framework\src\Illuminate\Support\Str.php:1722
Stack trace:
#0 D:\Fork\hypnotoad\backend\vendor\laravel\framework\src\Illuminate\Support\Manager.php(98): Illuminate\Support\Str::studly()
#1 D:\Fork\hypnotoad\backend\vendor\laravel\framework\src\Illuminate\Support\Manager.php(78): Illuminate\Support\Manager->createDriver()
#2 D:\Fork\hypnotoad\backend\vendor\laravel\framework\src\Illuminate\Session\SessionServiceProvider.php(52): Illuminate\Support\Manager->driver()
#3 D:\Fork\hypnotoad\backend\vendor\laravel\framework\src\Illuminate\Container\Container.php(1115): Illuminate\Session\SessionServiceProvider->{closure:Illuminate\Session\SessionServiceProvider::registerSessionDriver():48}()
#4 D:\Fork\hypnotoad\backend\vendor\laravel\framework\src\Illuminate\Container\Container.php(933): Illuminate\Container\Container->build()
#5 D:\Fork\hypnotoad\backend\vendor\laravel\framework\src\Illuminate\Foundation\Application.php(1078): Illuminate\Container\Container->resolve()
#6 D:\Fork\hypnotoad\backend\vendor\laravel\framework\src\Illuminate\Container\Container.php(864): Illuminate\Foundation\Application->resolve()
#7 D:\Fork\hypnotoad\backend\vendor\laravel\framework\src\Illuminate\Foundation\Application.php(1058): Illuminate\Container\Container->make()
#8 D:\Fork\hypnotoad\backend\vendor\laravel\framework\src\Illuminate\Container\Container.php(1805): Illuminate\Foundation\Application->make()
#9 D:\Fork\hypnotoad\backend\vendor\laravel\framework\src\Illuminate\Routing\RoutingServiceProvider.php(121): Illuminate\Container\Container->offsetGet()
#10 D:\Fork\hypnotoad\backend\vendor\laravel\framework\src\Illuminate\Container\Container.php(1115): Illuminate\Routing\RoutingServiceProvider->{closure:Illuminate\Routing\RoutingServiceProvider::registerRedirector():114}()
#11 D:\Fork\hypnotoad\backend\vendor\laravel\framework\src\Illuminate\Container\Container.php(933): Illuminate\Container\Container->build()
#12 D:\Fork\hypnotoad\backend\vendor\laravel\framework\src\Illuminate\Foundation\Application.php(1078): Illuminate\Container\Container->resolve()
#13 D:\Fork\hypnotoad\backend\vendor\laravel\framework\src\Illuminate\Container\Container.php(864): Illuminate\Foundation\Application->resolve()
#14 D:\Fork\hypnotoad\backend\vendor\laravel\framework\src\Illuminate\Foundation\Application.php(1058): Illuminate\Container\Container->make()
#15 D:\Fork\hypnotoad\backend\vendor\laravel\framework\src\Illuminate\Container\Container.php(1805): Illuminate\Foundation\Application->make()
#16 D:\Fork\hypnotoad\backend\vendor\laravel\framework\src\Illuminate\Routing\RoutingServiceProvider.php(177): Illuminate\Container\Container->offsetGet()
#17 D:\Fork\hypnotoad\backend\vendor\laravel\framework\src\Illuminate\Container\Container.php(1115): Illuminate\Routing\RoutingServiceProvider->{closure:Illuminate\Routing\RoutingServiceProvider::registerResponseFactory():176}()
#18 D:\Fork\hypnotoad\backend\vendor\laravel\framework\src\Illuminate\Container\Container.php(933): Illuminate\Container\Container->build()
#19 D:\Fork\hypnotoad\backend\vendor\laravel\framework\src\Illuminate\Foundation\Application.php(1078): Illuminate\Container\Container->resolve()
#20 D:\Fork\hypnotoad\backend\vendor\laravel\framework\src\Illuminate\Container\Container.php(864): Illuminate\Foundation\Application->resolve()
#21 D:\Fork\hypnotoad\backend\vendor\laravel\framework\src\Illuminate\Foundation\Application.php(1058): Illuminate\Container\Container->make()
#22 D:\Fork\hypnotoad\backend\vendor\laravel\framework\src\Illuminate\Foundation\helpers.php(138): Illuminate\Foundation\Application->make()
#23 D:\Fork\hypnotoad\backend\vendor\laravel\framework\src\Illuminate\Foundation\helpers.php(850): app()
#24 D:\Fork\hypnotoad\backend\vendor\laravel\framework\src\Illuminate\Foundation\Exceptions\Handler.php(987): response()
#25 D:\Fork\hypnotoad\backend\vendor\laravel\framework\src\Illuminate\Foundation\Exceptions\Handler.php(839): Illuminate\Foundation\Exceptions\Handler->toIlluminateResponse()
#26 D:\Fork\hypnotoad\backend\vendor\laravel\framework\src\Illuminate\Foundation\Exceptions\Handler.php(738): Illuminate\Foundation\Exceptions\Handler->prepareResponse()
#27 D:\Fork\hypnotoad\backend\vendor\laravel\framework\src\Illuminate\Foundation\Exceptions\Handler.php(626): Illuminate\Foundation\Exceptions\Handler->renderExceptionResponse()
#28 D:\Fork\hypnotoad\backend\vendor\laravel\framework\src\Illuminate\Foundation\Bootstrap\HandleExceptions.php(225): Illuminate\Foundation\Exceptions\Handler->render()
#29 D:\Fork\hypnotoad\backend\vendor\laravel\framework\src\Illuminate\Foundation\Bootstrap\HandleExceptions.php(202): Illuminate\Foundation\Bootstrap\HandleExceptions->renderHttpResponse()
#30 D:\Fork\hypnotoad\backend\vendor\laravel\framework\src\Illuminate\Foundation\Bootstrap\HandleExceptions.php(262): Illuminate\Foundation\Bootstrap\HandleExceptions->handleException()
#31 [internal function]: Illuminate\Foundation\Bootstrap\HandleExceptions->{closure:Illuminate\Foundation\Bootstrap\HandleExceptions::forwardsTo():261}()
#32 {main}
  thrown {"exception":"[object] (Symfony\\Component\\ErrorHandler\\Error\\FatalError(code: 0): Uncaught Error: Call to undefined function Illuminate\\Support\\mb_split() in D:\\Fork\\hypnotoad\\backend\\vendor\\laravel\\framework\\src\\Illuminate\\Support\\Str.php:1722
Stack trace:
#0 D:\\Fork\\hypnotoad\\backend\\vendor\\laravel\\framework\\src\\Illuminate\\Support\\Manager.php(98): Illuminate\\Support\\Str::studly()
#1 D:\\Fork\\hypnotoad\\backend\\vendor\\laravel\\framework\\src\\Illuminate\\Support\\Manager.php(78): Illuminate\\Support\\Manager->createDriver()
#2 D:\\Fork\\hypnotoad\\backend\\vendor\\laravel\\framework\\src\\Illuminate\\Session\\SessionServiceProvider.php(52): Illuminate\\Support\\Manager->driver()
#3 D:\\Fork\\hypnotoad\\backend\\vendor\\laravel\\framework\\src\\Illuminate\\Container\\Container.php(1115): Illuminate\\Session\\SessionServiceProvider->{closure:Illuminate\\Session\\SessionServiceProvider::registerSessionDriver():48}()
#4 D:\\Fork\\hypnotoad\\backend\\vendor\\laravel\\framework\\src\\Illuminate\\Container\\Container.php(933): Illuminate\\Container\\Container->build()
#5 D:\\Fork\\hypnotoad\\backend\\vendor\\laravel\\framework\\src\\Illuminate\\Foundation\\Application.php(1078): Illuminate\\Container\\Container->resolve()
#6 D:\\Fork\\hypnotoad\\backend\\vendor\\laravel\\framework\\src\\Illuminate\\Container\\Container.php(864): Illuminate\\Foundation\\Application->resolve()
#7 D:\\Fork\\hypnotoad\\backend\\vendor\\laravel\\framework\\src\\Illuminate\\Foundation\\Application.php(1058): Illuminate\\Container\\Container->make()
#8 D:\\Fork\\hypnotoad\\backend\\vendor\\laravel\\framework\\src\\Illuminate\\Container\\Container.php(1805): Illuminate\\Foundation\\Application->make()
#9 D:\\Fork\\hypnotoad\\backend\\vendor\\laravel\\framework\\src\\Illuminate\\Routing\\RoutingServiceProvider.php(121): Illuminate\\Container\\Container->offsetGet()
#10 D:\\Fork\\hypnotoad\\backend\\vendor\\laravel\\framework\\src\\Illuminate\\Container\\Container.php(1115): Illuminate\\Routing\\RoutingServiceProvider->{closure:Illuminate\\Routing\\RoutingServiceProvider::registerRedirector():114}()
#11 D:\\Fork\\hypnotoad\\backend\\vendor\\laravel\\framework\\src\\Illuminate\\Container\\Container.php(933): Illuminate\\Container\\Container->build()
#12 D:\\Fork\\hypnotoad\\backend\\vendor\\laravel\\framework\\src\\Illuminate\\Foundation\\Application.php(1078): Illuminate\\Container\\Container->resolve()
#13 D:\\Fork\\hypnotoad\\backend\\vendor\\laravel\\framework\\src\\Illuminate\\Container\\Container.php(864): Illuminate\\Foundation\\Application->resolve()
#14 D:\\Fork\\hypnotoad\\backend\\vendor\\laravel\\framework\\src\\Illuminate\\Foundation\\Application.php(1058): Illuminate\\Container\\Container->make()
#15 D:\\Fork\\hypnotoad\\backend\\vendor\\laravel\\framework\\src\\Illuminate\\Container\\Container.php(1805): Illuminate\\Foundation\\Application->make()
#16 D:\\Fork\\hypnotoad\\backend\\vendor\\laravel\\framework\\src\\Illuminate\\Routing\\RoutingServiceProvider.php(177): Illuminate\\Container\\Container->offsetGet()
#17 D:\\Fork\\hypnotoad\\backend\\vendor\\laravel\\framework\\src\\Illuminate\\Container\\Container.php(1115): Illuminate\\Routing\\RoutingServiceProvider->{closure:Illuminate\\Routing\\RoutingServiceProvider::registerResponseFactory():176}()
#18 D:\\Fork\\hypnotoad\\backend\\vendor\\laravel\\framework\\src\\Illuminate\\Container\\Container.php(933): Illuminate\\Container\\Container->build()
#19 D:\\Fork\\hypnotoad\\backend\\vendor\\laravel\\framework\\src\\Illuminate\\Foundation\\Application.php(1078): Illuminate\\Container\\Container->resolve()
#20 D:\\Fork\\hypnotoad\\backend\\vendor\\laravel\\framework\\src\\Illuminate\\Container\\Container.php(864): Illuminate\\Foundation\\Application->resolve()
#21 D:\\Fork\\hypnotoad\\backend\\vendor\\laravel\\framework\\src\\Illuminate\\Foundation\\Application.php(1058): Illuminate\\Container\\Container->make()
#22 D:\\Fork\\hypnotoad\\backend\\vendor\\laravel\\framework\\src\\Illuminate\\Foundation\\helpers.php(138): Illuminate\\Foundation\\Application->make()
#23 D:\\Fork\\hypnotoad\\backend\\vendor\\laravel\\framework\\src\\Illuminate\\Foundation\\helpers.php(850): app()
#24 D:\\Fork\\hypnotoad\\backend\\vendor\\laravel\\framework\\src\\Illuminate\\Foundation\\Exceptions\\Handler.php(987): response()
#25 D:\\Fork\\hypnotoad\\backend\\vendor\\laravel\\framework\\src\\Illuminate\\Foundation\\Exceptions\\Handler.php(839): Illuminate\\Foundation\\Exceptions\\Handler->toIlluminateResponse()
#26 D:\\Fork\\hypnotoad\\backend\\vendor\\laravel\\framework\\src\\Illuminate\\Foundation\\Exceptions\\Handler.php(738): Illuminate\\Foundation\\Exceptions\\Handler->prepareResponse()
#27 D:\\Fork\\hypnotoad\\backend\\vendor\\laravel\\framework\\src\\Illuminate\\Foundation\\Exceptions\\Handler.php(626): Illuminate\\Foundation\\Exceptions\\Handler->renderExceptionResponse()
#28 D:\\Fork\\hypnotoad\\backend\\vendor\\laravel\\framework\\src\\Illuminate\\Foundation\\Bootstrap\\HandleExceptions.php(225): Illuminate\\Foundation\\Exceptions\\Handler->render()
#29 D:\\Fork\\hypnotoad\\backend\\vendor\\laravel\\framework\\src\\Illuminate\\Foundation\\Bootstrap\\HandleExceptions.php(202): Illuminate\\Foundation\\Bootstrap\\HandleExceptions->renderHttpResponse()
#30 D:\\Fork\\hypnotoad\\backend\\vendor\\laravel\\framework\\src\\Illuminate\\Foundation\\Bootstrap\\HandleExceptions.php(262): Illuminate\\Foundation\\Bootstrap\\HandleExceptions->handleException()
#31 [internal function]: Illuminate\\Foundation\\Bootstrap\\HandleExceptions->{closure:Illuminate\\Foundation\\Bootstrap\\HandleExceptions::forwardsTo():261}()
#32 {main}
  thrown at D:/Fork/hypnotoad/backend/vendor/laravel/framework/src/Illuminate/Support/Str.php:1722)
[stacktrace]
#0 {main}
"} 
[2026-09-28 20:26:03] local.ERROR: Call to undefined function Illuminate\Support\mb_split() {"exception":"[object] (Error(code: 0): Call to undefined function Illuminate\\Support\\mb_split() at D:/Fork/hypnotoad/backend/vendor/laravel/framework/src/Illuminate/Support/Str.php:1722)
[stacktrace]
#0 D:/Fork/hypnotoad/backend/vendor/laravel/framework/src/Illuminate/Support/Manager.php(98): Illuminate/Support/Str::studly()
#1 D:/Fork/hypnotoad/backend/vendor/laravel/framework/src/Illuminate/Support/Manager.php(78): Illuminate/Support/Manager->createDriver()
#2 D:/Fork/hypnotoad/backend/vendor/laravel/framework/src/Illuminate/Foundation/Providers/FoundationServiceProvider.php(293): Illuminate/Support/Manager->driver()
#3 D:/Fork/hypnotoad/backend/vendor/laravel/framework/src/Illuminate/Container/Container.php(1115): Illuminate/Foundation/Providers/FoundationServiceProvider->{closure:Illuminate/Foundation/Providers/FoundationServiceProvider::registerMaintenanceModeManager():293}()
#4 D:/Fork/hypnotoad/backend/vendor/laravel/framework/src/Illuminate/Container/Container.php(933): Illuminate/Container/Container->build()
#5 D:/Fork/hypnotoad/backend/vendor/laravel/framework/src/Illuminate/Foundation/Application.php(1078): Illuminate/Container/Container->resolve()
#6 D:/Fork/hypnotoad/backend/vendor/laravel/framework/src/Illuminate/Container/Container.php(864): Illuminate/Foundation/Application->resolve()
#7 D:/Fork/hypnotoad/backend/vendor/laravel/framework/src/Illuminate/Foundation/Application.php(1058): Illuminate/Container/Container->make()
#8 D:/Fork/hypnotoad/backend/vendor/laravel/framework/src/Illuminate/Foundation/Application.php(1410): Illuminate/Foundation/Application->make()
#9 D:/Fork/hypnotoad/backend/vendor/laravel/framework/src/Illuminate/Foundation/Http/Middleware/PreventRequestsDuringMaintenance.php(64): Illuminate/Foundation/Application->maintenanceMode()
#10 D:/Fork/hypnotoad/backend/vendor/laravel/framework/src/Illuminate/Pipeline/Pipeline.php(219): Illuminate/Foundation/Http/Middleware/PreventRequestsDuringMaintenance->handle()
#11 D:/Fork/hypnotoad/backend/vendor/laravel/framework/src/Illuminate/Http/Middleware/HandleCors.php(61): Illuminate/Pipeline/Pipeline->{closure:{closure:Illuminate/Pipeline/Pipeline::carry():194}:195}()
#12 D:/Fork/hypnotoad/backend/vendor/laravel/framework/src/Illuminate/Pipeline/Pipeline.php(219): Illuminate/Http/Middleware/HandleCors->handle()
#13 D:/Fork/hypnotoad/backend/vendor/laravel/framework/src/Illuminate/Http/Middleware/TrustProxies.php(58): Illuminate/Pipeline/Pipeline->{closure:{closure:Illuminate/Pipeline/Pipeline::carry():194}:195}()
#14 D:/Fork/hypnotoad/backend/vendor/laravel/framework/src/Illuminate/Pipeline/Pipeline.php(219): Illuminate/Http/Middleware/TrustProxies->handle()
#15 D:/Fork/hypnotoad/backend/vendor/laravel/framework/src/Illuminate/Foundation/Http/Middleware/InvokeDeferredCallbacks.php(22): Illuminate/Pipeline/Pipeline->{closure:{closure:Illuminate/Pipeline/Pipeline::carry():194}:195}()
#16 D:/Fork/hypnotoad/backend/vendor/laravel/framework/src/Illuminate/Pipeline/Pipeline.php(219): Illuminate/Foundation/Http/Middleware/InvokeDeferredCallbacks->handle()
#17 D:/Fork/hypnotoad/backend/vendor/laravel/framework/src/Illuminate/Http/Middleware/ValidatePathEncoding.php(26): Illuminate/Pipeline/Pipeline->{closure:{closure:Illuminate/Pipeline/Pipeline::carry():194}:195}()
#18 D:/Fork/hypnotoad/backend/vendor/laravel/framework/src/Illuminate/Pipeline/Pipeline.php(219): Illuminate/Http/Middleware/ValidatePathEncoding->handle()
#19 D:/Fork/hypnotoad/backend/vendor/laravel/framework/src/Illuminate/Pipeline/Pipeline.php(137): Illuminate/Pipeline/Pipeline->{closure:{closure:Illuminate/Pipeline/Pipeline::carry():194}:195}()
#20 D:/Fork/hypnotoad/backend/vendor/laravel/framework/src/Illuminate/Foundation/Http/Kernel.php(175): Illuminate/Pipeline/Pipeline->then()
#21 D:/Fork/hypnotoad/backend/vendor/laravel/framework/src/Illuminate/Foundation/Http/Kernel.php(144): Illuminate/Foundation/Http/Kernel->sendRequestThroughRouter()
#22 D:/Fork/hypnotoad/backend/public/index.php(16): Illuminate/Foundation/Http/Kernel->handle()
#23 D:/Fork/hypnotoad/backend/vendor/laravel/framework/src/Illuminate/Foundation/resources/server.php(23): require_once('...')
#24 {main}
"} 
[2026-09-28 20:26:03] local.ERROR: Call to undefined function Illuminate\Support\mb_split() {"exception":"[object] (Error(code: 0): Call to undefined function Illuminate\\Support\\mb_split() at D:/Fork/hypnotoad/backend/vendor/laravel/framework/src/Illuminate/Support/Str.php:1722)
[stacktrace]
#0 D:/Fork/hypnotoad/backend/vendor/laravel/framework/src/Illuminate/Support/Manager.php(98): Illuminate/Support/Str::studly()
#1 D:/Fork/hypnotoad/backend/vendor/laravel/framework/src/Illuminate/Support/Manager.php(78): Illuminate/Support/Manager->createDriver()
#2 D:/Fork/hypnotoad/backend/vendor/laravel/framework/src/Illuminate/Session/SessionServiceProvider.php(52): Illuminate/Support/Manager->driver()
#3 D:/Fork/hypnotoad/backend/vendor/laravel/framework/src/Illuminate/Container/Container.php(1115): Illuminate/Session/SessionServiceProvider->{closure:Illuminate/Session/SessionServiceProvider::registerSessionDriver():48}()
#4 D:/Fork/hypnotoad/backend/vendor/laravel/framework/src/Illuminate/Container/Container.php(933): Illuminate/Container/Container->build()
#5 D:/Fork/hypnotoad/backend/vendor/laravel/framework/src/Illuminate/Foundation/Application.php(1078): Illuminate/Container/Container->resolve()
#6 D:/Fork/hypnotoad/backend/vendor/laravel/framework/src/Illuminate/Container/Container.php(864): Illuminate/Foundation/Application->resolve()
#7 D:/Fork/hypnotoad/backend/vendor/laravel/framework/src/Illuminate/Foundation/Application.php(1058): Illuminate/Container/Container->make()
#8 D:/Fork/hypnotoad/backend/vendor/laravel/framework/src/Illuminate/Container/Container.php(1805): Illuminate/Foundation/Application->make()
#9 D:/Fork/hypnotoad/backend/vendor/laravel/framework/src/Illuminate/Routing/RoutingServiceProvider.php(121): Illuminate/Container/Container->offsetGet()
#10 D:/Fork/hypnotoad/backend/vendor/laravel/framework/src/Illuminate/Container/Container.php(1115): Illuminate/Routing/RoutingServiceProvider->{closure:Illuminate/Routing/RoutingServiceProvider::registerRedirector():114}()
#11 D:/Fork/hypnotoad/backend/vendor/laravel/framework/src/Illuminate/Container/Container.php(933): Illuminate/Container/Container->build()
#12 D:/Fork/hypnotoad/backend/vendor/laravel/framework/src/Illuminate/Foundation/Application.php(1078): Illuminate/Container/Container->resolve()
#13 D:/Fork/hypnotoad/backend/vendor/laravel/framework/src/Illuminate/Container/Container.php(864): Illuminate/Foundation/Application->resolve()
#14 D:/Fork/hypnotoad/backend/vendor/laravel/framework/src/Illuminate/Foundation/Application.php(1058): Illuminate/Container/Container->make()
#15 D:/Fork/hypnotoad/backend/vendor/laravel/framework/src/Illuminate/Container/Container.php(1805): Illuminate/Foundation/Application->make()
#16 D:/Fork/hypnotoad/backend/vendor/laravel/framework/src/Illuminate/Routing/RoutingServiceProvider.php(177): Illuminate/Container/Container->offsetGet()
#17 D:/Fork/hypnotoad/backend/vendor/laravel/framework/src/Illuminate/Container/Container.php(1115): Illuminate/Routing/RoutingServiceProvider->{closure:Illuminate/Routing/RoutingServiceProvider::registerResponseFactory():176}()
#18 D:/Fork/hypnotoad/backend/vendor/laravel/framework/src/Illuminate/Container/Container.php(933): Illuminate/Container/Container->build()
#19 D:/Fork/hypnotoad/backend/vendor/laravel/framework/src/Illuminate/Foundation/Application.php(1078): Illuminate/Container/Container->resolve()
#20 D:/Fork/hypnotoad/backend/vendor/laravel/framework/src/Illuminate/Container/Container.php(864): Illuminate/Foundation/Application->resolve()
#21 D:/Fork/hypnotoad/backend/vendor/laravel/framework/src/Illuminate/Foundation/Application.php(1058): Illuminate/Container/Container->make()
#22 D:/Fork/hypnotoad/backend/vendor/laravel/framework/src/Illuminate/Foundation/helpers.php(138): Illuminate/Foundation/Application->make()
#23 D:/Fork/hypnotoad/backend/vendor/laravel/framework/src/Illuminate/Foundation/helpers.php(850): app()
#24 D:/Fork/hypnotoad/backend/vendor/laravel/framework/src/Illuminate/Foundation/Exceptions/Handler.php(987): response()
#25 D:/Fork/hypnotoad/backend/vendor/laravel/framework/src/Illuminate/Foundation/Exceptions/Handler.php(839): Illuminate/Foundation/Exceptions/Handler->toIlluminateResponse()
#26 D:/Fork/hypnotoad/backend/vendor/laravel/framework/src/Illuminate/Foundation/Exceptions/Handler.php(738): Illuminate/Foundation/Exceptions/Handler->prepareResponse()
#27 D:/Fork/hypnotoad/backend/vendor/laravel/framework/src/Illuminate/Foundation/Exceptions/Handler.php(626): Illuminate/Foundation/Exceptions/Handler->renderExceptionResponse()
#28 D:/Fork/hypnotoad/backend/vendor/laravel/framework/src/Illuminate/Routing/Pipeline.php(51): Illuminate/Foundation/Exceptions/Handler->render()
#29 D:/Fork/hypnotoad/backend/vendor/laravel/framework/src/Illuminate/Pipeline/Pipeline.php(224): Illuminate/Routing/Pipeline->handleException()
#30 D:/Fork/hypnotoad/backend/vendor/laravel/framework/src/Illuminate/Http/Middleware/HandleCors.php(61): Illuminate/Pipeline/Pipeline->{closure:{closure:Illuminate/Pipeline/Pipeline::carry():194}:195}()
#31 D:/Fork/hypnotoad/backend/vendor/laravel/framework/src/Illuminate/Pipeline/Pipeline.php(219): Illuminate/Http/Middleware/HandleCors->handle()
#32 D:/Fork/hypnotoad/backend/vendor/laravel/framework/src/Illuminate/Http/Middleware/TrustProxies.php(58): Illuminate/Pipeline/Pipeline->{closure:{closure:Illuminate/Pipeline/Pipeline::carry():194}:195}()
#33 D:/Fork/hypnotoad/backend/vendor/laravel/framework/src/Illuminate/Pipeline/Pipeline.php(219): Illuminate/Http/Middleware/TrustProxies->handle()
#34 D:/Fork/hypnotoad/backend/vendor/laravel/framework/src/Illuminate/Foundation/Http/Middleware/InvokeDeferredCallbacks.php(22): Illuminate/Pipeline/Pipeline->{closure:{closure:Illuminate/Pipeline/Pipeline::carry():194}:195}()
#35 D:/Fork/hypnotoad/backend/vendor/laravel/framework/src/Illuminate/Pipeline/Pipeline.php(219): Illuminate/Foundation/Http/Middleware/InvokeDeferredCallbacks->handle()
#36 D:/Fork/hypnotoad/backend/vendor/laravel/framework/src/Illuminate/Http/Middleware/ValidatePathEncoding.php(26): Illuminate/Pipeline/Pipeline->{closure:{closure:Illuminate/Pipeline/Pipeline::carry():194}:195}()
#37 D:/Fork/hypnotoad/backend/vendor/laravel/framework/src/Illuminate/Pipeline/Pipeline.php(219): Illuminate/Http/Middleware/ValidatePathEncoding->handle()
#38 D:/Fork/hypnotoad/backend/vendor/laravel/framework/src/Illuminate/Pipeline/Pipeline.php(137): Illuminate/Pipeline/Pipeline->{closure:{closure:Illuminate/Pipeline/Pipeline::carry():194}:195}()
#39 D:/Fork/hypnotoad/backend/vendor/laravel/framework/src/Illuminate/Foundation/Http/Kernel.php(175): Illuminate/Pipeline/Pipeline->then()
#40 D:/Fork/hypnotoad/backend/vendor/laravel/framework/src/Illuminate/Foundation/Http/Kernel.php(144): Illuminate/Foundation/Http/Kernel->sendRequestThroughRouter()
#41 D:/Fork/hypnotoad/backend/public/index.php(16): Illuminate/Foundation/Http/Kernel->handle()
#42 D:/Fork/hypnotoad/backend/vendor/laravel/framework/src/Illuminate/Foundation/resources/server.php(23): require_once('...')
#43 {main}
"} 
[2026-09-28 20:26:03] local.ERROR: Call to undefined function Illuminate\Support\mb_split() {"exception":"[object] (Error(code: 0): Call to undefined function Illuminate\\Support\\mb_split() at D:/Fork/hypnotoad/backend/vendor/laravel/framework/src/Illuminate/Support/Str.php:1722)
[stacktrace]
#0 D:/Fork/hypnotoad/backend/vendor/laravel/framework/src/Illuminate/Support/Manager.php(98): Illuminate/Support/Str::studly()
#1 D:/Fork/hypnotoad/backend/vendor/laravel/framework/src/Illuminate/Support/Manager.php(78): Illuminate/Support/Manager->createDriver()
#2 D:/Fork/hypnotoad/backend/vendor/laravel/framework/src/Illuminate/Session/SessionServiceProvider.php(52): Illuminate/Support/Manager->driver()
#3 D:/Fork/hypnotoad/backend/vendor/laravel/framework/src/Illuminate/Container/Container.php(1115): Illuminate/Session/SessionServiceProvider->{closure:Illuminate/Session/SessionServiceProvider::registerSessionDriver():48}()
#4 D:/Fork/hypnotoad/backend/vendor/laravel/framework/src/Illuminate/Container/Container.php(933): Illuminate/Container/Container->build()
#5 D:/Fork/hypnotoad/backend/vendor/laravel/framework/src/Illuminate/Foundation/Application.php(1078): Illuminate/Container/Container->resolve()
#6 D:/Fork/hypnotoad/backend/vendor/laravel/framework/src/Illuminate/Container/Container.php(864): Illuminate/Foundation/Application->resolve()
#7 D:/Fork/hypnotoad/backend/vendor/laravel/framework/src/Illuminate/Foundation/Application.php(1058): Illuminate/Container/Container->make()
#8 D:/Fork/hypnotoad/backend/vendor/laravel/framework/src/Illuminate/Container/Container.php(1805): Illuminate/Foundation/Application->make()
#9 D:/Fork/hypnotoad/backend/vendor/laravel/framework/src/Illuminate/Routing/RoutingServiceProvider.php(121): Illuminate/Container/Container->offsetGet()
#10 D:/Fork/hypnotoad/backend/vendor/laravel/framework/src/Illuminate/Container/Container.php(1115): Illuminate/Routing/RoutingServiceProvider->{closure:Illuminate/Routing/RoutingServiceProvider::registerRedirector():114}()
#11 D:/Fork/hypnotoad/backend/vendor/laravel/framework/src/Illuminate/Container/Container.php(933): Illuminate/Container/Container->build()
#12 D:/Fork/hypnotoad/backend/vendor/laravel/framework/src/Illuminate/Foundation/Application.php(1078): Illuminate/Container/Container->resolve()
#13 D:/Fork/hypnotoad/backend/vendor/laravel/framework/src/Illuminate/Container/Container.php(864): Illuminate/Foundation/Application->resolve()
#14 D:/Fork/hypnotoad/backend/vendor/laravel/framework/src/Illuminate/Foundation/Application.php(1058): Illuminate/Container/Container->make()
#15 D:/Fork/hypnotoad/backend/vendor/laravel/framework/src/Illuminate/Container/Container.php(1805): Illuminate/Foundation/Application->make()
#16 D:/Fork/hypnotoad/backend/vendor/laravel/framework/src/Illuminate/Routing/RoutingServiceProvider.php(177): Illuminate/Container/Container->offsetGet()
#17 D:/Fork/hypnotoad/backend/vendor/laravel/framework/src/Illuminate/Container/Container.php(1115): Illuminate/Routing/RoutingServiceProvider->{closure:Illuminate/Routing/RoutingServiceProvider::registerResponseFactory():176}()
#18 D:/Fork/hypnotoad/backend/vendor/laravel/framework/src/Illuminate/Container/Container.php(933): Illuminate/Container/Container->build()
#19 D:/Fork/hypnotoad/backend/vendor/laravel/framework/src/Illuminate/Foundation/Application.php(1078): Illuminate/Container/Container->resolve()
#20 D:/Fork/hypnotoad/backend/vendor/laravel/framework/src/Illuminate/Container/Container.php(864): Illuminate/Foundation/Application->resolve()
#21 D:/Fork/hypnotoad/backend/vendor/laravel/framework/src/Illuminate/Foundation/Application.php(1058): Illuminate/Container/Container->make()
#22 D:/Fork/hypnotoad/backend/vendor/laravel/framework/src/Illuminate/Foundation/helpers.php(138): Illuminate/Foundation/Application->make()
#23 D:/Fork/hypnotoad/backend/vendor/laravel/framework/src/Illuminate/Foundation/helpers.php(850): app()
#24 D:/Fork/hypnotoad/backend/vendor/laravel/framework/src/Illuminate/Foundation/Exceptions/Handler.php(987): response()
#25 D:/Fork/hypnotoad/backend/vendor/laravel/framework/src/Illuminate/Foundation/Exceptions/Handler.php(839): Illuminate/Foundation/Exceptions/Handler->toIlluminateResponse()
#26 D:/Fork/hypnotoad/backend/vendor/laravel/framework/src/Illuminate/Foundation/Exceptions/Handler.php(738): Illuminate/Foundation/Exceptions/Handler->prepareResponse()
#27 D:/Fork/hypnotoad/backend/vendor/laravel/framework/src/Illuminate/Foundation/Exceptions/Handler.php(626): Illuminate/Foundation/Exceptions/Handler->renderExceptionResponse()
#28 D:/Fork/hypnotoad/backend/vendor/laravel/framework/src/Illuminate/Routing/Pipeline.php(51): Illuminate/Foundation/Exceptions/Handler->render()
#29 D:/Fork/hypnotoad/backend/vendor/laravel/framework/src/Illuminate/Pipeline/Pipeline.php(224): Illuminate/Routing/Pipeline->handleException()
#30 D:/Fork/hypnotoad/backend/vendor/laravel/framework/src/Illuminate/Http/Middleware/TrustProxies.php(58): Illuminate/Pipeline/Pipeline->{closure:{closure:Illuminate/Pipeline/Pipeline::carry():194}:195}()
#31 D:/Fork/hypnotoad/backend/vendor/laravel/framework/src/Illuminate/Pipeline/Pipeline.php(219): Illuminate/Http/Middleware/TrustProxies->handle()
#32 D:/Fork/hypnotoad/backend/vendor/laravel/framework/src/Illuminate/Foundation/Http/Middleware/InvokeDeferredCallbacks.php(22): Illuminate/Pipeline/Pipeline->{closure:{closure:Illuminate/Pipeline/Pipeline::carry():194}:195}()
#33 D:/Fork/hypnotoad/backend/vendor/laravel/framework/src/Illuminate/Pipeline/Pipeline.php(219): Illuminate/Foundation/Http/Middleware/InvokeDeferredCallbacks->handle()
#34 D:/Fork/hypnotoad/backend/vendor/laravel/framework/src/Illuminate/Http/Middleware/ValidatePathEncoding.php(26): Illuminate/Pipeline/Pipeline->{closure:{closure:Illuminate/Pipeline/Pipeline::carry():194}:195}()
#35 D:/Fork/hypnotoad/backend/vendor/laravel/framework/src/Illuminate/Pipeline/Pipeline.php(219): Illuminate/Http/Middleware/ValidatePathEncoding->handle()
#36 D:/Fork/hypnotoad/backend/vendor/laravel/framework/src/Illuminate/Pipeline/Pipeline.php(137): Illuminate/Pipeline/Pipeline->{closure:{closure:Illuminate/Pipeline/Pipeline::carry():194}:195}()
#37 D:/Fork/hypnotoad/backend/vendor/laravel/framework/src/Illuminate/Foundation/Http/Kernel.php(175): Illuminate/Pipeline/Pipeline->then()
#38 D:/Fork/hypnotoad/backend/vendor/laravel/framework/src/Illuminate/Foundation/Http/Kernel.php(144): Illuminate/Foundation/Http/Kernel->sendRequestThroughRouter()
#39 D:/Fork/hypnotoad/backend/public/index.php(16): Illuminate/Foundation/Http/Kernel->handle()
#40 D:/Fork/hypnotoad/backend/vendor/laravel/framework/src/Illuminate/Foundation/resources/server.php(23): require_once('...')
#41 {main}
"} 
[2026-09-28 20:26:04] local.ERROR: Call to undefined function Illuminate\Support\mb_split() {"exception":"[object] (Error(code: 0): Call to undefined function Illuminate\\Support\\mb_split() at D:/Fork/hypnotoad/backend/vendor/laravel/framework/src/Illuminate/Support/Str.php:1722)
[stacktrace]
#0 D:/Fork/hypnotoad/backend/vendor/laravel/framework/src/Illuminate/Support/Manager.php(98): Illuminate/Support/Str::studly()
#1 D:/Fork/hypnotoad/backend/vendor/laravel/framework/src/Illuminate/Support/Manager.php(78): Illuminate/Support/Manager->createDriver()
#2 D:/Fork/hypnotoad/backend/vendor/laravel/framework/src/Illuminate/Session/SessionServiceProvider.php(52): Illuminate/Support/Manager->driver()
#3 D:/Fork/hypnotoad/backend/vendor/laravel/framework/src/Illuminate/Container/Container.php(1115): Illuminate/Session/SessionServiceProvider->{closure:Illuminate/Session/SessionServiceProvider::registerSessionDriver():48}()
#4 D:/Fork/hypnotoad/backend/vendor/laravel/framework/src/Illuminate/Container/Container.php(933): Illuminate/Container/Container->build()
#5 D:/Fork/hypnotoad/backend/vendor/laravel/framework/src/Illuminate/Foundation/Application.php(1078): Illuminate/Container/Container->resolve()
#6 D:/Fork/hypnotoad/backend/vendor/laravel/framework/src/Illuminate/Container/Container.php(864): Illuminate/Foundation/Application->resolve()
#7 D:/Fork/hypnotoad/backend/vendor/laravel/framework/src/Illuminate/Foundation/Application.php(1058): Illuminate/Container/Container->make()
#8 D:/Fork/hypnotoad/backend/vendor/laravel/framework/src/Illuminate/Container/Container.php(1805): Illuminate/Foundation/Application->make()
#9 D:/Fork/hypnotoad/backend/vendor/laravel/framework/src/Illuminate/Routing/RoutingServiceProvider.php(121): Illuminate/Container/Container->offsetGet()
#10 D:/Fork/hypnotoad/backend/vendor/laravel/framework/src/Illuminate/Container/Container.php(1115): Illuminate/Routing/RoutingServiceProvider->{closure:Illuminate/Routing/RoutingServiceProvider::registerRedirector():114}()
#11 D:/Fork/hypnotoad/backend/vendor/laravel/framework/src/Illuminate/Container/Container.php(933): Illuminate/Container/Container->build()
#12 D:/Fork/hypnotoad/backend/vendor/laravel/framework/src/Illuminate/Foundation/Application.php(1078): Illuminate/Container/Container->resolve()
#13 D:/Fork/hypnotoad/backend/vendor/laravel/framework/src/Illuminate/Container/Container.php(864): Illuminate/Foundation/Application->resolve()
#14 D:/Fork/hypnotoad/backend/vendor/laravel/framework/src/Illuminate/Foundation/Application.php(1058): Illuminate/Container/Container->make()
#15 D:/Fork/hypnotoad/backend/vendor/laravel/framework/src/Illuminate/Container/Container.php(1805): Illuminate/Foundation/Application->make()
#16 D:/Fork/hypnotoad/backend/vendor/laravel/framework/src/Illuminate/Routing/RoutingServiceProvider.php(177): Illuminate/Container/Container->offsetGet()
#17 D:/Fork/hypnotoad/backend/vendor/laravel/framework/src/Illuminate/Container/Container.php(1115): Illuminate/Routing/RoutingServiceProvider->{closure:Illuminate/Routing/RoutingServiceProvider::registerResponseFactory():176}()
#18 D:/Fork/hypnotoad/backend/vendor/laravel/framework/src/Illuminate/Container/Container.php(933): Illuminate/Container/Container->build()
#19 D:/Fork/hypnotoad/backend/vendor/laravel/framework/src/Illuminate/Foundation/Application.php(1078): Illuminate/Container/Container->resolve()
#20 D:/Fork/hypnotoad/backend/vendor/laravel/framework/src/Illuminate/Container/Container.php(864): Illuminate/Foundation/Application->resolve()
#21 D:/Fork/hypnotoad/backend/vendor/laravel/framework/src/Illuminate/Foundation/Application.php(1058): Illuminate/Container/Container->make()
#22 D:/Fork/hypnotoad/backend/vendor/laravel/framework/src/Illuminate/Foundation/helpers.php(138): Illuminate/Foundation/Application->make()
#23 D:/Fork/hypnotoad/backend/vendor/laravel/framework/src/Illuminate/Foundation/helpers.php(850): app()
#24 D:/Fork/hypnotoad/backend/vendor/laravel/framework/src/Illuminate/Foundation/Exceptions/Handler.php(987): response()
#25 D:/Fork/hypnotoad/backend/vendor/laravel/framework/src/Illuminate/Foundation/Exceptions/Handler.php(839): Illuminate/Foundation/Exceptions/Handler->toIlluminateResponse()
#26 D:/Fork/hypnotoad/backend/vendor/laravel/framework/src/Illuminate/Foundation/Exceptions/Handler.php(738): Illuminate/Foundation/Exceptions/Handler->prepareResponse()
#27 D:/Fork/hypnotoad/backend/vendor/laravel/framework/src/Illuminate/Foundation/Exceptions/Handler.php(626): Illuminate/Foundation/Exceptions/Handler->renderExceptionResponse()
#28 D:/Fork/hypnotoad/backend/vendor/laravel/framework/src/Illuminate/Routing/Pipeline.php(51): Illuminate/Foundation/Exceptions/Handler->render()
#29 D:/Fork/hypnotoad/backend/vendor/laravel/framework/src/Illuminate/Pipeline/Pipeline.php(224): Illuminate/Routing/Pipeline->handleException()
#30 D:/Fork/hypnotoad/backend/vendor/laravel/framework/src/Illuminate/Foundation/Http/Middleware/InvokeDeferredCallbacks.php(22): Illuminate/Pipeline/Pipeline->{closure:{closure:Illuminate/Pipeline/Pipeline::carry():194}:195}()
#31 D:/Fork/hypnotoad/backend/vendor/laravel/framework/src/Illuminate/Pipeline/Pipeline.php(219): Illuminate/Foundation/Http/Middleware/InvokeDeferredCallbacks->handle()
#32 D:/Fork/hypnotoad/backend/vendor/laravel/framework/src/Illuminate/Http/Middleware/ValidatePathEncoding.php(26): Illuminate/Pipeline/Pipeline->{closure:{closure:Illuminate/Pipeline/Pipeline::carry():194}:195}()
#33 D:/Fork/hypnotoad/backend/vendor/laravel/framework/src/Illuminate/Pipeline/Pipeline.php(219): Illuminate/Http/Middleware/ValidatePathEncoding->handle()
#34 D:/Fork/hypnotoad/backend/vendor/laravel/framework/src/Illuminate/Pipeline/Pipeline.php(137): Illuminate/Pipeline/Pipeline->{closure:{closure:Illuminate/Pipeline/Pipeline::carry():194}:195}()
#35 D:/Fork/hypnotoad/backend/vendor/laravel/framework/src/Illuminate/Foundation/Http/Kernel.php(175): Illuminate/Pipeline/Pipeline->then()
#36 D:/Fork/hypnotoad/backend/vendor/laravel/framework/src/Illuminate/Foundation/Http/Kernel.php(144): Illuminate/Foundation/Http/Kernel->sendRequestThroughRouter()
#37 D:/Fork/hypnotoad/backend/public/index.php(16): Illuminate/Foundation/Http/Kernel->handle()
#38 D:/Fork/hypnotoad/backend/vendor/laravel/framework/src/Illuminate/Foundation/resources/server.php(23): require_once('...')
#39 {main}
"} 
[2026-09-28 20:26:04] local.ERROR: Call to undefined function Illuminate\Support\mb_split() {"exception":"[object] (Error(code: 0): Call to undefined function Illuminate\\Support\\mb_split() at D:/Fork/hypnotoad/backend/vendor/laravel/framework/src/Illuminate/Support/Str.php:1722)
[stacktrace]
#0 D:/Fork/hypnotoad/backend/vendor/laravel/framework/src/Illuminate/Support/Manager.php(98): Illuminate/Support/Str::studly()
#1 D:/Fork/hypnotoad/backend/vendor/laravel/framework/src/Illuminate/Support/Manager.php(78): Illuminate/Support/Manager->createDriver()
#2 D:/Fork/hypnotoad/backend/vendor/laravel/framework/src/Illuminate/Session/SessionServiceProvider.php(52): Illuminate/Support/Manager->driver()
#3 D:/Fork/hypnotoad/backend/vendor/laravel/framework/src/Illuminate/Container/Container.php(1115): Illuminate/Session/SessionServiceProvider->{closure:Illuminate/Session/SessionServiceProvider::registerSessionDriver():48}()
#4 D:/Fork/hypnotoad/backend/vendor/laravel/framework/src/Illuminate/Container/Container.php(933): Illuminate/Container/Container->build()
#5 D:/Fork/hypnotoad/backend/vendor/laravel/framework/src/Illuminate/Foundation/Application.php(1078): Illuminate/Container/Container->resolve()
#6 D:/Fork/hypnotoad/backend/vendor/laravel/framework/src/Illuminate/Container/Container.php(864): Illuminate/Foundation/Application->resolve()
#7 D:/Fork/hypnotoad/backend/vendor/laravel/framework/src/Illuminate/Foundation/Application.php(1058): Illuminate/Container/Container->make()
#8 D:/Fork/hypnotoad/backend/vendor/laravel/framework/src/Illuminate/Container/Container.php(1805): Illuminate/Foundation/Application->make()
#9 D:/Fork/hypnotoad/backend/vendor/laravel/framework/src/Illuminate/Routing/RoutingServiceProvider.php(121): Illuminate/Container/Container->offsetGet()
#10 D:/Fork/hypnotoad/backend/vendor/laravel/framework/src/Illuminate/Container/Container.php(1115): Illuminate/Routing/RoutingServiceProvider->{closure:Illuminate/Routing/RoutingServiceProvider::registerRedirector():114}()
#11 D:/Fork/hypnotoad/backend/vendor/laravel/framework/src/Illuminate/Container/Container.php(933): Illuminate/Container/Container->build()
#12 D:/Fork/hypnotoad/backend/vendor/laravel/framework/src/Illuminate/Foundation/Application.php(1078): Illuminate/Container/Container->resolve()
#13 D:/Fork/hypnotoad/backend/vendor/laravel/framework/src/Illuminate/Container/Container.php(864): Illuminate/Foundation/Application->resolve()
#14 D:/Fork/hypnotoad/backend/vendor/laravel/framework/src/Illuminate/Foundation/Application.php(1058): Illuminate/Container/Container->make()
#15 D:/Fork/hypnotoad/backend/vendor/laravel/framework/src/Illuminate/Container/Container.php(1805): Illuminate/Foundation/Application->make()
#16 D:/Fork/hypnotoad/backend/vendor/laravel/framework/src/Illuminate/Routing/RoutingServiceProvider.php(177): Illuminate/Container/Container->offsetGet()
#17 D:/Fork/hypnotoad/backend/vendor/laravel/framework/src/Illuminate/Container/Container.php(1115): Illuminate/Routing/RoutingServiceProvider->{closure:Illuminate/Routing/RoutingServiceProvider::registerResponseFactory():176}()
#18 D:/Fork/hypnotoad/backend/vendor/laravel/framework/src/Illuminate/Container/Container.php(933): Illuminate/Container/Container->build()
#19 D:/Fork/hypnotoad/backend/vendor/laravel/framework/src/Illuminate/Foundation/Application.php(1078): Illuminate/Container/Container->resolve()
#20 D:/Fork/hypnotoad/backend/vendor/laravel/framework/src/Illuminate/Container/Container.php(864): Illuminate/Foundation/Application->resolve()
#21 D:/Fork/hypnotoad/backend/vendor/laravel/framework/src/Illuminate/Foundation/Application.php(1058): Illuminate/Container/Container->make()
#22 D:/Fork/hypnotoad/backend/vendor/laravel/framework/src/Illuminate/Foundation/helpers.php(138): Illuminate/Foundation/Application->make()
#23 D:/Fork/hypnotoad/backend/vendor/laravel/framework/src/Illuminate/Foundation/helpers.php(850): app()
#24 D:/Fork/hypnotoad/backend/vendor/laravel/framework/src/Illuminate/Foundation/Exceptions/Handler.php(987): response()
#25 D:/Fork/hypnotoad/backend/vendor/laravel/framework/src/Illuminate/Foundation/Exceptions/Handler.php(839): Illuminate/Foundation/Exceptions/Handler->toIlluminateResponse()
#26 D:/Fork/hypnotoad/backend/vendor/laravel/framework/src/Illuminate/Foundation/Exceptions/Handler.php(738): Illuminate/Foundation/Exceptions/Handler->prepareResponse()
#27 D:/Fork/hypnotoad/backend/vendor/laravel/framework/src/Illuminate/Foundation/Exceptions/Handler.php(626): Illuminate/Foundation/Exceptions/Handler->renderExceptionResponse()
#28 D:/Fork/hypnotoad/backend/vendor/laravel/framework/src/Illuminate/Routing/Pipeline.php(51): Illuminate/Foundation/Exceptions/Handler->render()
#29 D:/Fork/hypnotoad/backend/vendor/laravel/framework/src/Illuminate/Pipeline/Pipeline.php(224): Illuminate/Routing/Pipeline->handleException()
#30 D:/Fork/hypnotoad/backend/vendor/laravel/framework/src/Illuminate/Http/Middleware/ValidatePathEncoding.php(26): Illuminate/Pipeline/Pipeline->{closure:{closure:Illuminate/Pipeline/Pipeline::carry():194}:195}()
#31 D:/Fork/hypnotoad/backend/vendor/laravel/framework/src/Illuminate/Pipeline/Pipeline.php(219): Illuminate/Http/Middleware/ValidatePathEncoding->handle()
#32 D:/Fork/hypnotoad/backend/vendor/laravel/framework/src/Illuminate/Pipeline/Pipeline.php(137): Illuminate/Pipeline/Pipeline->{closure:{closure:Illuminate/Pipeline/Pipeline::carry():194}:195}()
#33 D:/Fork/hypnotoad/backend/vendor/laravel/framework/src/Illuminate/Foundation/Http/Kernel.php(175): Illuminate/Pipeline/Pipeline->then()
#34 D:/Fork/hypnotoad/backend/vendor/laravel/framework/src/Illuminate/Foundation/Http/Kernel.php(144): Illuminate/Foundation/Http/Kernel->sendRequestThroughRouter()
#35 D:/Fork/hypnotoad/backend/public/index.php(16): Illuminate/Foundation/Http/Kernel->handle()
#36 D:/Fork/hypnotoad/backend/vendor/laravel/framework/src/Illuminate/Foundation/resources/server.php(23): require_once('...')
#37 {main}
"} 
[2026-09-28 20:26:04] local.ERROR: Call to undefined function Illuminate\Support\mb_split() {"exception":"[object] (Error(code: 0): Call to undefined function Illuminate\\Support\\mb_split() at D:/Fork/hypnotoad/backend/vendor/laravel/framework/src/Illuminate/Support/Str.php:1722)
[stacktrace]
#0 D:/Fork/hypnotoad/backend/vendor/laravel/framework/src/Illuminate/Support/Manager.php(98): Illuminate/Support/Str::studly()
#1 D:/Fork/hypnotoad/backend/vendor/laravel/framework/src/Illuminate/Support/Manager.php(78): Illuminate/Support/Manager->createDriver()
#2 D:/Fork/hypnotoad/backend/vendor/laravel/framework/src/Illuminate/Session/SessionServiceProvider.php(52): Illuminate/Support/Manager->driver()
#3 D:/Fork/hypnotoad/backend/vendor/laravel/framework/src/Illuminate/Container/Container.php(1115): Illuminate/Session/SessionServiceProvider->{closure:Illuminate/Session/SessionServiceProvider::registerSessionDriver():48}()
#4 D:/Fork/hypnotoad/backend/vendor/laravel/framework/src/Illuminate/Container/Container.php(933): Illuminate/Container/Container->build()
#5 D:/Fork/hypnotoad/backend/vendor/laravel/framework/src/Illuminate/Foundation/Application.php(1078): Illuminate/Container/Container->resolve()
#6 D:/Fork/hypnotoad/backend/vendor/laravel/framework/src/Illuminate/Container/Container.php(864): Illuminate/Foundation/Application->resolve()
#7 D:/Fork/hypnotoad/backend/vendor/laravel/framework/src/Illuminate/Foundation/Application.php(1058): Illuminate/Container/Container->make()
#8 D:/Fork/hypnotoad/backend/vendor/laravel/framework/src/Illuminate/Container/Container.php(1805): Illuminate/Foundation/Application->make()
#9 D:/Fork/hypnotoad/backend/vendor/laravel/framework/src/Illuminate/Routing/RoutingServiceProvider.php(121): Illuminate/Container/Container->offsetGet()
#10 D:/Fork/hypnotoad/backend/vendor/laravel/framework/src/Illuminate/Container/Container.php(1115): Illuminate/Routing/RoutingServiceProvider->{closure:Illuminate/Routing/RoutingServiceProvider::registerRedirector():114}()
#11 D:/Fork/hypnotoad/backend/vendor/laravel/framework/src/Illuminate/Container/Container.php(933): Illuminate/Container/Container->build()
#12 D:/Fork/hypnotoad/backend/vendor/laravel/framework/src/Illuminate/Foundation/Application.php(1078): Illuminate/Container/Container->resolve()
#13 D:/Fork/hypnotoad/backend/vendor/laravel/framework/src/Illuminate/Container/Container.php(864): Illuminate/Foundation/Application->resolve()
#14 D:/Fork/hypnotoad/backend/vendor/laravel/framework/src/Illuminate/Foundation/Application.php(1058): Illuminate/Container/Container->make()
#15 D:/Fork/hypnotoad/backend/vendor/laravel/framework/src/Illuminate/Container/Container.php(1805): Illuminate/Foundation/Application->make()
#16 D:/Fork/hypnotoad/backend/vendor/laravel/framework/src/Illuminate/Routing/RoutingServiceProvider.php(177): Illuminate/Container/Container->offsetGet()
#17 D:/Fork/hypnotoad/backend/vendor/laravel/framework/src/Illuminate/Container/Container.php(1115): Illuminate/Routing/RoutingServiceProvider->{closure:Illuminate/Routing/RoutingServiceProvider::registerResponseFactory():176}()
#18 D:/Fork/hypnotoad/backend/vendor/laravel/framework/src/Illuminate/Container/Container.php(933): Illuminate/Container/Container->build()
#19 D:/Fork/hypnotoad/backend/vendor/laravel/framework/src/Illuminate/Foundation/Application.php(1078): Illuminate/Container/Container->resolve()
#20 D:/Fork/hypnotoad/backend/vendor/laravel/framework/src/Illuminate/Container/Container.php(864): Illuminate/Foundation/Application->resolve()
#21 D:/Fork/hypnotoad/backend/vendor/laravel/framework/src/Illuminate/Foundation/Application.php(1058): Illuminate/Container/Container->make()
#22 D:/Fork/hypnotoad/backend/vendor/laravel/framework/src/Illuminate/Foundation/helpers.php(138): Illuminate/Foundation/Application->make()
#23 D:/Fork/hypnotoad/backend/vendor/laravel/framework/src/Illuminate/Foundation/helpers.php(850): app()
#24 D:/Fork/hypnotoad/backend/vendor/laravel/framework/src/Illuminate/Foundation/Exceptions/Handler.php(987): response()
#25 D:/Fork/hypnotoad/backend/vendor/laravel/framework/src/Illuminate/Foundation/Exceptions/Handler.php(839): Illuminate/Foundation/Exceptions/Handler->toIlluminateResponse()
#26 D:/Fork/hypnotoad/backend/vendor/laravel/framework/src/Illuminate/Foundation/Exceptions/Handler.php(738): Illuminate/Foundation/Exceptions/Handler->prepareResponse()
#27 D:/Fork/hypnotoad/backend/vendor/laravel/framework/src/Illuminate/Foundation/Exceptions/Handler.php(626): Illuminate/Foundation/Exceptions/Handler->renderExceptionResponse()
#28 D:/Fork/hypnotoad/backend/vendor/laravel/framework/src/Illuminate/Routing/Pipeline.php(51): Illuminate/Foundation/Exceptions/Handler->render()
#29 D:/Fork/hypnotoad/backend/vendor/laravel/framework/src/Illuminate/Pipeline/Pipeline.php(224): Illuminate/Routing/Pipeline->handleException()
#30 D:/Fork/hypnotoad/backend/vendor/laravel/framework/src/Illuminate/Pipeline/Pipeline.php(137): Illuminate/Pipeline/Pipeline->{closure:{closure:Illuminate/Pipeline/Pipeline::carry():194}:195}()
#31 D:/Fork/hypnotoad/backend/vendor/laravel/framework/src/Illuminate/Foundation/Http/Kernel.php(175): Illuminate/Pipeline/Pipeline->then()
#32 D:/Fork/hypnotoad/backend/vendor/laravel/framework/src/Illuminate/Foundation/Http/Kernel.php(144): Illuminate/Foundation/Http/Kernel->sendRequestThroughRouter()
#33 D:/Fork/hypnotoad/backend/public/index.php(16): Illuminate/Foundation/Http/Kernel->handle()
#34 D:/Fork/hypnotoad/backend/vendor/laravel/framework/src/Illuminate/Foundation/resources/server.php(23): require_once('...')
#35 {main}
"} 
[2026-09-28 20:26:04] local.ERROR: Call to undefined function Illuminate\Support\mb_split() {"exception":"[object] (Error(code: 0): Call to undefined function Illuminate\\Support\\mb_split() at D:/Fork/hypnotoad/backend/vendor/laravel/framework/src/Illuminate/Support/Str.php:1722)
[stacktrace]
#0 D:/Fork/hypnotoad/backend/vendor/laravel/framework/src/Illuminate/Support/Manager.php(98): Illuminate/Support/Str::studly()
#1 D:/Fork/hypnotoad/backend/vendor/laravel/framework/src/Illuminate/Support/Manager.php(78): Illuminate/Support/Manager->createDriver()
#2 D:/Fork/hypnotoad/backend/vendor/laravel/framework/src/Illuminate/Session/SessionServiceProvider.php(52): Illuminate/Support/Manager->driver()
#3 D:/Fork/hypnotoad/backend/vendor/laravel/framework/src/Illuminate/Container/Container.php(1115): Illuminate/Session/SessionServiceProvider->{closure:Illuminate/Session/SessionServiceProvider::registerSessionDriver():48}()
#4 D:/Fork/hypnotoad/backend/vendor/laravel/framework/src/Illuminate/Container/Container.php(933): Illuminate/Container/Container->build()
#5 D:/Fork/hypnotoad/backend/vendor/laravel/framework/src/Illuminate/Foundation/Application.php(1078): Illuminate/Container/Container->resolve()
#6 D:/Fork/hypnotoad/backend/vendor/laravel/framework/src/Illuminate/Container/Container.php(864): Illuminate/Foundation/Application->resolve()
#7 D:/Fork/hypnotoad/backend/vendor/laravel/framework/src/Illuminate/Foundation/Application.php(1058): Illuminate/Container/Container->make()
#8 D:/Fork/hypnotoad/backend/vendor/laravel/framework/src/Illuminate/Container/Container.php(1805): Illuminate/Foundation/Application->make()
#9 D:/Fork/hypnotoad/backend/vendor/laravel/framework/src/Illuminate/Routing/RoutingServiceProvider.php(121): Illuminate/Container/Container->offsetGet()
#10 D:/Fork/hypnotoad/backend/vendor/laravel/framework/src/Illuminate/Container/Container.php(1115): Illuminate/Routing/RoutingServiceProvider->{closure:Illuminate/Routing/RoutingServiceProvider::registerRedirector():114}()
#11 D:/Fork/hypnotoad/backend/vendor/laravel/framework/src/Illuminate/Container/Container.php(933): Illuminate/Container/Container->build()
#12 D:/Fork/hypnotoad/backend/vendor/laravel/framework/src/Illuminate/Foundation/Application.php(1078): Illuminate/Container/Container->resolve()
#13 D:/Fork/hypnotoad/backend/vendor/laravel/framework/src/Illuminate/Container/Container.php(864): Illuminate/Foundation/Application->resolve()
#14 D:/Fork/hypnotoad/backend/vendor/laravel/framework/src/Illuminate/Foundation/Application.php(1058): Illuminate/Container/Container->make()
#15 D:/Fork/hypnotoad/backend/vendor/laravel/framework/src/Illuminate/Container/Container.php(1805): Illuminate/Foundation/Application->make()
#16 D:/Fork/hypnotoad/backend/vendor/laravel/framework/src/Illuminate/Routing/RoutingServiceProvider.php(177): Illuminate/Container/Container->offsetGet()
#17 D:/Fork/hypnotoad/backend/vendor/laravel/framework/src/Illuminate/Container/Container.php(1115): Illuminate/Routing/RoutingServiceProvider->{closure:Illuminate/Routing/RoutingServiceProvider::registerResponseFactory():176}()
#18 D:/Fork/hypnotoad/backend/vendor/laravel/framework/src/Illuminate/Container/Container.php(933): Illuminate/Container/Container->build()
#19 D:/Fork/hypnotoad/backend/vendor/laravel/framework/src/Illuminate/Foundation/Application.php(1078): Illuminate/Container/Container->resolve()
#20 D:/Fork/hypnotoad/backend/vendor/laravel/framework/src/Illuminate/Container/Container.php(864): Illuminate/Foundation/Application->resolve()
#21 D:/Fork/hypnotoad/backend/vendor/laravel/framework/src/Illuminate/Foundation/Application.php(1058): Illuminate/Container/Container->make()
#22 D:/Fork/hypnotoad/backend/vendor/laravel/framework/src/Illuminate/Foundation/helpers.php(138): Illuminate/Foundation/Application->make()
#23 D:/Fork/hypnotoad/backend/vendor/laravel/framework/src/Illuminate/Foundation/helpers.php(850): app()
#24 D:/Fork/hypnotoad/backend/vendor/laravel/framework/src/Illuminate/Foundation/Exceptions/Handler.php(987): response()
#25 D:/Fork/hypnotoad/backend/vendor/laravel/framework/src/Illuminate/Foundation/Exceptions/Handler.php(839): Illuminate/Foundation/Exceptions/Handler->toIlluminateResponse()
#26 D:/Fork/hypnotoad/backend/vendor/laravel/framework/src/Illuminate/Foundation/Exceptions/Handler.php(738): Illuminate/Foundation/Exceptions/Handler->prepareResponse()
#27 D:/Fork/hypnotoad/backend/vendor/laravel/framework/src/Illuminate/Foundation/Exceptions/Handler.php(626): Illuminate/Foundation/Exceptions/Handler->renderExceptionResponse()
#28 D:/Fork/hypnotoad/backend/vendor/laravel/framework/src/Illuminate/Foundation/Http/Kernel.php(574): Illuminate/Foundation/Exceptions/Handler->render()
#29 D:/Fork/hypnotoad/backend/vendor/laravel/framework/src/Illuminate/Foundation/Http/Kernel.php(148): Illuminate/Foundation/Http/Kernel->renderException()
#30 D:/Fork/hypnotoad/backend/public/index.php(16): Illuminate/Foundation/Http/Kernel->handle()
#31 D:/Fork/hypnotoad/backend/vendor/laravel/framework/src/Illuminate/Foundation/resources/server.php(23): require_once('...')
#32 {main}
"} 
[2026-09-28 20:26:04] local.ERROR: Uncaught Error: Call to undefined function Illuminate\Support\mb_split() in D:\Fork\hypnotoad\backend\vendor\laravel\framework\src\Illuminate\Support\Str.php:1722
Stack trace:
#0 D:\Fork\hypnotoad\backend\vendor\laravel\framework\src\Illuminate\Support\Manager.php(98): Illuminate\Support\Str::studly()
#1 D:\Fork\hypnotoad\backend\vendor\laravel\framework\src\Illuminate\Support\Manager.php(78): Illuminate\Support\Manager->createDriver()
#2 D:\Fork\hypnotoad\backend\vendor\laravel\framework\src\Illuminate\Session\SessionServiceProvider.php(52): Illuminate\Support\Manager->driver()
#3 D:\Fork\hypnotoad\backend\vendor\laravel\framework\src\Illuminate\Container\Container.php(1115): Illuminate\Session\SessionServiceProvider->{closure:Illuminate\Session\SessionServiceProvider::registerSessionDriver():48}()
#4 D:\Fork\hypnotoad\backend\vendor\laravel\framework\src\Illuminate\Container\Container.php(933): Illuminate\Container\Container->build()
#5 D:\Fork\hypnotoad\backend\vendor\laravel\framework\src\Illuminate\Foundation\Application.php(1078): Illuminate\Container\Container->resolve()
#6 D:\Fork\hypnotoad\backend\vendor\laravel\framework\src\Illuminate\Container\Container.php(864): Illuminate\Foundation\Application->resolve()
#7 D:\Fork\hypnotoad\backend\vendor\laravel\framework\src\Illuminate\Foundation\Application.php(1058): Illuminate\Container\Container->make()
#8 D:\Fork\hypnotoad\backend\vendor\laravel\framework\src\Illuminate\Container\Container.php(1805): Illuminate\Foundation\Application->make()
#9 D:\Fork\hypnotoad\backend\vendor\laravel\framework\src\Illuminate\Routing\RoutingServiceProvider.php(121): Illuminate\Container\Container->offsetGet()
#10 D:\Fork\hypnotoad\backend\vendor\laravel\framework\src\Illuminate\Container\Container.php(1115): Illuminate\Routing\RoutingServiceProvider->{closure:Illuminate\Routing\RoutingServiceProvider::registerRedirector():114}()
#11 D:\Fork\hypnotoad\backend\vendor\laravel\framework\src\Illuminate\Container\Container.php(933): Illuminate\Container\Container->build()
#12 D:\Fork\hypnotoad\backend\vendor\laravel\framework\src\Illuminate\Foundation\Application.php(1078): Illuminate\Container\Container->resolve()
#13 D:\Fork\hypnotoad\backend\vendor\laravel\framework\src\Illuminate\Container\Container.php(864): Illuminate\Foundation\Application->resolve()
#14 D:\Fork\hypnotoad\backend\vendor\laravel\framework\src\Illuminate\Foundation\Application.php(1058): Illuminate\Container\Container->make()
#15 D:\Fork\hypnotoad\backend\vendor\laravel\framework\src\Illuminate\Container\Container.php(1805): Illuminate\Foundation\Application->make()
#16 D:\Fork\hypnotoad\backend\vendor\laravel\framework\src\Illuminate\Routing\RoutingServiceProvider.php(177): Illuminate\Container\Container->offsetGet()
#17 D:\Fork\hypnotoad\backend\vendor\laravel\framework\src\Illuminate\Container\Container.php(1115): Illuminate\Routing\RoutingServiceProvider->{closure:Illuminate\Routing\RoutingServiceProvider::registerResponseFactory():176}()
#18 D:\Fork\hypnotoad\backend\vendor\laravel\framework\src\Illuminate\Container\Container.php(933): Illuminate\Container\Container->build()
#19 D:\Fork\hypnotoad\backend\vendor\laravel\framework\src\Illuminate\Foundation\Application.php(1078): Illuminate\Container\Container->resolve()
#20 D:\Fork\hypnotoad\backend\vendor\laravel\framework\src\Illuminate\Container\Container.php(864): Illuminate\Foundation\Application->resolve()
#21 D:\Fork\hypnotoad\backend\vendor\laravel\framework\src\Illuminate\Foundation\Application.php(1058): Illuminate\Container\Container->make()
#22 D:\Fork\hypnotoad\backend\vendor\laravel\framework\src\Illuminate\Foundation\helpers.php(138): Illuminate\Foundation\Application->make()
#23 D:\Fork\hypnotoad\backend\vendor\laravel\framework\src\Illuminate\Foundation\helpers.php(850): app()
#24 D:\Fork\hypnotoad\backend\vendor\laravel\framework\src\Illuminate\Foundation\Exceptions\Handler.php(987): response()
#25 D:\Fork\hypnotoad\backend\vendor\laravel\framework\src\Illuminate\Foundation\Exceptions\Handler.php(839): Illuminate\Foundation\Exceptions\Handler->toIlluminateResponse()
#26 D:\Fork\hypnotoad\backend\vendor\laravel\framework\src\Illuminate\Foundation\Exceptions\Handler.php(738): Illuminate\Foundation\Exceptions\Handler->prepareResponse()
#27 D:\Fork\hypnotoad\backend\vendor\laravel\framework\src\Illuminate\Foundation\Exceptions\Handler.php(626): Illuminate\Foundation\Exceptions\Handler->renderExceptionResponse()
#28 D:\Fork\hypnotoad\backend\vendor\laravel\framework\src\Illuminate\Foundation\Bootstrap\HandleExceptions.php(225): Illuminate\Foundation\Exceptions\Handler->render()
#29 D:\Fork\hypnotoad\backend\vendor\laravel\framework\src\Illuminate\Foundation\Bootstrap\HandleExceptions.php(202): Illuminate\Foundation\Bootstrap\HandleExceptions->renderHttpResponse()
#30 D:\Fork\hypnotoad\backend\vendor\laravel\framework\src\Illuminate\Foundation\Bootstrap\HandleExceptions.php(262): Illuminate\Foundation\Bootstrap\HandleExceptions->handleException()
#31 [internal function]: Illuminate\Foundation\Bootstrap\HandleExceptions->{closure:Illuminate\Foundation\Bootstrap\HandleExceptions::forwardsTo():261}()
#32 {main}
  thrown {"exception":"[object] (Symfony\\Component\\ErrorHandler\\Error\\FatalError(code: 0): Uncaught Error: Call to undefined function Illuminate\\Support\\mb_split() in D:\\Fork\\hypnotoad\\backend\\vendor\\laravel\\framework\\src\\Illuminate\\Support\\Str.php:1722
Stack trace:
#0 D:\\Fork\\hypnotoad\\backend\\vendor\\laravel\\framework\\src\\Illuminate\\Support\\Manager.php(98): Illuminate\\Support\\Str::studly()
#1 D:\\Fork\\hypnotoad\\backend\\vendor\\laravel\\framework\\src\\Illuminate\\Support\\Manager.php(78): Illuminate\\Support\\Manager->createDriver()
#2 D:\\Fork\\hypnotoad\\backend\\vendor\\laravel\\framework\\src\\Illuminate\\Session\\SessionServiceProvider.php(52): Illuminate\\Support\\Manager->driver()
#3 D:\\Fork\\hypnotoad\\backend\\vendor\\laravel\\framework\\src\\Illuminate\\Container\\Container.php(1115): Illuminate\\Session\\SessionServiceProvider->{closure:Illuminate\\Session\\SessionServiceProvider::registerSessionDriver():48}()
#4 D:\\Fork\\hypnotoad\\backend\\vendor\\laravel\\framework\\src\\Illuminate\\Container\\Container.php(933): Illuminate\\Container\\Container->build()
#5 D:\\Fork\\hypnotoad\\backend\\vendor\\laravel\\framework\\src\\Illuminate\\Foundation\\Application.php(1078): Illuminate\\Container\\Container->resolve()
#6 D:\\Fork\\hypnotoad\\backend\\vendor\\laravel\\framework\\src\\Illuminate\\Container\\Container.php(864): Illuminate\\Foundation\\Application->resolve()
#7 D:\\Fork\\hypnotoad\\backend\\vendor\\laravel\\framework\\src\\Illuminate\\Foundation\\Application.php(1058): Illuminate\\Container\\Container->make()
#8 D:\\Fork\\hypnotoad\\backend\\vendor\\laravel\\framework\\src\\Illuminate\\Container\\Container.php(1805): Illuminate\\Foundation\\Application->make()
#9 D:\\Fork\\hypnotoad\\backend\\vendor\\laravel\\framework\\src\\Illuminate\\Routing\\RoutingServiceProvider.php(121): Illuminate\\Container\\Container->offsetGet()
#10 D:\\Fork\\hypnotoad\\backend\\vendor\\laravel\\framework\\src\\Illuminate\\Container\\Container.php(1115): Illuminate\\Routing\\RoutingServiceProvider->{closure:Illuminate\\Routing\\RoutingServiceProvider::registerRedirector():114}()
#11 D:\\Fork\\hypnotoad\\backend\\vendor\\laravel\\framework\\src\\Illuminate\\Container\\Container.php(933): Illuminate\\Container\\Container->build()
#12 D:\\Fork\\hypnotoad\\backend\\vendor\\laravel\\framework\\src\\Illuminate\\Foundation\\Application.php(1078): Illuminate\\Container\\Container->resolve()
#13 D:\\Fork\\hypnotoad\\backend\\vendor\\laravel\\framework\\src\\Illuminate\\Container\\Container.php(864): Illuminate\\Foundation\\Application->resolve()
#14 D:\\Fork\\hypnotoad\\backend\\vendor\\laravel\\framework\\src\\Illuminate\\Foundation\\Application.php(1058): Illuminate\\Container\\Container->make()
#15 D:\\Fork\\hypnotoad\\backend\\vendor\\laravel\\framework\\src\\Illuminate\\Container\\Container.php(1805): Illuminate\\Foundation\\Application->make()
#16 D:\\Fork\\hypnotoad\\backend\\vendor\\laravel\\framework\\src\\Illuminate\\Routing\\RoutingServiceProvider.php(177): Illuminate\\Container\\Container->offsetGet()
#17 D:\\Fork\\hypnotoad\\backend\\vendor\\laravel\\framework\\src\\Illuminate\\Container\\Container.php(1115): Illuminate\\Routing\\RoutingServiceProvider->{closure:Illuminate\\Routing\\RoutingServiceProvider::registerResponseFactory():176}()
#18 D:\\Fork\\hypnotoad\\backend\\vendor\\laravel\\framework\\src\\Illuminate\\Container\\Container.php(933): Illuminate\\Container\\Container->build()
#19 D:\\Fork\\hypnotoad\\backend\\vendor\\laravel\\framework\\src\\Illuminate\\Foundation\\Application.php(1078): Illuminate\\Container\\Container->resolve()
#20 D:\\Fork\\hypnotoad\\backend\\vendor\\laravel\\framework\\src\\Illuminate\\Container\\Container.php(864): Illuminate\\Foundation\\Application->resolve()
#21 D:\\Fork\\hypnotoad\\backend\\vendor\\laravel\\framework\\src\\Illuminate\\Foundation\\Application.php(1058): Illuminate\\Container\\Container->make()
#22 D:\\Fork\\hypnotoad\\backend\\vendor\\laravel\\framework\\src\\Illuminate\\Foundation\\helpers.php(138): Illuminate\\Foundation\\Application->make()
#23 D:\\Fork\\hypnotoad\\backend\\vendor\\laravel\\framework\\src\\Illuminate\\Foundation\\helpers.php(850): app()
#24 D:\\Fork\\hypnotoad\\backend\\vendor\\laravel\\framework\\src\\Illuminate\\Foundation\\Exceptions\\Handler.php(987): response()
#25 D:\\Fork\\hypnotoad\\backend\\vendor\\laravel\\framework\\src\\Illuminate\\Foundation\\Exceptions\\Handler.php(839): Illuminate\\Foundation\\Exceptions\\Handler->toIlluminateResponse()
#26 D:\\Fork\\hypnotoad\\backend\\vendor\\laravel\\framework\\src\\Illuminate\\Foundation\\Exceptions\\Handler.php(738): Illuminate\\Foundation\\Exceptions\\Handler->prepareResponse()
#27 D:\\Fork\\hypnotoad\\backend\\vendor\\laravel\\framework\\src\\Illuminate\\Foundation\\Exceptions\\Handler.php(626): Illuminate\\Foundation\\Exceptions\\Handler->renderExceptionResponse()
#28 D:\\Fork\\hypnotoad\\backend\\vendor\\laravel\\framework\\src\\Illuminate\\Foundation\\Bootstrap\\HandleExceptions.php(225): Illuminate\\Foundation\\Exceptions\\Handler->render()
#29 D:\\Fork\\hypnotoad\\backend\\vendor\\laravel\\framework\\src\\Illuminate\\Foundation\\Bootstrap\\HandleExceptions.php(202): Illuminate\\Foundation\\Bootstrap\\HandleExceptions->renderHttpResponse()
#30 D:\\Fork\\hypnotoad\\backend\\vendor\\laravel\\framework\\src\\Illuminate\\Foundation\\Bootstrap\\HandleExceptions.php(262): Illuminate\\Foundation\\Bootstrap\\HandleExceptions->handleException()
#31 [internal function]: Illuminate\\Foundation\\Bootstrap\\HandleExceptions->{closure:Illuminate\\Foundation\\Bootstrap\\HandleExceptions::forwardsTo():261}()
#32 {main}
  thrown at D:/Fork/hypnotoad/backend/vendor/laravel/framework/src/Illuminate/Support/Str.php:1722)
[stacktrace]
#0 {main}
"} 
[2026-09-28 20:36:24] local.DEBUG: From: shkelio-backend <noreply@shkelio.com>
To: matasmatasp@gmail.com
Subject: =?utf-8?Q?U=C5=BEsakymo?= patvirtinimas =?utf-8?Q?=E2=80=94?=
 SHK-20260928-OH2FDK
MIME-Version: 1.0
Date: Mon, 28 Sep 2026 20:36:24 +0300
Message-ID: <eab810eccaf0a5c39f92fe0239628424@shkelio.com>
Content-Type: text/html; charset=utf-8
Content-Transfer-Encoding: quoted-printable

<!DOCTYPE html>
<html lang="lt">
<head>
    <meta charset="utf-8">
    <meta name="viewport" content="width=device-width, initial-scale=1">
    <title>Order confirmation</title>
</head>
<body style="font-family: sans-serif; max-width: 600px; margin: 0 auto; padding: 20px;">
    <h1>Užsakymo patvirtinimas</h1>

    <p>Ačiū už apmokėjimą!</p>

    <p><strong>Užsakymo nr.:</strong> SHK-20260928-OH2FDK</p>
    <p><strong>Data:</strong> 2026-09-28 20:36</p>

    <table style="width: 100%; border-collapse: collapse; margin: 20px 0;">
        <thead>
            <tr style="border-bottom: 2px solid #ddd; text-align: left;">
                <th style="padding: 8px;">Produktas</th>
                <th style="padding: 8px; text-align: center;">Kiekis</th>
                <th style="padding: 8px; text-align: right;">Suma</th>
            </tr>
        </thead>
        <tbody>
                            <tr style="border-bottom: 1px solid #eee;">
                    <td style="padding: 8px;">Individuali konsultacija</td>
                    <td style="padding: 8px; text-align: center;">1</td>
                    <td style="padding: 8px; text-align: right;">132,00 €</td>
                </tr>
                    </tbody>
        <tfoot>
            <tr style="border-top: 2px solid #ddd;">
                <td colspan="2" style="padding: 8px; text-align: right;"><strong>Iš viso:</strong></td>
                <td style="padding: 8px; text-align: right;"><strong>132,00 €</strong></td>
            </tr>
        </tfoot>
    </table>

    
    <hr style="margin: 30px 0; border: none; border-top: 1px solid #ddd;">
    <p style="color: #666; font-size: 0.9em;">shkelio.com — Oksana Sakalauskienė</p>
</body>
</html>
  
[2026-09-28 20:36:24] local.DEBUG: From: shkelio-backend <noreply@shkelio.com>
To: matasmatasp@gmail.com
Subject: Naujas =?utf-8?Q?apmok=C4=97tas_u=C5=BEsakymas_=E2=80=94?=
 SHK-20260928-OH2FDK
MIME-Version: 1.0
Date: Mon, 28 Sep 2026 20:36:24 +0300
Message-ID: <0e6201d3943117d8fab433bccf8f7fe3@shkelio.com>
Content-Type: text/html; charset=utf-8
Content-Transfer-Encoding: quoted-printable

<!DOCTYPE html>
<html lang="lt">
<head>
    <meta charset="utf-8">
    <meta name="viewport" content="width=device-width, initial-scale=1">
    <title>Naujas apmokėtas užsakymas</title>
</head>
<body style="font-family: sans-serif; max-width: 600px; margin: 0 auto; padding: 20px;">
    <h1>Naujas apmokėtas užsakymas</h1>

    <p><strong>Užsakymo nr.:</strong> SHK-20260928-OH2FDK</p>
    <p><strong>Klientas:</strong> Matas Test</p>
    <p><strong>El. paštas:</strong> matasmatasp@gmail.com</p>
        <p><strong>Apmokėta:</strong> 2026-09-28 20:36</p>

    <table style="width: 100%; border-collapse: collapse; margin: 20px 0;">
        <thead>
            <tr style="border-bottom: 2px solid #ddd; text-align: left;">
                <th style="padding: 8px;">Produktas</th>
                <th style="padding: 8px; text-align: center;">Kiekis</th>
                <th style="padding: 8px; text-align: right;">Suma</th>
            </tr>
        </thead>
        <tbody>
                            <tr style="border-bottom: 1px solid #eee;">
                    <td style="padding: 8px;">Individuali konsultacija</td>
                    <td style="padding: 8px; text-align: center;">1</td>
                    <td style="padding: 8px; text-align: right;">132,00 €</td>
                </tr>
                    </tbody>
        <tfoot>
            <tr style="border-top: 2px solid #ddd;">
                <td colspan="2" style="padding: 8px; text-align: right;"><strong>Iš viso:</strong></td>
                <td style="padding: 8px; text-align: right;"><strong>132,00 €</strong></td>
            </tr>
        </tfoot>
    </table>

    
    <p style="margin-top: 30px;">
        <a href="http://localhost:8000/admin/orders/13">Peržiūrėti užsakymą administravime</a>
    </p>
</body>
</html>
  
[2026-09-28 20:36:24] local.INFO: Webhook processed {"event_id":"123456789:1","order_number":"SHK-20260928-OH2FDK","status":"paid","verified":true} 
[2026-09-28 20:36:40] local.INFO: Duplicate webhook event ignored (idempotent) {"event_id":"123456789:1","order_id":13} 
[2026-09-28 23:08:59] testing.INFO: Webhook processed {"event_id":"evt-001","order_number":"SHK-TEST-001","status":"paid","verified":true} 
[2026-09-28 23:08:59] testing.INFO: Duplicate webhook event ignored (idempotent) {"event_id":"evt-001","order_id":1} 
[2026-09-28 23:08:59] testing.ERROR: Webhook signature verification failed {"event_id":"evt-bad-sig","order_number":"SHK-TEST-001","provider":"montonio"} 
[2026-09-28 23:08:59] testing.ERROR: Webhook amount mismatch {"event_id":"evt-mismatch","order_number":"SHK-TEST-001","expected":13200,"received":9999} 
[2026-09-28 23:08:59] testing.ERROR: Webhook for unknown order {"event_id":"evt-unknown","order_number":"SHK-NONEXISTENT"} 
[2026-09-28 23:09:46] local.ERROR: Call to undefined function Illuminate\Support\mb_split() {"exception":"[object] (Error(code: 0): Call to undefined function Illuminate\\Support\\mb_split() at D:/Fork/hypnotoad/backend/vendor/laravel/framework/src/Illuminate/Support/Str.php:1722)
[stacktrace]
#0 D:/Fork/hypnotoad/backend/vendor/laravel/framework/src/Illuminate/Support/Manager.php(98): Illuminate/Support/Str::studly()
#1 D:/Fork/hypnotoad/backend/vendor/laravel/framework/src/Illuminate/Support/Manager.php(78): Illuminate/Support/Manager->createDriver()
#2 D:/Fork/hypnotoad/backend/vendor/laravel/framework/src/Illuminate/Foundation/Providers/FoundationServiceProvider.php(293): Illuminate/Support/Manager->driver()
#3 D:/Fork/hypnotoad/backend/vendor/laravel/framework/src/Illuminate/Container/Container.php(1115): Illuminate/Foundation/Providers/FoundationServiceProvider->{closure:Illuminate/Foundation/Providers/FoundationServiceProvider::registerMaintenanceModeManager():293}()
#4 D:/Fork/hypnotoad/backend/vendor/laravel/framework/src/Illuminate/Container/Container.php(933): Illuminate/Container/Container->build()
#5 D:/Fork/hypnotoad/backend/vendor/laravel/framework/src/Illuminate/Foundation/Application.php(1078): Illuminate/Container/Container->resolve()
#6 D:/Fork/hypnotoad/backend/vendor/laravel/framework/src/Illuminate/Container/Container.php(864): Illuminate/Foundation/Application->resolve()
#7 D:/Fork/hypnotoad/backend/vendor/laravel/framework/src/Illuminate/Foundation/Application.php(1058): Illuminate/Container/Container->make()
#8 D:/Fork/hypnotoad/backend/vendor/laravel/framework/src/Illuminate/Foundation/Application.php(1410): Illuminate/Foundation/Application->make()
#9 D:/Fork/hypnotoad/backend/vendor/laravel/framework/src/Illuminate/Foundation/Http/Middleware/PreventRequestsDuringMaintenance.php(64): Illuminate/Foundation/Application->maintenanceMode()
#10 D:/Fork/hypnotoad/backend/vendor/laravel/framework/src/Illuminate/Pipeline/Pipeline.php(219): Illuminate/Foundation/Http/Middleware/PreventRequestsDuringMaintenance->handle()
#11 D:/Fork/hypnotoad/backend/vendor/laravel/framework/src/Illuminate/Http/Middleware/HandleCors.php(61): Illuminate/Pipeline/Pipeline->{closure:{closure:Illuminate/Pipeline/Pipeline::carry():194}:195}()
#12 D:/Fork/hypnotoad/backend/vendor/laravel/framework/src/Illuminate/Pipeline/Pipeline.php(219): Illuminate/Http/Middleware/HandleCors->handle()
#13 D:/Fork/hypnotoad/backend/vendor/laravel/framework/src/Illuminate/Http/Middleware/TrustProxies.php(58): Illuminate/Pipeline/Pipeline->{closure:{closure:Illuminate/Pipeline/Pipeline::carry():194}:195}()
#14 D:/Fork/hypnotoad/backend/vendor/laravel/framework/src/Illuminate/Pipeline/Pipeline.php(219): Illuminate/Http/Middleware/TrustProxies->handle()
#15 D:/Fork/hypnotoad/backend/vendor/laravel/framework/src/Illuminate/Foundation/Http/Middleware/InvokeDeferredCallbacks.php(22): Illuminate/Pipeline/Pipeline->{closure:{closure:Illuminate/Pipeline/Pipeline::carry():194}:195}()
#16 D:/Fork/hypnotoad/backend/vendor/laravel/framework/src/Illuminate/Pipeline/Pipeline.php(219): Illuminate/Foundation/Http/Middleware/InvokeDeferredCallbacks->handle()
#17 D:/Fork/hypnotoad/backend/vendor/laravel/framework/src/Illuminate/Http/Middleware/ValidatePathEncoding.php(26): Illuminate/Pipeline/Pipeline->{closure:{closure:Illuminate/Pipeline/Pipeline::carry():194}:195}()
#18 D:/Fork/hypnotoad/backend/vendor/laravel/framework/src/Illuminate/Pipeline/Pipeline.php(219): Illuminate/Http/Middleware/ValidatePathEncoding->handle()
#19 D:/Fork/hypnotoad/backend/vendor/laravel/framework/src/Illuminate/Pipeline/Pipeline.php(137): Illuminate/Pipeline/Pipeline->{closure:{closure:Illuminate/Pipeline/Pipeline::carry():194}:195}()
#20 D:/Fork/hypnotoad/backend/vendor/laravel/framework/src/Illuminate/Foundation/Http/Kernel.php(175): Illuminate/Pipeline/Pipeline->then()
#21 D:/Fork/hypnotoad/backend/vendor/laravel/framework/src/Illuminate/Foundation/Http/Kernel.php(144): Illuminate/Foundation/Http/Kernel->sendRequestThroughRouter()
#22 D:/Fork/hypnotoad/backend/public/index.php(16): Illuminate/Foundation/Http/Kernel->handle()
#23 D:/Fork/hypnotoad/backend/vendor/laravel/framework/src/Illuminate/Foundation/resources/server.php(23): require_once('...')
#24 {main}
"} 
[2026-09-28 23:09:46] local.ERROR: Call to undefined function Illuminate\Support\mb_split() {"exception":"[object] (Error(code: 0): Call to undefined function Illuminate\\Support\\mb_split() at D:/Fork/hypnotoad/backend/vendor/laravel/framework/src/Illuminate/Support/Str.php:1722)
[stacktrace]
#0 D:/Fork/hypnotoad/backend/vendor/laravel/framework/src/Illuminate/Support/Manager.php(98): Illuminate/Support/Str::studly()
#1 D:/Fork/hypnotoad/backend/vendor/laravel/framework/src/Illuminate/Support/Manager.php(78): Illuminate/Support/Manager->createDriver()
#2 D:/Fork/hypnotoad/backend/vendor/laravel/framework/src/Illuminate/Session/SessionServiceProvider.php(52): Illuminate/Support/Manager->driver()
#3 D:/Fork/hypnotoad/backend/vendor/laravel/framework/src/Illuminate/Container/Container.php(1115): Illuminate/Session/SessionServiceProvider->{closure:Illuminate/Session/SessionServiceProvider::registerSessionDriver():48}()
#4 D:/Fork/hypnotoad/backend/vendor/laravel/framework/src/Illuminate/Container/Container.php(933): Illuminate/Container/Container->build()
#5 D:/Fork/hypnotoad/backend/vendor/laravel/framework/src/Illuminate/Foundation/Application.php(1078): Illuminate/Container/Container->resolve()
#6 D:/Fork/hypnotoad/backend/vendor/laravel/framework/src/Illuminate/Container/Container.php(864): Illuminate/Foundation/Application->resolve()
#7 D:/Fork/hypnotoad/backend/vendor/laravel/framework/src/Illuminate/Foundation/Application.php(1058): Illuminate/Container/Container->make()
#8 D:/Fork/hypnotoad/backend/vendor/laravel/framework/src/Illuminate/Container/Container.php(1805): Illuminate/Foundation/Application->make()
#9 D:/Fork/hypnotoad/backend/vendor/laravel/framework/src/Illuminate/Routing/RoutingServiceProvider.php(121): Illuminate/Container/Container->offsetGet()
#10 D:/Fork/hypnotoad/backend/vendor/laravel/framework/src/Illuminate/Container/Container.php(1115): Illuminate/Routing/RoutingServiceProvider->{closure:Illuminate/Routing/RoutingServiceProvider::registerRedirector():114}()
#11 D:/Fork/hypnotoad/backend/vendor/laravel/framework/src/Illuminate/Container/Container.php(933): Illuminate/Container/Container->build()
#12 D:/Fork/hypnotoad/backend/vendor/laravel/framework/src/Illuminate/Foundation/Application.php(1078): Illuminate/Container/Container->resolve()
#13 D:/Fork/hypnotoad/backend/vendor/laravel/framework/src/Illuminate/Container/Container.php(864): Illuminate/Foundation/Application->resolve()
#14 D:/Fork/hypnotoad/backend/vendor/laravel/framework/src/Illuminate/Foundation/Application.php(1058): Illuminate/Container/Container->make()
#15 D:/Fork/hypnotoad/backend/vendor/laravel/framework/src/Illuminate/Container/Container.php(1805): Illuminate/Foundation/Application->make()
#16 D:/Fork/hypnotoad/backend/vendor/laravel/framework/src/Illuminate/Routing/RoutingServiceProvider.php(177): Illuminate/Container/Container->offsetGet()
#17 D:/Fork/hypnotoad/backend/vendor/laravel/framework/src/Illuminate/Container/Container.php(1115): Illuminate/Routing/RoutingServiceProvider->{closure:Illuminate/Routing/RoutingServiceProvider::registerResponseFactory():176}()
#18 D:/Fork/hypnotoad/backend/vendor/laravel/framework/src/Illuminate/Container/Container.php(933): Illuminate/Container/Container->build()
#19 D:/Fork/hypnotoad/backend/vendor/laravel/framework/src/Illuminate/Foundation/Application.php(1078): Illuminate/Container/Container->resolve()
#20 D:/Fork/hypnotoad/backend/vendor/laravel/framework/src/Illuminate/Container/Container.php(864): Illuminate/Foundation/Application->resolve()
#21 D:/Fork/hypnotoad/backend/vendor/laravel/framework/src/Illuminate/Foundation/Application.php(1058): Illuminate/Container/Container->make()
#22 D:/Fork/hypnotoad/backend/vendor/laravel/framework/src/Illuminate/Foundation/helpers.php(138): Illuminate/Foundation/Application->make()
#23 D:/Fork/hypnotoad/backend/vendor/laravel/framework/src/Illuminate/Foundation/helpers.php(850): app()
#24 D:/Fork/hypnotoad/backend/vendor/laravel/framework/src/Illuminate/Foundation/Exceptions/Handler.php(987): response()
#25 D:/Fork/hypnotoad/backend/vendor/laravel/framework/src/Illuminate/Foundation/Exceptions/Handler.php(839): Illuminate/Foundation/Exceptions/Handler->toIlluminateResponse()
#26 D:/Fork/hypnotoad/backend/vendor/laravel/framework/src/Illuminate/Foundation/Exceptions/Handler.php(738): Illuminate/Foundation/Exceptions/Handler->prepareResponse()
#27 D:/Fork/hypnotoad/backend/vendor/laravel/framework/src/Illuminate/Foundation/Exceptions/Handler.php(626): Illuminate/Foundation/Exceptions/Handler->renderExceptionResponse()
#28 D:/Fork/hypnotoad/backend/vendor/laravel/framework/src/Illuminate/Routing/Pipeline.php(51): Illuminate/Foundation/Exceptions/Handler->render()
#29 D:/Fork/hypnotoad/backend/vendor/laravel/framework/src/Illuminate/Pipeline/Pipeline.php(224): Illuminate/Routing/Pipeline->handleException()
#30 D:/Fork/hypnotoad/backend/vendor/laravel/framework/src/Illuminate/Http/Middleware/HandleCors.php(61): Illuminate/Pipeline/Pipeline->{closure:{closure:Illuminate/Pipeline/Pipeline::carry():194}:195}()
#31 D:/Fork/hypnotoad/backend/vendor/laravel/framework/src/Illuminate/Pipeline/Pipeline.php(219): Illuminate/Http/Middleware/HandleCors->handle()
#32 D:/Fork/hypnotoad/backend/vendor/laravel/framework/src/Illuminate/Http/Middleware/TrustProxies.php(58): Illuminate/Pipeline/Pipeline->{closure:{closure:Illuminate/Pipeline/Pipeline::carry():194}:195}()
#33 D:/Fork/hypnotoad/backend/vendor/laravel/framework/src/Illuminate/Pipeline/Pipeline.php(219): Illuminate/Http/Middleware/TrustProxies->handle()
#34 D:/Fork/hypnotoad/backend/vendor/laravel/framework/src/Illuminate/Foundation/Http/Middleware/InvokeDeferredCallbacks.php(22): Illuminate/Pipeline/Pipeline->{closure:{closure:Illuminate/Pipeline/Pipeline::carry():194}:195}()
#35 D:/Fork/hypnotoad/backend/vendor/laravel/framework/src/Illuminate/Pipeline/Pipeline.php(219): Illuminate/Foundation/Http/Middleware/InvokeDeferredCallbacks->handle()
#36 D:/Fork/hypnotoad/backend/vendor/laravel/framework/src/Illuminate/Http/Middleware/ValidatePathEncoding.php(26): Illuminate/Pipeline/Pipeline->{closure:{closure:Illuminate/Pipeline/Pipeline::carry():194}:195}()
#37 D:/Fork/hypnotoad/backend/vendor/laravel/framework/src/Illuminate/Pipeline/Pipeline.php(219): Illuminate/Http/Middleware/ValidatePathEncoding->handle()
#38 D:/Fork/hypnotoad/backend/vendor/laravel/framework/src/Illuminate/Pipeline/Pipeline.php(137): Illuminate/Pipeline/Pipeline->{closure:{closure:Illuminate/Pipeline/Pipeline::carry():194}:195}()
#39 D:/Fork/hypnotoad/backend/vendor/laravel/framework/src/Illuminate/Foundation/Http/Kernel.php(175): Illuminate/Pipeline/Pipeline->then()
#40 D:/Fork/hypnotoad/backend/vendor/laravel/framework/src/Illuminate/Foundation/Http/Kernel.php(144): Illuminate/Foundation/Http/Kernel->sendRequestThroughRouter()
#41 D:/Fork/hypnotoad/backend/public/index.php(16): Illuminate/Foundation/Http/Kernel->handle()
#42 D:/Fork/hypnotoad/backend/vendor/laravel/framework/src/Illuminate/Foundation/resources/server.php(23): require_once('...')
#43 {main}
"} 
[2026-09-28 23:09:47] local.ERROR: Call to undefined function Illuminate\Support\mb_split() {"exception":"[object] (Error(code: 0): Call to undefined function Illuminate\\Support\\mb_split() at D:/Fork/hypnotoad/backend/vendor/laravel/framework/src/Illuminate/Support/Str.php:1722)
[stacktrace]
#0 D:/Fork/hypnotoad/backend/vendor/laravel/framework/src/Illuminate/Support/Manager.php(98): Illuminate/Support/Str::studly()
#1 D:/Fork/hypnotoad/backend/vendor/laravel/framework/src/Illuminate/Support/Manager.php(78): Illuminate/Support/Manager->createDriver()
#2 D:/Fork/hypnotoad/backend/vendor/laravel/framework/src/Illuminate/Session/SessionServiceProvider.php(52): Illuminate/Support/Manager->driver()
#3 D:/Fork/hypnotoad/backend/vendor/laravel/framework/src/Illuminate/Container/Container.php(1115): Illuminate/Session/SessionServiceProvider->{closure:Illuminate/Session/SessionServiceProvider::registerSessionDriver():48}()
#4 D:/Fork/hypnotoad/backend/vendor/laravel/framework/src/Illuminate/Container/Container.php(933): Illuminate/Container/Container->build()
#5 D:/Fork/hypnotoad/backend/vendor/laravel/framework/src/Illuminate/Foundation/Application.php(1078): Illuminate/Container/Container->resolve()
#6 D:/Fork/hypnotoad/backend/vendor/laravel/framework/src/Illuminate/Container/Container.php(864): Illuminate/Foundation/Application->resolve()
#7 D:/Fork/hypnotoad/backend/vendor/laravel/framework/src/Illuminate/Foundation/Application.php(1058): Illuminate/Container/Container->make()
#8 D:/Fork/hypnotoad/backend/vendor/laravel/framework/src/Illuminate/Container/Container.php(1805): Illuminate/Foundation/Application->make()
#9 D:/Fork/hypnotoad/backend/vendor/laravel/framework/src/Illuminate/Routing/RoutingServiceProvider.php(121): Illuminate/Container/Container->offsetGet()
#10 D:/Fork/hypnotoad/backend/vendor/laravel/framework/src/Illuminate/Container/Container.php(1115): Illuminate/Routing/RoutingServiceProvider->{closure:Illuminate/Routing/RoutingServiceProvider::registerRedirector():114}()
#11 D:/Fork/hypnotoad/backend/vendor/laravel/framework/src/Illuminate/Container/Container.php(933): Illuminate/Container/Container->build()
#12 D:/Fork/hypnotoad/backend/vendor/laravel/framework/src/Illuminate/Foundation/Application.php(1078): Illuminate/Container/Container->resolve()
#13 D:/Fork/hypnotoad/backend/vendor/laravel/framework/src/Illuminate/Container/Container.php(864): Illuminate/Foundation/Application->resolve()
#14 D:/Fork/hypnotoad/backend/vendor/laravel/framework/src/Illuminate/Foundation/Application.php(1058): Illuminate/Container/Container->make()
#15 D:/Fork/hypnotoad/backend/vendor/laravel/framework/src/Illuminate/Container/Container.php(1805): Illuminate/Foundation/Application->make()
#16 D:/Fork/hypnotoad/backend/vendor/laravel/framework/src/Illuminate/Routing/RoutingServiceProvider.php(177): Illuminate/Container/Container->offsetGet()
#17 D:/Fork/hypnotoad/backend/vendor/laravel/framework/src/Illuminate/Container/Container.php(1115): Illuminate/Routing/RoutingServiceProvider->{closure:Illuminate/Routing/RoutingServiceProvider::registerResponseFactory():176}()
#18 D:/Fork/hypnotoad/backend/vendor/laravel/framework/src/Illuminate/Container/Container.php(933): Illuminate/Container/Container->build()
#19 D:/Fork/hypnotoad/backend/vendor/laravel/framework/src/Illuminate/Foundation/Application.php(1078): Illuminate/Container/Container->resolve()
#20 D:/Fork/hypnotoad/backend/vendor/laravel/framework/src/Illuminate/Container/Container.php(864): Illuminate/Foundation/Application->resolve()
#21 D:/Fork/hypnotoad/backend/vendor/laravel/framework/src/Illuminate/Foundation/Application.php(1058): Illuminate/Container/Container->make()
#22 D:/Fork/hypnotoad/backend/vendor/laravel/framework/src/Illuminate/Foundation/helpers.php(138): Illuminate/Foundation/Application->make()
#23 D:/Fork/hypnotoad/backend/vendor/laravel/framework/src/Illuminate/Foundation/helpers.php(850): app()
#24 D:/Fork/hypnotoad/backend/vendor/laravel/framework/src/Illuminate/Foundation/Exceptions/Handler.php(987): response()
#25 D:/Fork/hypnotoad/backend/vendor/laravel/framework/src/Illuminate/Foundation/Exceptions/Handler.php(839): Illuminate/Foundation/Exceptions/Handler->toIlluminateResponse()
#26 D:/Fork/hypnotoad/backend/vendor/laravel/framework/src/Illuminate/Foundation/Exceptions/Handler.php(738): Illuminate/Foundation/Exceptions/Handler->prepareResponse()
#27 D:/Fork/hypnotoad/backend/vendor/laravel/framework/src/Illuminate/Foundation/Exceptions/Handler.php(626): Illuminate/Foundation/Exceptions/Handler->renderExceptionResponse()
#28 D:/Fork/hypnotoad/backend/vendor/laravel/framework/src/Illuminate/Routing/Pipeline.php(51): Illuminate/Foundation/Exceptions/Handler->render()
#29 D:/Fork/hypnotoad/backend/vendor/laravel/framework/src/Illuminate/Pipeline/Pipeline.php(224): Illuminate/Routing/Pipeline->handleException()
#30 D:/Fork/hypnotoad/backend/vendor/laravel/framework/src/Illuminate/Http/Middleware/TrustProxies.php(58): Illuminate/Pipeline/Pipeline->{closure:{closure:Illuminate/Pipeline/Pipeline::carry():194}:195}()
#31 D:/Fork/hypnotoad/backend/vendor/laravel/framework/src/Illuminate/Pipeline/Pipeline.php(219): Illuminate/Http/Middleware/TrustProxies->handle()
#32 D:/Fork/hypnotoad/backend/vendor/laravel/framework/src/Illuminate/Foundation/Http/Middleware/InvokeDeferredCallbacks.php(22): Illuminate/Pipeline/Pipeline->{closure:{closure:Illuminate/Pipeline/Pipeline::carry():194}:195}()
#33 D:/Fork/hypnotoad/backend/vendor/laravel/framework/src/Illuminate/Pipeline/Pipeline.php(219): Illuminate/Foundation/Http/Middleware/InvokeDeferredCallbacks->handle()
#34 D:/Fork/hypnotoad/backend/vendor/laravel/framework/src/Illuminate/Http/Middleware/ValidatePathEncoding.php(26): Illuminate/Pipeline/Pipeline->{closure:{closure:Illuminate/Pipeline/Pipeline::carry():194}:195}()
#35 D:/Fork/hypnotoad/backend/vendor/laravel/framework/src/Illuminate/Pipeline/Pipeline.php(219): Illuminate/Http/Middleware/ValidatePathEncoding->handle()
#36 D:/Fork/hypnotoad/backend/vendor/laravel/framework/src/Illuminate/Pipeline/Pipeline.php(137): Illuminate/Pipeline/Pipeline->{closure:{closure:Illuminate/Pipeline/Pipeline::carry():194}:195}()
#37 D:/Fork/hypnotoad/backend/vendor/laravel/framework/src/Illuminate/Foundation/Http/Kernel.php(175): Illuminate/Pipeline/Pipeline->then()
#38 D:/Fork/hypnotoad/backend/vendor/laravel/framework/src/Illuminate/Foundation/Http/Kernel.php(144): Illuminate/Foundation/Http/Kernel->sendRequestThroughRouter()
#39 D:/Fork/hypnotoad/backend/public/index.php(16): Illuminate/Foundation/Http/Kernel->handle()
#40 D:/Fork/hypnotoad/backend/vendor/laravel/framework/src/Illuminate/Foundation/resources/server.php(23): require_once('...')
#41 {main}
"} 
[2026-09-28 23:09:47] local.ERROR: Call to undefined function Illuminate\Support\mb_split() {"exception":"[object] (Error(code: 0): Call to undefined function Illuminate\\Support\\mb_split() at D:/Fork/hypnotoad/backend/vendor/laravel/framework/src/Illuminate/Support/Str.php:1722)
[stacktrace]
#0 D:/Fork/hypnotoad/backend/vendor/laravel/framework/src/Illuminate/Support/Manager.php(98): Illuminate/Support/Str::studly()
#1 D:/Fork/hypnotoad/backend/vendor/laravel/framework/src/Illuminate/Support/Manager.php(78): Illuminate/Support/Manager->createDriver()
#2 D:/Fork/hypnotoad/backend/vendor/laravel/framework/src/Illuminate/Session/SessionServiceProvider.php(52): Illuminate/Support/Manager->driver()
#3 D:/Fork/hypnotoad/backend/vendor/laravel/framework/src/Illuminate/Container/Container.php(1115): Illuminate/Session/SessionServiceProvider->{closure:Illuminate/Session/SessionServiceProvider::registerSessionDriver():48}()
#4 D:/Fork/hypnotoad/backend/vendor/laravel/framework/src/Illuminate/Container/Container.php(933): Illuminate/Container/Container->build()
#5 D:/Fork/hypnotoad/backend/vendor/laravel/framework/src/Illuminate/Foundation/Application.php(1078): Illuminate/Container/Container->resolve()
#6 D:/Fork/hypnotoad/backend/vendor/laravel/framework/src/Illuminate/Container/Container.php(864): Illuminate/Foundation/Application->resolve()
#7 D:/Fork/hypnotoad/backend/vendor/laravel/framework/src/Illuminate/Foundation/Application.php(1058): Illuminate/Container/Container->make()
#8 D:/Fork/hypnotoad/backend/vendor/laravel/framework/src/Illuminate/Container/Container.php(1805): Illuminate/Foundation/Application->make()
#9 D:/Fork/hypnotoad/backend/vendor/laravel/framework/src/Illuminate/Routing/RoutingServiceProvider.php(121): Illuminate/Container/Container->offsetGet()
#10 D:/Fork/hypnotoad/backend/vendor/laravel/framework/src/Illuminate/Container/Container.php(1115): Illuminate/Routing/RoutingServiceProvider->{closure:Illuminate/Routing/RoutingServiceProvider::registerRedirector():114}()
#11 D:/Fork/hypnotoad/backend/vendor/laravel/framework/src/Illuminate/Container/Container.php(933): Illuminate/Container/Container->build()
#12 D:/Fork/hypnotoad/backend/vendor/laravel/framework/src/Illuminate/Foundation/Application.php(1078): Illuminate/Container/Container->resolve()
#13 D:/Fork/hypnotoad/backend/vendor/laravel/framework/src/Illuminate/Container/Container.php(864): Illuminate/Foundation/Application->resolve()
#14 D:/Fork/hypnotoad/backend/vendor/laravel/framework/src/Illuminate/Foundation/Application.php(1058): Illuminate/Container/Container->make()
#15 D:/Fork/hypnotoad/backend/vendor/laravel/framework/src/Illuminate/Container/Container.php(1805): Illuminate/Foundation/Application->make()
#16 D:/Fork/hypnotoad/backend/vendor/laravel/framework/src/Illuminate/Routing/RoutingServiceProvider.php(177): Illuminate/Container/Container->offsetGet()
#17 D:/Fork/hypnotoad/backend/vendor/laravel/framework/src/Illuminate/Container/Container.php(1115): Illuminate/Routing/RoutingServiceProvider->{closure:Illuminate/Routing/RoutingServiceProvider::registerResponseFactory():176}()
#18 D:/Fork/hypnotoad/backend/vendor/laravel/framework/src/Illuminate/Container/Container.php(933): Illuminate/Container/Container->build()
#19 D:/Fork/hypnotoad/backend/vendor/laravel/framework/src/Illuminate/Foundation/Application.php(1078): Illuminate/Container/Container->resolve()
#20 D:/Fork/hypnotoad/backend/vendor/laravel/framework/src/Illuminate/Container/Container.php(864): Illuminate/Foundation/Application->resolve()
#21 D:/Fork/hypnotoad/backend/vendor/laravel/framework/src/Illuminate/Foundation/Application.php(1058): Illuminate/Container/Container->make()
#22 D:/Fork/hypnotoad/backend/vendor/laravel/framework/src/Illuminate/Foundation/helpers.php(138): Illuminate/Foundation/Application->make()
#23 D:/Fork/hypnotoad/backend/vendor/laravel/framework/src/Illuminate/Foundation/helpers.php(850): app()
#24 D:/Fork/hypnotoad/backend/vendor/laravel/framework/src/Illuminate/Foundation/Exceptions/Handler.php(987): response()
#25 D:/Fork/hypnotoad/backend/vendor/laravel/framework/src/Illuminate/Foundation/Exceptions/Handler.php(839): Illuminate/Foundation/Exceptions/Handler->toIlluminateResponse()
#26 D:/Fork/hypnotoad/backend/vendor/laravel/framework/src/Illuminate/Foundation/Exceptions/Handler.php(738): Illuminate/Foundation/Exceptions/Handler->prepareResponse()
#27 D:/Fork/hypnotoad/backend/vendor/laravel/framework/src/Illuminate/Foundation/Exceptions/Handler.php(626): Illuminate/Foundation/Exceptions/Handler->renderExceptionResponse()
#28 D:/Fork/hypnotoad/backend/vendor/laravel/framework/src/Illuminate/Routing/Pipeline.php(51): Illuminate/Foundation/Exceptions/Handler->render()
#29 D:/Fork/hypnotoad/backend/vendor/laravel/framework/src/Illuminate/Pipeline/Pipeline.php(224): Illuminate/Routing/Pipeline->handleException()
#30 D:/Fork/hypnotoad/backend/vendor/laravel/framework/src/Illuminate/Foundation/Http/Middleware/InvokeDeferredCallbacks.php(22): Illuminate/Pipeline/Pipeline->{closure:{closure:Illuminate/Pipeline/Pipeline::carry():194}:195}()
#31 D:/Fork/hypnotoad/backend/vendor/laravel/framework/src/Illuminate/Pipeline/Pipeline.php(219): Illuminate/Foundation/Http/Middleware/InvokeDeferredCallbacks->handle()
#32 D:/Fork/hypnotoad/backend/vendor/laravel/framework/src/Illuminate/Http/Middleware/ValidatePathEncoding.php(26): Illuminate/Pipeline/Pipeline->{closure:{closure:Illuminate/Pipeline/Pipeline::carry():194}:195}()
#33 D:/Fork/hypnotoad/backend/vendor/laravel/framework/src/Illuminate/Pipeline/Pipeline.php(219): Illuminate/Http/Middleware/ValidatePathEncoding->handle()
#34 D:/Fork/hypnotoad/backend/vendor/laravel/framework/src/Illuminate/Pipeline/Pipeline.php(137): Illuminate/Pipeline/Pipeline->{closure:{closure:Illuminate/Pipeline/Pipeline::carry():194}:195}()
#35 D:/Fork/hypnotoad/backend/vendor/laravel/framework/src/Illuminate/Foundation/Http/Kernel.php(175): Illuminate/Pipeline/Pipeline->then()
#36 D:/Fork/hypnotoad/backend/vendor/laravel/framework/src/Illuminate/Foundation/Http/Kernel.php(144): Illuminate/Foundation/Http/Kernel->sendRequestThroughRouter()
#37 D:/Fork/hypnotoad/backend/public/index.php(16): Illuminate/Foundation/Http/Kernel->handle()
#38 D:/Fork/hypnotoad/backend/vendor/laravel/framework/src/Illuminate/Foundation/resources/server.php(23): require_once('...')
#39 {main}
"} 
[2026-09-28 23:09:47] local.ERROR: Call to undefined function Illuminate\Support\mb_split() {"exception":"[object] (Error(code: 0): Call to undefined function Illuminate\\Support\\mb_split() at D:/Fork/hypnotoad/backend/vendor/laravel/framework/src/Illuminate/Support/Str.php:1722)
[stacktrace]
#0 D:/Fork/hypnotoad/backend/vendor/laravel/framework/src/Illuminate/Support/Manager.php(98): Illuminate/Support/Str::studly()
#1 D:/Fork/hypnotoad/backend/vendor/laravel/framework/src/Illuminate/Support/Manager.php(78): Illuminate/Support/Manager->createDriver()
#2 D:/Fork/hypnotoad/backend/vendor/laravel/framework/src/Illuminate/Session/SessionServiceProvider.php(52): Illuminate/Support/Manager->driver()
#3 D:/Fork/hypnotoad/backend/vendor/laravel/framework/src/Illuminate/Container/Container.php(1115): Illuminate/Session/SessionServiceProvider->{closure:Illuminate/Session/SessionServiceProvider::registerSessionDriver():48}()
#4 D:/Fork/hypnotoad/backend/vendor/laravel/framework/src/Illuminate/Container/Container.php(933): Illuminate/Container/Container->build()
#5 D:/Fork/hypnotoad/backend/vendor/laravel/framework/src/Illuminate/Foundation/Application.php(1078): Illuminate/Container/Container->resolve()
#6 D:/Fork/hypnotoad/backend/vendor/laravel/framework/src/Illuminate/Container/Container.php(864): Illuminate/Foundation/Application->resolve()
#7 D:/Fork/hypnotoad/backend/vendor/laravel/framework/src/Illuminate/Foundation/Application.php(1058): Illuminate/Container/Container->make()
#8 D:/Fork/hypnotoad/backend/vendor/laravel/framework/src/Illuminate/Container/Container.php(1805): Illuminate/Foundation/Application->make()
#9 D:/Fork/hypnotoad/backend/vendor/laravel/framework/src/Illuminate/Routing/RoutingServiceProvider.php(121): Illuminate/Container/Container->offsetGet()
#10 D:/Fork/hypnotoad/backend/vendor/laravel/framework/src/Illuminate/Container/Container.php(1115): Illuminate/Routing/RoutingServiceProvider->{closure:Illuminate/Routing/RoutingServiceProvider::registerRedirector():114}()
#11 D:/Fork/hypnotoad/backend/vendor/laravel/framework/src/Illuminate/Container/Container.php(933): Illuminate/Container/Container->build()
#12 D:/Fork/hypnotoad/backend/vendor/laravel/framework/src/Illuminate/Foundation/Application.php(1078): Illuminate/Container/Container->resolve()
#13 D:/Fork/hypnotoad/backend/vendor/laravel/framework/src/Illuminate/Container/Container.php(864): Illuminate/Foundation/Application->resolve()
#14 D:/Fork/hypnotoad/backend/vendor/laravel/framework/src/Illuminate/Foundation/Application.php(1058): Illuminate/Container/Container->make()
#15 D:/Fork/hypnotoad/backend/vendor/laravel/framework/src/Illuminate/Container/Container.php(1805): Illuminate/Foundation/Application->make()
#16 D:/Fork/hypnotoad/backend/vendor/laravel/framework/src/Illuminate/Routing/RoutingServiceProvider.php(177): Illuminate/Container/Container->offsetGet()
#17 D:/Fork/hypnotoad/backend/vendor/laravel/framework/src/Illuminate/Container/Container.php(1115): Illuminate/Routing/RoutingServiceProvider->{closure:Illuminate/Routing/RoutingServiceProvider::registerResponseFactory():176}()
#18 D:/Fork/hypnotoad/backend/vendor/laravel/framework/src/Illuminate/Container/Container.php(933): Illuminate/Container/Container->build()
#19 D:/Fork/hypnotoad/backend/vendor/laravel/framework/src/Illuminate/Foundation/Application.php(1078): Illuminate/Container/Container->resolve()
#20 D:/Fork/hypnotoad/backend/vendor/laravel/framework/src/Illuminate/Container/Container.php(864): Illuminate/Foundation/Application->resolve()
#21 D:/Fork/hypnotoad/backend/vendor/laravel/framework/src/Illuminate/Foundation/Application.php(1058): Illuminate/Container/Container->make()
#22 D:/Fork/hypnotoad/backend/vendor/laravel/framework/src/Illuminate/Foundation/helpers.php(138): Illuminate/Foundation/Application->make()
#23 D:/Fork/hypnotoad/backend/vendor/laravel/framework/src/Illuminate/Foundation/helpers.php(850): app()
#24 D:/Fork/hypnotoad/backend/vendor/laravel/framework/src/Illuminate/Foundation/Exceptions/Handler.php(987): response()
#25 D:/Fork/hypnotoad/backend/vendor/laravel/framework/src/Illuminate/Foundation/Exceptions/Handler.php(839): Illuminate/Foundation/Exceptions/Handler->toIlluminateResponse()
#26 D:/Fork/hypnotoad/backend/vendor/laravel/framework/src/Illuminate/Foundation/Exceptions/Handler.php(738): Illuminate/Foundation/Exceptions/Handler->prepareResponse()
#27 D:/Fork/hypnotoad/backend/vendor/laravel/framework/src/Illuminate/Foundation/Exceptions/Handler.php(626): Illuminate/Foundation/Exceptions/Handler->renderExceptionResponse()
#28 D:/Fork/hypnotoad/backend/vendor/laravel/framework/src/Illuminate/Routing/Pipeline.php(51): Illuminate/Foundation/Exceptions/Handler->render()
#29 D:/Fork/hypnotoad/backend/vendor/laravel/framework/src/Illuminate/Pipeline/Pipeline.php(224): Illuminate/Routing/Pipeline->handleException()
#30 D:/Fork/hypnotoad/backend/vendor/laravel/framework/src/Illuminate/Http/Middleware/ValidatePathEncoding.php(26): Illuminate/Pipeline/Pipeline->{closure:{closure:Illuminate/Pipeline/Pipeline::carry():194}:195}()
#31 D:/Fork/hypnotoad/backend/vendor/laravel/framework/src/Illuminate/Pipeline/Pipeline.php(219): Illuminate/Http/Middleware/ValidatePathEncoding->handle()
#32 D:/Fork/hypnotoad/backend/vendor/laravel/framework/src/Illuminate/Pipeline/Pipeline.php(137): Illuminate/Pipeline/Pipeline->{closure:{closure:Illuminate/Pipeline/Pipeline::carry():194}:195}()
#33 D:/Fork/hypnotoad/backend/vendor/laravel/framework/src/Illuminate/Foundation/Http/Kernel.php(175): Illuminate/Pipeline/Pipeline->then()
#34 D:/Fork/hypnotoad/backend/vendor/laravel/framework/src/Illuminate/Foundation/Http/Kernel.php(144): Illuminate/Foundation/Http/Kernel->sendRequestThroughRouter()
#35 D:/Fork/hypnotoad/backend/public/index.php(16): Illuminate/Foundation/Http/Kernel->handle()
#36 D:/Fork/hypnotoad/backend/vendor/laravel/framework/src/Illuminate/Foundation/resources/server.php(23): require_once('...')
#37 {main}
"} 
[2026-09-28 23:09:47] local.ERROR: Call to undefined function Illuminate\Support\mb_split() {"exception":"[object] (Error(code: 0): Call to undefined function Illuminate\\Support\\mb_split() at D:/Fork/hypnotoad/backend/vendor/laravel/framework/src/Illuminate/Support/Str.php:1722)
[stacktrace]
#0 D:/Fork/hypnotoad/backend/vendor/laravel/framework/src/Illuminate/Support/Manager.php(98): Illuminate/Support/Str::studly()
#1 D:/Fork/hypnotoad/backend/vendor/laravel/framework/src/Illuminate/Support/Manager.php(78): Illuminate/Support/Manager->createDriver()
#2 D:/Fork/hypnotoad/backend/vendor/laravel/framework/src/Illuminate/Session/SessionServiceProvider.php(52): Illuminate/Support/Manager->driver()
#3 D:/Fork/hypnotoad/backend/vendor/laravel/framework/src/Illuminate/Container/Container.php(1115): Illuminate/Session/SessionServiceProvider->{closure:Illuminate/Session/SessionServiceProvider::registerSessionDriver():48}()
#4 D:/Fork/hypnotoad/backend/vendor/laravel/framework/src/Illuminate/Container/Container.php(933): Illuminate/Container/Container->build()
#5 D:/Fork/hypnotoad/backend/vendor/laravel/framework/src/Illuminate/Foundation/Application.php(1078): Illuminate/Container/Container->resolve()
#6 D:/Fork/hypnotoad/backend/vendor/laravel/framework/src/Illuminate/Container/Container.php(864): Illuminate/Foundation/Application->resolve()
#7 D:/Fork/hypnotoad/backend/vendor/laravel/framework/src/Illuminate/Foundation/Application.php(1058): Illuminate/Container/Container->make()
#8 D:/Fork/hypnotoad/backend/vendor/laravel/framework/src/Illuminate/Container/Container.php(1805): Illuminate/Foundation/Application->make()
#9 D:/Fork/hypnotoad/backend/vendor/laravel/framework/src/Illuminate/Routing/RoutingServiceProvider.php(121): Illuminate/Container/Container->offsetGet()
#10 D:/Fork/hypnotoad/backend/vendor/laravel/framework/src/Illuminate/Container/Container.php(1115): Illuminate/Routing/RoutingServiceProvider->{closure:Illuminate/Routing/RoutingServiceProvider::registerRedirector():114}()
#11 D:/Fork/hypnotoad/backend/vendor/laravel/framework/src/Illuminate/Container/Container.php(933): Illuminate/Container/Container->build()
#12 D:/Fork/hypnotoad/backend/vendor/laravel/framework/src/Illuminate/Foundation/Application.php(1078): Illuminate/Container/Container->resolve()
#13 D:/Fork/hypnotoad/backend/vendor/laravel/framework/src/Illuminate/Container/Container.php(864): Illuminate/Foundation/Application->resolve()
#14 D:/Fork/hypnotoad/backend/vendor/laravel/framework/src/Illuminate/Foundation/Application.php(1058): Illuminate/Container/Container->make()
#15 D:/Fork/hypnotoad/backend/vendor/laravel/framework/src/Illuminate/Container/Container.php(1805): Illuminate/Foundation/Application->make()
#16 D:/Fork/hypnotoad/backend/vendor/laravel/framework/src/Illuminate/Routing/RoutingServiceProvider.php(177): Illuminate/Container/Container->offsetGet()
#17 D:/Fork/hypnotoad/backend/vendor/laravel/framework/src/Illuminate/Container/Container.php(1115): Illuminate/Routing/RoutingServiceProvider->{closure:Illuminate/Routing/RoutingServiceProvider::registerResponseFactory():176}()
#18 D:/Fork/hypnotoad/backend/vendor/laravel/framework/src/Illuminate/Container/Container.php(933): Illuminate/Container/Container->build()
#19 D:/Fork/hypnotoad/backend/vendor/laravel/framework/src/Illuminate/Foundation/Application.php(1078): Illuminate/Container/Container->resolve()
#20 D:/Fork/hypnotoad/backend/vendor/laravel/framework/src/Illuminate/Container/Container.php(864): Illuminate/Foundation/Application->resolve()
#21 D:/Fork/hypnotoad/backend/vendor/laravel/framework/src/Illuminate/Foundation/Application.php(1058): Illuminate/Container/Container->make()
#22 D:/Fork/hypnotoad/backend/vendor/laravel/framework/src/Illuminate/Foundation/helpers.php(138): Illuminate/Foundation/Application->make()
#23 D:/Fork/hypnotoad/backend/vendor/laravel/framework/src/Illuminate/Foundation/helpers.php(850): app()
#24 D:/Fork/hypnotoad/backend/vendor/laravel/framework/src/Illuminate/Foundation/Exceptions/Handler.php(987): response()
#25 D:/Fork/hypnotoad/backend/vendor/laravel/framework/src/Illuminate/Foundation/Exceptions/Handler.php(839): Illuminate/Foundation/Exceptions/Handler->toIlluminateResponse()
#26 D:/Fork/hypnotoad/backend/vendor/laravel/framework/src/Illuminate/Foundation/Exceptions/Handler.php(738): Illuminate/Foundation/Exceptions/Handler->prepareResponse()
#27 D:/Fork/hypnotoad/backend/vendor/laravel/framework/src/Illuminate/Foundation/Exceptions/Handler.php(626): Illuminate/Foundation/Exceptions/Handler->renderExceptionResponse()
#28 D:/Fork/hypnotoad/backend/vendor/laravel/framework/src/Illuminate/Routing/Pipeline.php(51): Illuminate/Foundation/Exceptions/Handler->render()
#29 D:/Fork/hypnotoad/backend/vendor/laravel/framework/src/Illuminate/Pipeline/Pipeline.php(224): Illuminate/Routing/Pipeline->handleException()
#30 D:/Fork/hypnotoad/backend/vendor/laravel/framework/src/Illuminate/Pipeline/Pipeline.php(137): Illuminate/Pipeline/Pipeline->{closure:{closure:Illuminate/Pipeline/Pipeline::carry():194}:195}()
#31 D:/Fork/hypnotoad/backend/vendor/laravel/framework/src/Illuminate/Foundation/Http/Kernel.php(175): Illuminate/Pipeline/Pipeline->then()
#32 D:/Fork/hypnotoad/backend/vendor/laravel/framework/src/Illuminate/Foundation/Http/Kernel.php(144): Illuminate/Foundation/Http/Kernel->sendRequestThroughRouter()
#33 D:/Fork/hypnotoad/backend/public/index.php(16): Illuminate/Foundation/Http/Kernel->handle()
#34 D:/Fork/hypnotoad/backend/vendor/laravel/framework/src/Illuminate/Foundation/resources/server.php(23): require_once('...')
#35 {main}
"} 
[2026-09-28 23:09:47] local.ERROR: Call to undefined function Illuminate\Support\mb_split() {"exception":"[object] (Error(code: 0): Call to undefined function Illuminate\\Support\\mb_split() at D:/Fork/hypnotoad/backend/vendor/laravel/framework/src/Illuminate/Support/Str.php:1722)
[stacktrace]
#0 D:/Fork/hypnotoad/backend/vendor/laravel/framework/src/Illuminate/Support/Manager.php(98): Illuminate/Support/Str::studly()
#1 D:/Fork/hypnotoad/backend/vendor/laravel/framework/src/Illuminate/Support/Manager.php(78): Illuminate/Support/Manager->createDriver()
#2 D:/Fork/hypnotoad/backend/vendor/laravel/framework/src/Illuminate/Session/SessionServiceProvider.php(52): Illuminate/Support/Manager->driver()
#3 D:/Fork/hypnotoad/backend/vendor/laravel/framework/src/Illuminate/Container/Container.php(1115): Illuminate/Session/SessionServiceProvider->{closure:Illuminate/Session/SessionServiceProvider::registerSessionDriver():48}()
#4 D:/Fork/hypnotoad/backend/vendor/laravel/framework/src/Illuminate/Container/Container.php(933): Illuminate/Container/Container->build()
#5 D:/Fork/hypnotoad/backend/vendor/laravel/framework/src/Illuminate/Foundation/Application.php(1078): Illuminate/Container/Container->resolve()
#6 D:/Fork/hypnotoad/backend/vendor/laravel/framework/src/Illuminate/Container/Container.php(864): Illuminate/Foundation/Application->resolve()
#7 D:/Fork/hypnotoad/backend/vendor/laravel/framework/src/Illuminate/Foundation/Application.php(1058): Illuminate/Container/Container->make()
#8 D:/Fork/hypnotoad/backend/vendor/laravel/framework/src/Illuminate/Container/Container.php(1805): Illuminate/Foundation/Application->make()
#9 D:/Fork/hypnotoad/backend/vendor/laravel/framework/src/Illuminate/Routing/RoutingServiceProvider.php(121): Illuminate/Container/Container->offsetGet()
#10 D:/Fork/hypnotoad/backend/vendor/laravel/framework/src/Illuminate/Container/Container.php(1115): Illuminate/Routing/RoutingServiceProvider->{closure:Illuminate/Routing/RoutingServiceProvider::registerRedirector():114}()
#11 D:/Fork/hypnotoad/backend/vendor/laravel/framework/src/Illuminate/Container/Container.php(933): Illuminate/Container/Container->build()
#12 D:/Fork/hypnotoad/backend/vendor/laravel/framework/src/Illuminate/Foundation/Application.php(1078): Illuminate/Container/Container->resolve()
#13 D:/Fork/hypnotoad/backend/vendor/laravel/framework/src/Illuminate/Container/Container.php(864): Illuminate/Foundation/Application->resolve()
#14 D:/Fork/hypnotoad/backend/vendor/laravel/framework/src/Illuminate/Foundation/Application.php(1058): Illuminate/Container/Container->make()
#15 D:/Fork/hypnotoad/backend/vendor/laravel/framework/src/Illuminate/Container/Container.php(1805): Illuminate/Foundation/Application->make()
#16 D:/Fork/hypnotoad/backend/vendor/laravel/framework/src/Illuminate/Routing/RoutingServiceProvider.php(177): Illuminate/Container/Container->offsetGet()
#17 D:/Fork/hypnotoad/backend/vendor/laravel/framework/src/Illuminate/Container/Container.php(1115): Illuminate/Routing/RoutingServiceProvider->{closure:Illuminate/Routing/RoutingServiceProvider::registerResponseFactory():176}()
#18 D:/Fork/hypnotoad/backend/vendor/laravel/framework/src/Illuminate/Container/Container.php(933): Illuminate/Container/Container->build()
#19 D:/Fork/hypnotoad/backend/vendor/laravel/framework/src/Illuminate/Foundation/Application.php(1078): Illuminate/Container/Container->resolve()
#20 D:/Fork/hypnotoad/backend/vendor/laravel/framework/src/Illuminate/Container/Container.php(864): Illuminate/Foundation/Application->resolve()
#21 D:/Fork/hypnotoad/backend/vendor/laravel/framework/src/Illuminate/Foundation/Application.php(1058): Illuminate/Container/Container->make()
#22 D:/Fork/hypnotoad/backend/vendor/laravel/framework/src/Illuminate/Foundation/helpers.php(138): Illuminate/Foundation/Application->make()
#23 D:/Fork/hypnotoad/backend/vendor/laravel/framework/src/Illuminate/Foundation/helpers.php(850): app()
#24 D:/Fork/hypnotoad/backend/vendor/laravel/framework/src/Illuminate/Foundation/Exceptions/Handler.php(987): response()
#25 D:/Fork/hypnotoad/backend/vendor/laravel/framework/src/Illuminate/Foundation/Exceptions/Handler.php(839): Illuminate/Foundation/Exceptions/Handler->toIlluminateResponse()
#26 D:/Fork/hypnotoad/backend/vendor/laravel/framework/src/Illuminate/Foundation/Exceptions/Handler.php(738): Illuminate/Foundation/Exceptions/Handler->prepareResponse()
#27 D:/Fork/hypnotoad/backend/vendor/laravel/framework/src/Illuminate/Foundation/Exceptions/Handler.php(626): Illuminate/Foundation/Exceptions/Handler->renderExceptionResponse()
#28 D:/Fork/hypnotoad/backend/vendor/laravel/framework/src/Illuminate/Foundation/Http/Kernel.php(574): Illuminate/Foundation/Exceptions/Handler->render()
#29 D:/Fork/hypnotoad/backend/vendor/laravel/framework/src/Illuminate/Foundation/Http/Kernel.php(148): Illuminate/Foundation/Http/Kernel->renderException()
#30 D:/Fork/hypnotoad/backend/public/index.php(16): Illuminate/Foundation/Http/Kernel->handle()
#31 D:/Fork/hypnotoad/backend/vendor/laravel/framework/src/Illuminate/Foundation/resources/server.php(23): require_once('...')
#32 {main}
"} 
[2026-09-28 23:09:47] local.ERROR: Uncaught Error: Call to undefined function Illuminate\Support\mb_split() in D:\Fork\hypnotoad\backend\vendor\laravel\framework\src\Illuminate\Support\Str.php:1722
Stack trace:
#0 D:\Fork\hypnotoad\backend\vendor\laravel\framework\src\Illuminate\Support\Manager.php(98): Illuminate\Support\Str::studly()
#1 D:\Fork\hypnotoad\backend\vendor\laravel\framework\src\Illuminate\Support\Manager.php(78): Illuminate\Support\Manager->createDriver()
#2 D:\Fork\hypnotoad\backend\vendor\laravel\framework\src\Illuminate\Session\SessionServiceProvider.php(52): Illuminate\Support\Manager->driver()
#3 D:\Fork\hypnotoad\backend\vendor\laravel\framework\src\Illuminate\Container\Container.php(1115): Illuminate\Session\SessionServiceProvider->{closure:Illuminate\Session\SessionServiceProvider::registerSessionDriver():48}()
#4 D:\Fork\hypnotoad\backend\vendor\laravel\framework\src\Illuminate\Container\Container.php(933): Illuminate\Container\Container->build()
#5 D:\Fork\hypnotoad\backend\vendor\laravel\framework\src\Illuminate\Foundation\Application.php(1078): Illuminate\Container\Container->resolve()
#6 D:\Fork\hypnotoad\backend\vendor\laravel\framework\src\Illuminate\Container\Container.php(864): Illuminate\Foundation\Application->resolve()
#7 D:\Fork\hypnotoad\backend\vendor\laravel\framework\src\Illuminate\Foundation\Application.php(1058): Illuminate\Container\Container->make()
#8 D:\Fork\hypnotoad\backend\vendor\laravel\framework\src\Illuminate\Container\Container.php(1805): Illuminate\Foundation\Application->make()
#9 D:\Fork\hypnotoad\backend\vendor\laravel\framework\src\Illuminate\Routing\RoutingServiceProvider.php(121): Illuminate\Container\Container->offsetGet()
#10 D:\Fork\hypnotoad\backend\vendor\laravel\framework\src\Illuminate\Container\Container.php(1115): Illuminate\Routing\RoutingServiceProvider->{closure:Illuminate\Routing\RoutingServiceProvider::registerRedirector():114}()
#11 D:\Fork\hypnotoad\backend\vendor\laravel\framework\src\Illuminate\Container\Container.php(933): Illuminate\Container\Container->build()
#12 D:\Fork\hypnotoad\backend\vendor\laravel\framework\src\Illuminate\Foundation\Application.php(1078): Illuminate\Container\Container->resolve()
#13 D:\Fork\hypnotoad\backend\vendor\laravel\framework\src\Illuminate\Container\Container.php(864): Illuminate\Foundation\Application->resolve()
#14 D:\Fork\hypnotoad\backend\vendor\laravel\framework\src\Illuminate\Foundation\Application.php(1058): Illuminate\Container\Container->make()
#15 D:\Fork\hypnotoad\backend\vendor\laravel\framework\src\Illuminate\Container\Container.php(1805): Illuminate\Foundation\Application->make()
#16 D:\Fork\hypnotoad\backend\vendor\laravel\framework\src\Illuminate\Routing\RoutingServiceProvider.php(177): Illuminate\Container\Container->offsetGet()
#17 D:\Fork\hypnotoad\backend\vendor\laravel\framework\src\Illuminate\Container\Container.php(1115): Illuminate\Routing\RoutingServiceProvider->{closure:Illuminate\Routing\RoutingServiceProvider::registerResponseFactory():176}()
#18 D:\Fork\hypnotoad\backend\vendor\laravel\framework\src\Illuminate\Container\Container.php(933): Illuminate\Container\Container->build()
#19 D:\Fork\hypnotoad\backend\vendor\laravel\framework\src\Illuminate\Foundation\Application.php(1078): Illuminate\Container\Container->resolve()
#20 D:\Fork\hypnotoad\backend\vendor\laravel\framework\src\Illuminate\Container\Container.php(864): Illuminate\Foundation\Application->resolve()
#21 D:\Fork\hypnotoad\backend\vendor\laravel\framework\src\Illuminate\Foundation\Application.php(1058): Illuminate\Container\Container->make()
#22 D:\Fork\hypnotoad\backend\vendor\laravel\framework\src\Illuminate\Foundation\helpers.php(138): Illuminate\Foundation\Application->make()
#23 D:\Fork\hypnotoad\backend\vendor\laravel\framework\src\Illuminate\Foundation\helpers.php(850): app()
#24 D:\Fork\hypnotoad\backend\vendor\laravel\framework\src\Illuminate\Foundation\Exceptions\Handler.php(987): response()
#25 D:\Fork\hypnotoad\backend\vendor\laravel\framework\src\Illuminate\Foundation\Exceptions\Handler.php(839): Illuminate\Foundation\Exceptions\Handler->toIlluminateResponse()
#26 D:\Fork\hypnotoad\backend\vendor\laravel\framework\src\Illuminate\Foundation\Exceptions\Handler.php(738): Illuminate\Foundation\Exceptions\Handler->prepareResponse()
#27 D:\Fork\hypnotoad\backend\vendor\laravel\framework\src\Illuminate\Foundation\Exceptions\Handler.php(626): Illuminate\Foundation\Exceptions\Handler->renderExceptionResponse()
#28 D:\Fork\hypnotoad\backend\vendor\laravel\framework\src\Illuminate\Foundation\Bootstrap\HandleExceptions.php(225): Illuminate\Foundation\Exceptions\Handler->render()
#29 D:\Fork\hypnotoad\backend\vendor\laravel\framework\src\Illuminate\Foundation\Bootstrap\HandleExceptions.php(202): Illuminate\Foundation\Bootstrap\HandleExceptions->renderHttpResponse()
#30 D:\Fork\hypnotoad\backend\vendor\laravel\framework\src\Illuminate\Foundation\Bootstrap\HandleExceptions.php(262): Illuminate\Foundation\Bootstrap\HandleExceptions->handleException()
#31 [internal function]: Illuminate\Foundation\Bootstrap\HandleExceptions->{closure:Illuminate\Foundation\Bootstrap\HandleExceptions::forwardsTo():261}()
#32 {main}
  thrown {"exception":"[object] (Symfony\\Component\\ErrorHandler\\Error\\FatalError(code: 0): Uncaught Error: Call to undefined function Illuminate\\Support\\mb_split() in D:\\Fork\\hypnotoad\\backend\\vendor\\laravel\\framework\\src\\Illuminate\\Support\\Str.php:1722
Stack trace:
#0 D:\\Fork\\hypnotoad\\backend\\vendor\\laravel\\framework\\src\\Illuminate\\Support\\Manager.php(98): Illuminate\\Support\\Str::studly()
#1 D:\\Fork\\hypnotoad\\backend\\vendor\\laravel\\framework\\src\\Illuminate\\Support\\Manager.php(78): Illuminate\\Support\\Manager->createDriver()
#2 D:\\Fork\\hypnotoad\\backend\\vendor\\laravel\\framework\\src\\Illuminate\\Session\\SessionServiceProvider.php(52): Illuminate\\Support\\Manager->driver()
#3 D:\\Fork\\hypnotoad\\backend\\vendor\\laravel\\framework\\src\\Illuminate\\Container\\Container.php(1115): Illuminate\\Session\\SessionServiceProvider->{closure:Illuminate\\Session\\SessionServiceProvider::registerSessionDriver():48}()
#4 D:\\Fork\\hypnotoad\\backend\\vendor\\laravel\\framework\\src\\Illuminate\\Container\\Container.php(933): Illuminate\\Container\\Container->build()
#5 D:\\Fork\\hypnotoad\\backend\\vendor\\laravel\\framework\\src\\Illuminate\\Foundation\\Application.php(1078): Illuminate\\Container\\Container->resolve()
#6 D:\\Fork\\hypnotoad\\backend\\vendor\\laravel\\framework\\src\\Illuminate\\Container\\Container.php(864): Illuminate\\Foundation\\Application->resolve()
#7 D:\\Fork\\hypnotoad\\backend\\vendor\\laravel\\framework\\src\\Illuminate\\Foundation\\Application.php(1058): Illuminate\\Container\\Container->make()
#8 D:\\Fork\\hypnotoad\\backend\\vendor\\laravel\\framework\\src\\Illuminate\\Container\\Container.php(1805): Illuminate\\Foundation\\Application->make()
#9 D:\\Fork\\hypnotoad\\backend\\vendor\\laravel\\framework\\src\\Illuminate\\Routing\\RoutingServiceProvider.php(121): Illuminate\\Container\\Container->offsetGet()
#10 D:\\Fork\\hypnotoad\\backend\\vendor\\laravel\\framework\\src\\Illuminate\\Container\\Container.php(1115): Illuminate\\Routing\\RoutingServiceProvider->{closure:Illuminate\\Routing\\RoutingServiceProvider::registerRedirector():114}()
#11 D:\\Fork\\hypnotoad\\backend\\vendor\\laravel\\framework\\src\\Illuminate\\Container\\Container.php(933): Illuminate\\Container\\Container->build()
#12 D:\\Fork\\hypnotoad\\backend\\vendor\\laravel\\framework\\src\\Illuminate\\Foundation\\Application.php(1078): Illuminate\\Container\\Container->resolve()
#13 D:\\Fork\\hypnotoad\\backend\\vendor\\laravel\\framework\\src\\Illuminate\\Container\\Container.php(864): Illuminate\\Foundation\\Application->resolve()
#14 D:\\Fork\\hypnotoad\\backend\\vendor\\laravel\\framework\\src\\Illuminate\\Foundation\\Application.php(1058): Illuminate\\Container\\Container->make()
#15 D:\\Fork\\hypnotoad\\backend\\vendor\\laravel\\framework\\src\\Illuminate\\Container\\Container.php(1805): Illuminate\\Foundation\\Application->make()
#16 D:\\Fork\\hypnotoad\\backend\\vendor\\laravel\\framework\\src\\Illuminate\\Routing\\RoutingServiceProvider.php(177): Illuminate\\Container\\Container->offsetGet()
#17 D:\\Fork\\hypnotoad\\backend\\vendor\\laravel\\framework\\src\\Illuminate\\Container\\Container.php(1115): Illuminate\\Routing\\RoutingServiceProvider->{closure:Illuminate\\Routing\\RoutingServiceProvider::registerResponseFactory():176}()
#18 D:\\Fork\\hypnotoad\\backend\\vendor\\laravel\\framework\\src\\Illuminate\\Container\\Container.php(933): Illuminate\\Container\\Container->build()
#19 D:\\Fork\\hypnotoad\\backend\\vendor\\laravel\\framework\\src\\Illuminate\\Foundation\\Application.php(1078): Illuminate\\Container\\Container->resolve()
#20 D:\\Fork\\hypnotoad\\backend\\vendor\\laravel\\framework\\src\\Illuminate\\Container\\Container.php(864): Illuminate\\Foundation\\Application->resolve()
#21 D:\\Fork\\hypnotoad\\backend\\vendor\\laravel\\framework\\src\\Illuminate\\Foundation\\Application.php(1058): Illuminate\\Container\\Container->make()
#22 D:\\Fork\\hypnotoad\\backend\\vendor\\laravel\\framework\\src\\Illuminate\\Foundation\\helpers.php(138): Illuminate\\Foundation\\Application->make()
#23 D:\\Fork\\hypnotoad\\backend\\vendor\\laravel\\framework\\src\\Illuminate\\Foundation\\helpers.php(850): app()
#24 D:\\Fork\\hypnotoad\\backend\\vendor\\laravel\\framework\\src\\Illuminate\\Foundation\\Exceptions\\Handler.php(987): response()
#25 D:\\Fork\\hypnotoad\\backend\\vendor\\laravel\\framework\\src\\Illuminate\\Foundation\\Exceptions\\Handler.php(839): Illuminate\\Foundation\\Exceptions\\Handler->toIlluminateResponse()
#26 D:\\Fork\\hypnotoad\\backend\\vendor\\laravel\\framework\\src\\Illuminate\\Foundation\\Exceptions\\Handler.php(738): Illuminate\\Foundation\\Exceptions\\Handler->prepareResponse()
#27 D:\\Fork\\hypnotoad\\backend\\vendor\\laravel\\framework\\src\\Illuminate\\Foundation\\Exceptions\\Handler.php(626): Illuminate\\Foundation\\Exceptions\\Handler->renderExceptionResponse()
#28 D:\\Fork\\hypnotoad\\backend\\vendor\\laravel\\framework\\src\\Illuminate\\Foundation\\Bootstrap\\HandleExceptions.php(225): Illuminate\\Foundation\\Exceptions\\Handler->render()
#29 D:\\Fork\\hypnotoad\\backend\\vendor\\laravel\\framework\\src\\Illuminate\\Foundation\\Bootstrap\\HandleExceptions.php(202): Illuminate\\Foundation\\Bootstrap\\HandleExceptions->renderHttpResponse()
#30 D:\\Fork\\hypnotoad\\backend\\vendor\\laravel\\framework\\src\\Illuminate\\Foundation\\Bootstrap\\HandleExceptions.php(262): Illuminate\\Foundation\\Bootstrap\\HandleExceptions->handleException()
#31 [internal function]: Illuminate\\Foundation\\Bootstrap\\HandleExceptions->{closure:Illuminate\\Foundation\\Bootstrap\\HandleExceptions::forwardsTo():261}()
#32 {main}
  thrown at D:/Fork/hypnotoad/backend/vendor/laravel/framework/src/Illuminate/Support/Str.php:1722)
[stacktrace]
#0 {main}
"} 
[2026-09-28 23:09:49] local.ERROR: Call to undefined function Illuminate\Support\mb_split() {"exception":"[object] (Error(code: 0): Call to undefined function Illuminate\\Support\\mb_split() at D:/Fork/hypnotoad/backend/vendor/laravel/framework/src/Illuminate/Support/Str.php:1722)
[stacktrace]
#0 D:/Fork/hypnotoad/backend/vendor/laravel/framework/src/Illuminate/Support/Manager.php(98): Illuminate/Support/Str::studly()
#1 D:/Fork/hypnotoad/backend/vendor/laravel/framework/src/Illuminate/Support/Manager.php(78): Illuminate/Support/Manager->createDriver()
#2 D:/Fork/hypnotoad/backend/vendor/laravel/framework/src/Illuminate/Foundation/Providers/FoundationServiceProvider.php(293): Illuminate/Support/Manager->driver()
#3 D:/Fork/hypnotoad/backend/vendor/laravel/framework/src/Illuminate/Container/Container.php(1115): Illuminate/Foundation/Providers/FoundationServiceProvider->{closure:Illuminate/Foundation/Providers/FoundationServiceProvider::registerMaintenanceModeManager():293}()
#4 D:/Fork/hypnotoad/backend/vendor/laravel/framework/src/Illuminate/Container/Container.php(933): Illuminate/Container/Container->build()
#5 D:/Fork/hypnotoad/backend/vendor/laravel/framework/src/Illuminate/Foundation/Application.php(1078): Illuminate/Container/Container->resolve()
#6 D:/Fork/hypnotoad/backend/vendor/laravel/framework/src/Illuminate/Container/Container.php(864): Illuminate/Foundation/Application->resolve()
#7 D:/Fork/hypnotoad/backend/vendor/laravel/framework/src/Illuminate/Foundation/Application.php(1058): Illuminate/Container/Container->make()
#8 D:/Fork/hypnotoad/backend/vendor/laravel/framework/src/Illuminate/Foundation/Application.php(1410): Illuminate/Foundation/Application->make()
#9 D:/Fork/hypnotoad/backend/vendor/laravel/framework/src/Illuminate/Foundation/Http/Middleware/PreventRequestsDuringMaintenance.php(64): Illuminate/Foundation/Application->maintenanceMode()
#10 D:/Fork/hypnotoad/backend/vendor/laravel/framework/src/Illuminate/Pipeline/Pipeline.php(219): Illuminate/Foundation/Http/Middleware/PreventRequestsDuringMaintenance->handle()
#11 D:/Fork/hypnotoad/backend/vendor/laravel/framework/src/Illuminate/Http/Middleware/HandleCors.php(61): Illuminate/Pipeline/Pipeline->{closure:{closure:Illuminate/Pipeline/Pipeline::carry():194}:195}()
#12 D:/Fork/hypnotoad/backend/vendor/laravel/framework/src/Illuminate/Pipeline/Pipeline.php(219): Illuminate/Http/Middleware/HandleCors->handle()
#13 D:/Fork/hypnotoad/backend/vendor/laravel/framework/src/Illuminate/Http/Middleware/TrustProxies.php(58): Illuminate/Pipeline/Pipeline->{closure:{closure:Illuminate/Pipeline/Pipeline::carry():194}:195}()
#14 D:/Fork/hypnotoad/backend/vendor/laravel/framework/src/Illuminate/Pipeline/Pipeline.php(219): Illuminate/Http/Middleware/TrustProxies->handle()
#15 D:/Fork/hypnotoad/backend/vendor/laravel/framework/src/Illuminate/Foundation/Http/Middleware/InvokeDeferredCallbacks.php(22): Illuminate/Pipeline/Pipeline->{closure:{closure:Illuminate/Pipeline/Pipeline::carry():194}:195}()
#16 D:/Fork/hypnotoad/backend/vendor/laravel/framework/src/Illuminate/Pipeline/Pipeline.php(219): Illuminate/Foundation/Http/Middleware/InvokeDeferredCallbacks->handle()
#17 D:/Fork/hypnotoad/backend/vendor/laravel/framework/src/Illuminate/Http/Middleware/ValidatePathEncoding.php(26): Illuminate/Pipeline/Pipeline->{closure:{closure:Illuminate/Pipeline/Pipeline::carry():194}:195}()
#18 D:/Fork/hypnotoad/backend/vendor/laravel/framework/src/Illuminate/Pipeline/Pipeline.php(219): Illuminate/Http/Middleware/ValidatePathEncoding->handle()
#19 D:/Fork/hypnotoad/backend/vendor/laravel/framework/src/Illuminate/Pipeline/Pipeline.php(137): Illuminate/Pipeline/Pipeline->{closure:{closure:Illuminate/Pipeline/Pipeline::carry():194}:195}()
#20 D:/Fork/hypnotoad/backend/vendor/laravel/framework/src/Illuminate/Foundation/Http/Kernel.php(175): Illuminate/Pipeline/Pipeline->then()
#21 D:/Fork/hypnotoad/backend/vendor/laravel/framework/src/Illuminate/Foundation/Http/Kernel.php(144): Illuminate/Foundation/Http/Kernel->sendRequestThroughRouter()
#22 D:/Fork/hypnotoad/backend/public/index.php(16): Illuminate/Foundation/Http/Kernel->handle()
#23 D:/Fork/hypnotoad/backend/vendor/laravel/framework/src/Illuminate/Foundation/resources/server.php(23): require_once('...')
#24 {main}
"} 
[2026-09-28 23:09:49] local.ERROR: Call to undefined function Illuminate\Support\mb_split() {"exception":"[object] (Error(code: 0): Call to undefined function Illuminate\\Support\\mb_split() at D:/Fork/hypnotoad/backend/vendor/laravel/framework/src/Illuminate/Support/Str.php:1722)
[stacktrace]
#0 D:/Fork/hypnotoad/backend/vendor/laravel/framework/src/Illuminate/Support/Manager.php(98): Illuminate/Support/Str::studly()
#1 D:/Fork/hypnotoad/backend/vendor/laravel/framework/src/Illuminate/Support/Manager.php(78): Illuminate/Support/Manager->createDriver()
#2 D:/Fork/hypnotoad/backend/vendor/laravel/framework/src/Illuminate/Session/SessionServiceProvider.php(52): Illuminate/Support/Manager->driver()
#3 D:/Fork/hypnotoad/backend/vendor/laravel/framework/src/Illuminate/Container/Container.php(1115): Illuminate/Session/SessionServiceProvider->{closure:Illuminate/Session/SessionServiceProvider::registerSessionDriver():48}()
#4 D:/Fork/hypnotoad/backend/vendor/laravel/framework/src/Illuminate/Container/Container.php(933): Illuminate/Container/Container->build()
#5 D:/Fork/hypnotoad/backend/vendor/laravel/framework/src/Illuminate/Foundation/Application.php(1078): Illuminate/Container/Container->resolve()
#6 D:/Fork/hypnotoad/backend/vendor/laravel/framework/src/Illuminate/Container/Container.php(864): Illuminate/Foundation/Application->resolve()
#7 D:/Fork/hypnotoad/backend/vendor/laravel/framework/src/Illuminate/Foundation/Application.php(1058): Illuminate/Container/Container->make()
#8 D:/Fork/hypnotoad/backend/vendor/laravel/framework/src/Illuminate/Container/Container.php(1805): Illuminate/Foundation/Application->make()
#9 D:/Fork/hypnotoad/backend/vendor/laravel/framework/src/Illuminate/Routing/RoutingServiceProvider.php(121): Illuminate/Container/Container->offsetGet()
#10 D:/Fork/hypnotoad/backend/vendor/laravel/framework/src/Illuminate/Container/Container.php(1115): Illuminate/Routing/RoutingServiceProvider->{closure:Illuminate/Routing/RoutingServiceProvider::registerRedirector():114}()
#11 D:/Fork/hypnotoad/backend/vendor/laravel/framework/src/Illuminate/Container/Container.php(933): Illuminate/Container/Container->build()
#12 D:/Fork/hypnotoad/backend/vendor/laravel/framework/src/Illuminate/Foundation/Application.php(1078): Illuminate/Container/Container->resolve()
#13 D:/Fork/hypnotoad/backend/vendor/laravel/framework/src/Illuminate/Container/Container.php(864): Illuminate/Foundation/Application->resolve()
#14 D:/Fork/hypnotoad/backend/vendor/laravel/framework/src/Illuminate/Foundation/Application.php(1058): Illuminate/Container/Container->make()
#15 D:/Fork/hypnotoad/backend/vendor/laravel/framework/src/Illuminate/Container/Container.php(1805): Illuminate/Foundation/Application->make()
#16 D:/Fork/hypnotoad/backend/vendor/laravel/framework/src/Illuminate/Routing/RoutingServiceProvider.php(177): Illuminate/Container/Container->offsetGet()
#17 D:/Fork/hypnotoad/backend/vendor/laravel/framework/src/Illuminate/Container/Container.php(1115): Illuminate/Routing/RoutingServiceProvider->{closure:Illuminate/Routing/RoutingServiceProvider::registerResponseFactory():176}()
#18 D:/Fork/hypnotoad/backend/vendor/laravel/framework/src/Illuminate/Container/Container.php(933): Illuminate/Container/Container->build()
#19 D:/Fork/hypnotoad/backend/vendor/laravel/framework/src/Illuminate/Foundation/Application.php(1078): Illuminate/Container/Container->resolve()
#20 D:/Fork/hypnotoad/backend/vendor/laravel/framework/src/Illuminate/Container/Container.php(864): Illuminate/Foundation/Application->resolve()
#21 D:/Fork/hypnotoad/backend/vendor/laravel/framework/src/Illuminate/Foundation/Application.php(1058): Illuminate/Container/Container->make()
#22 D:/Fork/hypnotoad/backend/vendor/laravel/framework/src/Illuminate/Foundation/helpers.php(138): Illuminate/Foundation/Application->make()
#23 D:/Fork/hypnotoad/backend/vendor/laravel/framework/src/Illuminate/Foundation/helpers.php(850): app()
#24 D:/Fork/hypnotoad/backend/vendor/laravel/framework/src/Illuminate/Foundation/Exceptions/Handler.php(987): response()
#25 D:/Fork/hypnotoad/backend/vendor/laravel/framework/src/Illuminate/Foundation/Exceptions/Handler.php(839): Illuminate/Foundation/Exceptions/Handler->toIlluminateResponse()
#26 D:/Fork/hypnotoad/backend/vendor/laravel/framework/src/Illuminate/Foundation/Exceptions/Handler.php(738): Illuminate/Foundation/Exceptions/Handler->prepareResponse()
#27 D:/Fork/hypnotoad/backend/vendor/laravel/framework/src/Illuminate/Foundation/Exceptions/Handler.php(626): Illuminate/Foundation/Exceptions/Handler->renderExceptionResponse()
#28 D:/Fork/hypnotoad/backend/vendor/laravel/framework/src/Illuminate/Routing/Pipeline.php(51): Illuminate/Foundation/Exceptions/Handler->render()
#29 D:/Fork/hypnotoad/backend/vendor/laravel/framework/src/Illuminate/Pipeline/Pipeline.php(224): Illuminate/Routing/Pipeline->handleException()
#30 D:/Fork/hypnotoad/backend/vendor/laravel/framework/src/Illuminate/Http/Middleware/HandleCors.php(61): Illuminate/Pipeline/Pipeline->{closure:{closure:Illuminate/Pipeline/Pipeline::carry():194}:195}()
#31 D:/Fork/hypnotoad/backend/vendor/laravel/framework/src/Illuminate/Pipeline/Pipeline.php(219): Illuminate/Http/Middleware/HandleCors->handle()
#32 D:/Fork/hypnotoad/backend/vendor/laravel/framework/src/Illuminate/Http/Middleware/TrustProxies.php(58): Illuminate/Pipeline/Pipeline->{closure:{closure:Illuminate/Pipeline/Pipeline::carry():194}:195}()
#33 D:/Fork/hypnotoad/backend/vendor/laravel/framework/src/Illuminate/Pipeline/Pipeline.php(219): Illuminate/Http/Middleware/TrustProxies->handle()
#34 D:/Fork/hypnotoad/backend/vendor/laravel/framework/src/Illuminate/Foundation/Http/Middleware/InvokeDeferredCallbacks.php(22): Illuminate/Pipeline/Pipeline->{closure:{closure:Illuminate/Pipeline/Pipeline::carry():194}:195}()
#35 D:/Fork/hypnotoad/backend/vendor/laravel/framework/src/Illuminate/Pipeline/Pipeline.php(219): Illuminate/Foundation/Http/Middleware/InvokeDeferredCallbacks->handle()
#36 D:/Fork/hypnotoad/backend/vendor/laravel/framework/src/Illuminate/Http/Middleware/ValidatePathEncoding.php(26): Illuminate/Pipeline/Pipeline->{closure:{closure:Illuminate/Pipeline/Pipeline::carry():194}:195}()
#37 D:/Fork/hypnotoad/backend/vendor/laravel/framework/src/Illuminate/Pipeline/Pipeline.php(219): Illuminate/Http/Middleware/ValidatePathEncoding->handle()
#38 D:/Fork/hypnotoad/backend/vendor/laravel/framework/src/Illuminate/Pipeline/Pipeline.php(137): Illuminate/Pipeline/Pipeline->{closure:{closure:Illuminate/Pipeline/Pipeline::carry():194}:195}()
#39 D:/Fork/hypnotoad/backend/vendor/laravel/framework/src/Illuminate/Foundation/Http/Kernel.php(175): Illuminate/Pipeline/Pipeline->then()
#40 D:/Fork/hypnotoad/backend/vendor/laravel/framework/src/Illuminate/Foundation/Http/Kernel.php(144): Illuminate/Foundation/Http/Kernel->sendRequestThroughRouter()
#41 D:/Fork/hypnotoad/backend/public/index.php(16): Illuminate/Foundation/Http/Kernel->handle()
#42 D:/Fork/hypnotoad/backend/vendor/laravel/framework/src/Illuminate/Foundation/resources/server.php(23): require_once('...')
#43 {main}
"} 
[2026-09-28 23:09:49] local.ERROR: Call to undefined function Illuminate\Support\mb_split() {"exception":"[object] (Error(code: 0): Call to undefined function Illuminate\\Support\\mb_split() at D:/Fork/hypnotoad/backend/vendor/laravel/framework/src/Illuminate/Support/Str.php:1722)
[stacktrace]
#0 D:/Fork/hypnotoad/backend/vendor/laravel/framework/src/Illuminate/Support/Manager.php(98): Illuminate/Support/Str::studly()
#1 D:/Fork/hypnotoad/backend/vendor/laravel/framework/src/Illuminate/Support/Manager.php(78): Illuminate/Support/Manager->createDriver()
#2 D:/Fork/hypnotoad/backend/vendor/laravel/framework/src/Illuminate/Session/SessionServiceProvider.php(52): Illuminate/Support/Manager->driver()
#3 D:/Fork/hypnotoad/backend/vendor/laravel/framework/src/Illuminate/Container/Container.php(1115): Illuminate/Session/SessionServiceProvider->{closure:Illuminate/Session/SessionServiceProvider::registerSessionDriver():48}()
#4 D:/Fork/hypnotoad/backend/vendor/laravel/framework/src/Illuminate/Container/Container.php(933): Illuminate/Container/Container->build()
#5 D:/Fork/hypnotoad/backend/vendor/laravel/framework/src/Illuminate/Foundation/Application.php(1078): Illuminate/Container/Container->resolve()
#6 D:/Fork/hypnotoad/backend/vendor/laravel/framework/src/Illuminate/Container/Container.php(864): Illuminate/Foundation/Application->resolve()
#7 D:/Fork/hypnotoad/backend/vendor/laravel/framework/src/Illuminate/Foundation/Application.php(1058): Illuminate/Container/Container->make()
#8 D:/Fork/hypnotoad/backend/vendor/laravel/framework/src/Illuminate/Container/Container.php(1805): Illuminate/Foundation/Application->make()
#9 D:/Fork/hypnotoad/backend/vendor/laravel/framework/src/Illuminate/Routing/RoutingServiceProvider.php(121): Illuminate/Container/Container->offsetGet()
#10 D:/Fork/hypnotoad/backend/vendor/laravel/framework/src/Illuminate/Container/Container.php(1115): Illuminate/Routing/RoutingServiceProvider->{closure:Illuminate/Routing/RoutingServiceProvider::registerRedirector():114}()
#11 D:/Fork/hypnotoad/backend/vendor/laravel/framework/src/Illuminate/Container/Container.php(933): Illuminate/Container/Container->build()
#12 D:/Fork/hypnotoad/backend/vendor/laravel/framework/src/Illuminate/Foundation/Application.php(1078): Illuminate/Container/Container->resolve()
#13 D:/Fork/hypnotoad/backend/vendor/laravel/framework/src/Illuminate/Container/Container.php(864): Illuminate/Foundation/Application->resolve()
#14 D:/Fork/hypnotoad/backend/vendor/laravel/framework/src/Illuminate/Foundation/Application.php(1058): Illuminate/Container/Container->make()
#15 D:/Fork/hypnotoad/backend/vendor/laravel/framework/src/Illuminate/Container/Container.php(1805): Illuminate/Foundation/Application->make()
#16 D:/Fork/hypnotoad/backend/vendor/laravel/framework/src/Illuminate/Routing/RoutingServiceProvider.php(177): Illuminate/Container/Container->offsetGet()
#17 D:/Fork/hypnotoad/backend/vendor/laravel/framework/src/Illuminate/Container/Container.php(1115): Illuminate/Routing/RoutingServiceProvider->{closure:Illuminate/Routing/RoutingServiceProvider::registerResponseFactory():176}()
#18 D:/Fork/hypnotoad/backend/vendor/laravel/framework/src/Illuminate/Container/Container.php(933): Illuminate/Container/Container->build()
#19 D:/Fork/hypnotoad/backend/vendor/laravel/framework/src/Illuminate/Foundation/Application.php(1078): Illuminate/Container/Container->resolve()
#20 D:/Fork/hypnotoad/backend/vendor/laravel/framework/src/Illuminate/Container/Container.php(864): Illuminate/Foundation/Application->resolve()
#21 D:/Fork/hypnotoad/backend/vendor/laravel/framework/src/Illuminate/Foundation/Application.php(1058): Illuminate/Container/Container->make()
#22 D:/Fork/hypnotoad/backend/vendor/laravel/framework/src/Illuminate/Foundation/helpers.php(138): Illuminate/Foundation/Application->make()
#23 D:/Fork/hypnotoad/backend/vendor/laravel/framework/src/Illuminate/Foundation/helpers.php(850): app()
#24 D:/Fork/hypnotoad/backend/vendor/laravel/framework/src/Illuminate/Foundation/Exceptions/Handler.php(987): response()
#25 D:/Fork/hypnotoad/backend/vendor/laravel/framework/src/Illuminate/Foundation/Exceptions/Handler.php(839): Illuminate/Foundation/Exceptions/Handler->toIlluminateResponse()
#26 D:/Fork/hypnotoad/backend/vendor/laravel/framework/src/Illuminate/Foundation/Exceptions/Handler.php(738): Illuminate/Foundation/Exceptions/Handler->prepareResponse()
#27 D:/Fork/hypnotoad/backend/vendor/laravel/framework/src/Illuminate/Foundation/Exceptions/Handler.php(626): Illuminate/Foundation/Exceptions/Handler->renderExceptionResponse()
#28 D:/Fork/hypnotoad/backend/vendor/laravel/framework/src/Illuminate/Routing/Pipeline.php(51): Illuminate/Foundation/Exceptions/Handler->render()
#29 D:/Fork/hypnotoad/backend/vendor/laravel/framework/src/Illuminate/Pipeline/Pipeline.php(224): Illuminate/Routing/Pipeline->handleException()
#30 D:/Fork/hypnotoad/backend/vendor/laravel/framework/src/Illuminate/Http/Middleware/TrustProxies.php(58): Illuminate/Pipeline/Pipeline->{closure:{closure:Illuminate/Pipeline/Pipeline::carry():194}:195}()
#31 D:/Fork/hypnotoad/backend/vendor/laravel/framework/src/Illuminate/Pipeline/Pipeline.php(219): Illuminate/Http/Middleware/TrustProxies->handle()
#32 D:/Fork/hypnotoad/backend/vendor/laravel/framework/src/Illuminate/Foundation/Http/Middleware/InvokeDeferredCallbacks.php(22): Illuminate/Pipeline/Pipeline->{closure:{closure:Illuminate/Pipeline/Pipeline::carry():194}:195}()
#33 D:/Fork/hypnotoad/backend/vendor/laravel/framework/src/Illuminate/Pipeline/Pipeline.php(219): Illuminate/Foundation/Http/Middleware/InvokeDeferredCallbacks->handle()
#34 D:/Fork/hypnotoad/backend/vendor/laravel/framework/src/Illuminate/Http/Middleware/ValidatePathEncoding.php(26): Illuminate/Pipeline/Pipeline->{closure:{closure:Illuminate/Pipeline/Pipeline::carry():194}:195}()
#35 D:/Fork/hypnotoad/backend/vendor/laravel/framework/src/Illuminate/Pipeline/Pipeline.php(219): Illuminate/Http/Middleware/ValidatePathEncoding->handle()
#36 D:/Fork/hypnotoad/backend/vendor/laravel/framework/src/Illuminate/Pipeline/Pipeline.php(137): Illuminate/Pipeline/Pipeline->{closure:{closure:Illuminate/Pipeline/Pipeline::carry():194}:195}()
#37 D:/Fork/hypnotoad/backend/vendor/laravel/framework/src/Illuminate/Foundation/Http/Kernel.php(175): Illuminate/Pipeline/Pipeline->then()
#38 D:/Fork/hypnotoad/backend/vendor/laravel/framework/src/Illuminate/Foundation/Http/Kernel.php(144): Illuminate/Foundation/Http/Kernel->sendRequestThroughRouter()
#39 D:/Fork/hypnotoad/backend/public/index.php(16): Illuminate/Foundation/Http/Kernel->handle()
#40 D:/Fork/hypnotoad/backend/vendor/laravel/framework/src/Illuminate/Foundation/resources/server.php(23): require_once('...')
#41 {main}
"} 
[2026-09-28 23:09:49] local.ERROR: Call to undefined function Illuminate\Support\mb_split() {"exception":"[object] (Error(code: 0): Call to undefined function Illuminate\\Support\\mb_split() at D:/Fork/hypnotoad/backend/vendor/laravel/framework/src/Illuminate/Support/Str.php:1722)
[stacktrace]
#0 D:/Fork/hypnotoad/backend/vendor/laravel/framework/src/Illuminate/Support/Manager.php(98): Illuminate/Support/Str::studly()
#1 D:/Fork/hypnotoad/backend/vendor/laravel/framework/src/Illuminate/Support/Manager.php(78): Illuminate/Support/Manager->createDriver()
#2 D:/Fork/hypnotoad/backend/vendor/laravel/framework/src/Illuminate/Session/SessionServiceProvider.php(52): Illuminate/Support/Manager->driver()
#3 D:/Fork/hypnotoad/backend/vendor/laravel/framework/src/Illuminate/Container/Container.php(1115): Illuminate/Session/SessionServiceProvider->{closure:Illuminate/Session/SessionServiceProvider::registerSessionDriver():48}()
#4 D:/Fork/hypnotoad/backend/vendor/laravel/framework/src/Illuminate/Container/Container.php(933): Illuminate/Container/Container->build()
#5 D:/Fork/hypnotoad/backend/vendor/laravel/framework/src/Illuminate/Foundation/Application.php(1078): Illuminate/Container/Container->resolve()
#6 D:/Fork/hypnotoad/backend/vendor/laravel/framework/src/Illuminate/Container/Container.php(864): Illuminate/Foundation/Application->resolve()
#7 D:/Fork/hypnotoad/backend/vendor/laravel/framework/src/Illuminate/Foundation/Application.php(1058): Illuminate/Container/Container->make()
#8 D:/Fork/hypnotoad/backend/vendor/laravel/framework/src/Illuminate/Container/Container.php(1805): Illuminate/Foundation/Application->make()
#9 D:/Fork/hypnotoad/backend/vendor/laravel/framework/src/Illuminate/Routing/RoutingServiceProvider.php(121): Illuminate/Container/Container->offsetGet()
#10 D:/Fork/hypnotoad/backend/vendor/laravel/framework/src/Illuminate/Container/Container.php(1115): Illuminate/Routing/RoutingServiceProvider->{closure:Illuminate/Routing/RoutingServiceProvider::registerRedirector():114}()
#11 D:/Fork/hypnotoad/backend/vendor/laravel/framework/src/Illuminate/Container/Container.php(933): Illuminate/Container/Container->build()
#12 D:/Fork/hypnotoad/backend/vendor/laravel/framework/src/Illuminate/Foundation/Application.php(1078): Illuminate/Container/Container->resolve()
#13 D:/Fork/hypnotoad/backend/vendor/laravel/framework/src/Illuminate/Container/Container.php(864): Illuminate/Foundation/Application->resolve()
#14 D:/Fork/hypnotoad/backend/vendor/laravel/framework/src/Illuminate/Foundation/Application.php(1058): Illuminate/Container/Container->make()
#15 D:/Fork/hypnotoad/backend/vendor/laravel/framework/src/Illuminate/Container/Container.php(1805): Illuminate/Foundation/Application->make()
#16 D:/Fork/hypnotoad/backend/vendor/laravel/framework/src/Illuminate/Routing/RoutingServiceProvider.php(177): Illuminate/Container/Container->offsetGet()
#17 D:/Fork/hypnotoad/backend/vendor/laravel/framework/src/Illuminate/Container/Container.php(1115): Illuminate/Routing/RoutingServiceProvider->{closure:Illuminate/Routing/RoutingServiceProvider::registerResponseFactory():176}()
#18 D:/Fork/hypnotoad/backend/vendor/laravel/framework/src/Illuminate/Container/Container.php(933): Illuminate/Container/Container->build()
#19 D:/Fork/hypnotoad/backend/vendor/laravel/framework/src/Illuminate/Foundation/Application.php(1078): Illuminate/Container/Container->resolve()
#20 D:/Fork/hypnotoad/backend/vendor/laravel/framework/src/Illuminate/Container/Container.php(864): Illuminate/Foundation/Application->resolve()
#21 D:/Fork/hypnotoad/backend/vendor/laravel/framework/src/Illuminate/Foundation/Application.php(1058): Illuminate/Container/Container->make()
#22 D:/Fork/hypnotoad/backend/vendor/laravel/framework/src/Illuminate/Foundation/helpers.php(138): Illuminate/Foundation/Application->make()
#23 D:/Fork/hypnotoad/backend/vendor/laravel/framework/src/Illuminate/Foundation/helpers.php(850): app()
#24 D:/Fork/hypnotoad/backend/vendor/laravel/framework/src/Illuminate/Foundation/Exceptions/Handler.php(987): response()
#25 D:/Fork/hypnotoad/backend/vendor/laravel/framework/src/Illuminate/Foundation/Exceptions/Handler.php(839): Illuminate/Foundation/Exceptions/Handler->toIlluminateResponse()
#26 D:/Fork/hypnotoad/backend/vendor/laravel/framework/src/Illuminate/Foundation/Exceptions/Handler.php(738): Illuminate/Foundation/Exceptions/Handler->prepareResponse()
#27 D:/Fork/hypnotoad/backend/vendor/laravel/framework/src/Illuminate/Foundation/Exceptions/Handler.php(626): Illuminate/Foundation/Exceptions/Handler->renderExceptionResponse()
#28 D:/Fork/hypnotoad/backend/vendor/laravel/framework/src/Illuminate/Routing/Pipeline.php(51): Illuminate/Foundation/Exceptions/Handler->render()
#29 D:/Fork/hypnotoad/backend/vendor/laravel/framework/src/Illuminate/Pipeline/Pipeline.php(224): Illuminate/Routing/Pipeline->handleException()
#30 D:/Fork/hypnotoad/backend/vendor/laravel/framework/src/Illuminate/Foundation/Http/Middleware/InvokeDeferredCallbacks.php(22): Illuminate/Pipeline/Pipeline->{closure:{closure:Illuminate/Pipeline/Pipeline::carry():194}:195}()
#31 D:/Fork/hypnotoad/backend/vendor/laravel/framework/src/Illuminate/Pipeline/Pipeline.php(219): Illuminate/Foundation/Http/Middleware/InvokeDeferredCallbacks->handle()
#32 D:/Fork/hypnotoad/backend/vendor/laravel/framework/src/Illuminate/Http/Middleware/ValidatePathEncoding.php(26): Illuminate/Pipeline/Pipeline->{closure:{closure:Illuminate/Pipeline/Pipeline::carry():194}:195}()
#33 D:/Fork/hypnotoad/backend/vendor/laravel/framework/src/Illuminate/Pipeline/Pipeline.php(219): Illuminate/Http/Middleware/ValidatePathEncoding->handle()
#34 D:/Fork/hypnotoad/backend/vendor/laravel/framework/src/Illuminate/Pipeline/Pipeline.php(137): Illuminate/Pipeline/Pipeline->{closure:{closure:Illuminate/Pipeline/Pipeline::carry():194}:195}()
#35 D:/Fork/hypnotoad/backend/vendor/laravel/framework/src/Illuminate/Foundation/Http/Kernel.php(175): Illuminate/Pipeline/Pipeline->then()
#36 D:/Fork/hypnotoad/backend/vendor/laravel/framework/src/Illuminate/Foundation/Http/Kernel.php(144): Illuminate/Foundation/Http/Kernel->sendRequestThroughRouter()
#37 D:/Fork/hypnotoad/backend/public/index.php(16): Illuminate/Foundation/Http/Kernel->handle()
#38 D:/Fork/hypnotoad/backend/vendor/laravel/framework/src/Illuminate/Foundation/resources/server.php(23): require_once('...')
#39 {main}
"} 
[2026-09-28 23:09:49] local.ERROR: Call to undefined function Illuminate\Support\mb_split() {"exception":"[object] (Error(code: 0): Call to undefined function Illuminate\\Support\\mb_split() at D:/Fork/hypnotoad/backend/vendor/laravel/framework/src/Illuminate/Support/Str.php:1722)
[stacktrace]
#0 D:/Fork/hypnotoad/backend/vendor/laravel/framework/src/Illuminate/Support/Manager.php(98): Illuminate/Support/Str::studly()
#1 D:/Fork/hypnotoad/backend/vendor/laravel/framework/src/Illuminate/Support/Manager.php(78): Illuminate/Support/Manager->createDriver()
#2 D:/Fork/hypnotoad/backend/vendor/laravel/framework/src/Illuminate/Session/SessionServiceProvider.php(52): Illuminate/Support/Manager->driver()
#3 D:/Fork/hypnotoad/backend/vendor/laravel/framework/src/Illuminate/Container/Container.php(1115): Illuminate/Session/SessionServiceProvider->{closure:Illuminate/Session/SessionServiceProvider::registerSessionDriver():48}()
#4 D:/Fork/hypnotoad/backend/vendor/laravel/framework/src/Illuminate/Container/Container.php(933): Illuminate/Container/Container->build()
#5 D:/Fork/hypnotoad/backend/vendor/laravel/framework/src/Illuminate/Foundation/Application.php(1078): Illuminate/Container/Container->resolve()
#6 D:/Fork/hypnotoad/backend/vendor/laravel/framework/src/Illuminate/Container/Container.php(864): Illuminate/Foundation/Application->resolve()
#7 D:/Fork/hypnotoad/backend/vendor/laravel/framework/src/Illuminate/Foundation/Application.php(1058): Illuminate/Container/Container->make()
#8 D:/Fork/hypnotoad/backend/vendor/laravel/framework/src/Illuminate/Container/Container.php(1805): Illuminate/Foundation/Application->make()
#9 D:/Fork/hypnotoad/backend/vendor/laravel/framework/src/Illuminate/Routing/RoutingServiceProvider.php(121): Illuminate/Container/Container->offsetGet()
#10 D:/Fork/hypnotoad/backend/vendor/laravel/framework/src/Illuminate/Container/Container.php(1115): Illuminate/Routing/RoutingServiceProvider->{closure:Illuminate/Routing/RoutingServiceProvider::registerRedirector():114}()
#11 D:/Fork/hypnotoad/backend/vendor/laravel/framework/src/Illuminate/Container/Container.php(933): Illuminate/Container/Container->build()
#12 D:/Fork/hypnotoad/backend/vendor/laravel/framework/src/Illuminate/Foundation/Application.php(1078): Illuminate/Container/Container->resolve()
#13 D:/Fork/hypnotoad/backend/vendor/laravel/framework/src/Illuminate/Container/Container.php(864): Illuminate/Foundation/Application->resolve()
#14 D:/Fork/hypnotoad/backend/vendor/laravel/framework/src/Illuminate/Foundation/Application.php(1058): Illuminate/Container/Container->make()
#15 D:/Fork/hypnotoad/backend/vendor/laravel/framework/src/Illuminate/Container/Container.php(1805): Illuminate/Foundation/Application->make()
#16 D:/Fork/hypnotoad/backend/vendor/laravel/framework/src/Illuminate/Routing/RoutingServiceProvider.php(177): Illuminate/Container/Container->offsetGet()
#17 D:/Fork/hypnotoad/backend/vendor/laravel/framework/src/Illuminate/Container/Container.php(1115): Illuminate/Routing/RoutingServiceProvider->{closure:Illuminate/Routing/RoutingServiceProvider::registerResponseFactory():176}()
#18 D:/Fork/hypnotoad/backend/vendor/laravel/framework/src/Illuminate/Container/Container.php(933): Illuminate/Container/Container->build()
#19 D:/Fork/hypnotoad/backend/vendor/laravel/framework/src/Illuminate/Foundation/Application.php(1078): Illuminate/Container/Container->resolve()
#20 D:/Fork/hypnotoad/backend/vendor/laravel/framework/src/Illuminate/Container/Container.php(864): Illuminate/Foundation/Application->resolve()
#21 D:/Fork/hypnotoad/backend/vendor/laravel/framework/src/Illuminate/Foundation/Application.php(1058): Illuminate/Container/Container->make()
#22 D:/Fork/hypnotoad/backend/vendor/laravel/framework/src/Illuminate/Foundation/helpers.php(138): Illuminate/Foundation/Application->make()
#23 D:/Fork/hypnotoad/backend/vendor/laravel/framework/src/Illuminate/Foundation/helpers.php(850): app()
#24 D:/Fork/hypnotoad/backend/vendor/laravel/framework/src/Illuminate/Foundation/Exceptions/Handler.php(987): response()
#25 D:/Fork/hypnotoad/backend/vendor/laravel/framework/src/Illuminate/Foundation/Exceptions/Handler.php(839): Illuminate/Foundation/Exceptions/Handler->toIlluminateResponse()
#26 D:/Fork/hypnotoad/backend/vendor/laravel/framework/src/Illuminate/Foundation/Exceptions/Handler.php(738): Illuminate/Foundation/Exceptions/Handler->prepareResponse()
#27 D:/Fork/hypnotoad/backend/vendor/laravel/framework/src/Illuminate/Foundation/Exceptions/Handler.php(626): Illuminate/Foundation/Exceptions/Handler->renderExceptionResponse()
#28 D:/Fork/hypnotoad/backend/vendor/laravel/framework/src/Illuminate/Routing/Pipeline.php(51): Illuminate/Foundation/Exceptions/Handler->render()
#29 D:/Fork/hypnotoad/backend/vendor/laravel/framework/src/Illuminate/Pipeline/Pipeline.php(224): Illuminate/Routing/Pipeline->handleException()
#30 D:/Fork/hypnotoad/backend/vendor/laravel/framework/src/Illuminate/Http/Middleware/ValidatePathEncoding.php(26): Illuminate/Pipeline/Pipeline->{closure:{closure:Illuminate/Pipeline/Pipeline::carry():194}:195}()
#31 D:/Fork/hypnotoad/backend/vendor/laravel/framework/src/Illuminate/Pipeline/Pipeline.php(219): Illuminate/Http/Middleware/ValidatePathEncoding->handle()
#32 D:/Fork/hypnotoad/backend/vendor/laravel/framework/src/Illuminate/Pipeline/Pipeline.php(137): Illuminate/Pipeline/Pipeline->{closure:{closure:Illuminate/Pipeline/Pipeline::carry():194}:195}()
#33 D:/Fork/hypnotoad/backend/vendor/laravel/framework/src/Illuminate/Foundation/Http/Kernel.php(175): Illuminate/Pipeline/Pipeline->then()
#34 D:/Fork/hypnotoad/backend/vendor/laravel/framework/src/Illuminate/Foundation/Http/Kernel.php(144): Illuminate/Foundation/Http/Kernel->sendRequestThroughRouter()
#35 D:/Fork/hypnotoad/backend/public/index.php(16): Illuminate/Foundation/Http/Kernel->handle()
#36 D:/Fork/hypnotoad/backend/vendor/laravel/framework/src/Illuminate/Foundation/resources/server.php(23): require_once('...')
#37 {main}
"} 
[2026-09-28 23:09:49] local.ERROR: Call to undefined function Illuminate\Support\mb_split() {"exception":"[object] (Error(code: 0): Call to undefined function Illuminate\\Support\\mb_split() at D:/Fork/hypnotoad/backend/vendor/laravel/framework/src/Illuminate/Support/Str.php:1722)
[stacktrace]
#0 D:/Fork/hypnotoad/backend/vendor/laravel/framework/src/Illuminate/Support/Manager.php(98): Illuminate/Support/Str::studly()
#1 D:/Fork/hypnotoad/backend/vendor/laravel/framework/src/Illuminate/Support/Manager.php(78): Illuminate/Support/Manager->createDriver()
#2 D:/Fork/hypnotoad/backend/vendor/laravel/framework/src/Illuminate/Session/SessionServiceProvider.php(52): Illuminate/Support/Manager->driver()
#3 D:/Fork/hypnotoad/backend/vendor/laravel/framework/src/Illuminate/Container/Container.php(1115): Illuminate/Session/SessionServiceProvider->{closure:Illuminate/Session/SessionServiceProvider::registerSessionDriver():48}()
#4 D:/Fork/hypnotoad/backend/vendor/laravel/framework/src/Illuminate/Container/Container.php(933): Illuminate/Container/Container->build()
#5 D:/Fork/hypnotoad/backend/vendor/laravel/framework/src/Illuminate/Foundation/Application.php(1078): Illuminate/Container/Container->resolve()
#6 D:/Fork/hypnotoad/backend/vendor/laravel/framework/src/Illuminate/Container/Container.php(864): Illuminate/Foundation/Application->resolve()
#7 D:/Fork/hypnotoad/backend/vendor/laravel/framework/src/Illuminate/Foundation/Application.php(1058): Illuminate/Container/Container->make()
#8 D:/Fork/hypnotoad/backend/vendor/laravel/framework/src/Illuminate/Container/Container.php(1805): Illuminate/Foundation/Application->make()
#9 D:/Fork/hypnotoad/backend/vendor/laravel/framework/src/Illuminate/Routing/RoutingServiceProvider.php(121): Illuminate/Container/Container->offsetGet()
#10 D:/Fork/hypnotoad/backend/vendor/laravel/framework/src/Illuminate/Container/Container.php(1115): Illuminate/Routing/RoutingServiceProvider->{closure:Illuminate/Routing/RoutingServiceProvider::registerRedirector():114}()
#11 D:/Fork/hypnotoad/backend/vendor/laravel/framework/src/Illuminate/Container/Container.php(933): Illuminate/Container/Container->build()
#12 D:/Fork/hypnotoad/backend/vendor/laravel/framework/src/Illuminate/Foundation/Application.php(1078): Illuminate/Container/Container->resolve()
#13 D:/Fork/hypnotoad/backend/vendor/laravel/framework/src/Illuminate/Container/Container.php(864): Illuminate/Foundation/Application->resolve()
#14 D:/Fork/hypnotoad/backend/vendor/laravel/framework/src/Illuminate/Foundation/Application.php(1058): Illuminate/Container/Container->make()
#15 D:/Fork/hypnotoad/backend/vendor/laravel/framework/src/Illuminate/Container/Container.php(1805): Illuminate/Foundation/Application->make()
#16 D:/Fork/hypnotoad/backend/vendor/laravel/framework/src/Illuminate/Routing/RoutingServiceProvider.php(177): Illuminate/Container/Container->offsetGet()
#17 D:/Fork/hypnotoad/backend/vendor/laravel/framework/src/Illuminate/Container/Container.php(1115): Illuminate/Routing/RoutingServiceProvider->{closure:Illuminate/Routing/RoutingServiceProvider::registerResponseFactory():176}()
#18 D:/Fork/hypnotoad/backend/vendor/laravel/framework/src/Illuminate/Container/Container.php(933): Illuminate/Container/Container->build()
#19 D:/Fork/hypnotoad/backend/vendor/laravel/framework/src/Illuminate/Foundation/Application.php(1078): Illuminate/Container/Container->resolve()
#20 D:/Fork/hypnotoad/backend/vendor/laravel/framework/src/Illuminate/Container/Container.php(864): Illuminate/Foundation/Application->resolve()
#21 D:/Fork/hypnotoad/backend/vendor/laravel/framework/src/Illuminate/Foundation/Application.php(1058): Illuminate/Container/Container->make()
#22 D:/Fork/hypnotoad/backend/vendor/laravel/framework/src/Illuminate/Foundation/helpers.php(138): Illuminate/Foundation/Application->make()
#23 D:/Fork/hypnotoad/backend/vendor/laravel/framework/src/Illuminate/Foundation/helpers.php(850): app()
#24 D:/Fork/hypnotoad/backend/vendor/laravel/framework/src/Illuminate/Foundation/Exceptions/Handler.php(987): response()
#25 D:/Fork/hypnotoad/backend/vendor/laravel/framework/src/Illuminate/Foundation/Exceptions/Handler.php(839): Illuminate/Foundation/Exceptions/Handler->toIlluminateResponse()
#26 D:/Fork/hypnotoad/backend/vendor/laravel/framework/src/Illuminate/Foundation/Exceptions/Handler.php(738): Illuminate/Foundation/Exceptions/Handler->prepareResponse()
#27 D:/Fork/hypnotoad/backend/vendor/laravel/framework/src/Illuminate/Foundation/Exceptions/Handler.php(626): Illuminate/Foundation/Exceptions/Handler->renderExceptionResponse()
#28 D:/Fork/hypnotoad/backend/vendor/laravel/framework/src/Illuminate/Routing/Pipeline.php(51): Illuminate/Foundation/Exceptions/Handler->render()
#29 D:/Fork/hypnotoad/backend/vendor/laravel/framework/src/Illuminate/Pipeline/Pipeline.php(224): Illuminate/Routing/Pipeline->handleException()
#30 D:/Fork/hypnotoad/backend/vendor/laravel/framework/src/Illuminate/Pipeline/Pipeline.php(137): Illuminate/Pipeline/Pipeline->{closure:{closure:Illuminate/Pipeline/Pipeline::carry():194}:195}()
#31 D:/Fork/hypnotoad/backend/vendor/laravel/framework/src/Illuminate/Foundation/Http/Kernel.php(175): Illuminate/Pipeline/Pipeline->then()
#32 D:/Fork/hypnotoad/backend/vendor/laravel/framework/src/Illuminate/Foundation/Http/Kernel.php(144): Illuminate/Foundation/Http/Kernel->sendRequestThroughRouter()
#33 D:/Fork/hypnotoad/backend/public/index.php(16): Illuminate/Foundation/Http/Kernel->handle()
#34 D:/Fork/hypnotoad/backend/vendor/laravel/framework/src/Illuminate/Foundation/resources/server.php(23): require_once('...')
#35 {main}
"} 
[2026-09-28 23:09:50] local.ERROR: Call to undefined function Illuminate\Support\mb_split() {"exception":"[object] (Error(code: 0): Call to undefined function Illuminate\\Support\\mb_split() at D:/Fork/hypnotoad/backend/vendor/laravel/framework/src/Illuminate/Support/Str.php:1722)
[stacktrace]
#0 D:/Fork/hypnotoad/backend/vendor/laravel/framework/src/Illuminate/Support/Manager.php(98): Illuminate/Support/Str::studly()
#1 D:/Fork/hypnotoad/backend/vendor/laravel/framework/src/Illuminate/Support/Manager.php(78): Illuminate/Support/Manager->createDriver()
#2 D:/Fork/hypnotoad/backend/vendor/laravel/framework/src/Illuminate/Session/SessionServiceProvider.php(52): Illuminate/Support/Manager->driver()
#3 D:/Fork/hypnotoad/backend/vendor/laravel/framework/src/Illuminate/Container/Container.php(1115): Illuminate/Session/SessionServiceProvider->{closure:Illuminate/Session/SessionServiceProvider::registerSessionDriver():48}()
#4 D:/Fork/hypnotoad/backend/vendor/laravel/framework/src/Illuminate/Container/Container.php(933): Illuminate/Container/Container->build()
#5 D:/Fork/hypnotoad/backend/vendor/laravel/framework/src/Illuminate/Foundation/Application.php(1078): Illuminate/Container/Container->resolve()
#6 D:/Fork/hypnotoad/backend/vendor/laravel/framework/src/Illuminate/Container/Container.php(864): Illuminate/Foundation/Application->resolve()
#7 D:/Fork/hypnotoad/backend/vendor/laravel/framework/src/Illuminate/Foundation/Application.php(1058): Illuminate/Container/Container->make()
#8 D:/Fork/hypnotoad/backend/vendor/laravel/framework/src/Illuminate/Container/Container.php(1805): Illuminate/Foundation/Application->make()
#9 D:/Fork/hypnotoad/backend/vendor/laravel/framework/src/Illuminate/Routing/RoutingServiceProvider.php(121): Illuminate/Container/Container->offsetGet()
#10 D:/Fork/hypnotoad/backend/vendor/laravel/framework/src/Illuminate/Container/Container.php(1115): Illuminate/Routing/RoutingServiceProvider->{closure:Illuminate/Routing/RoutingServiceProvider::registerRedirector():114}()
#11 D:/Fork/hypnotoad/backend/vendor/laravel/framework/src/Illuminate/Container/Container.php(933): Illuminate/Container/Container->build()
#12 D:/Fork/hypnotoad/backend/vendor/laravel/framework/src/Illuminate/Foundation/Application.php(1078): Illuminate/Container/Container->resolve()
#13 D:/Fork/hypnotoad/backend/vendor/laravel/framework/src/Illuminate/Container/Container.php(864): Illuminate/Foundation/Application->resolve()
#14 D:/Fork/hypnotoad/backend/vendor/laravel/framework/src/Illuminate/Foundation/Application.php(1058): Illuminate/Container/Container->make()
#15 D:/Fork/hypnotoad/backend/vendor/laravel/framework/src/Illuminate/Container/Container.php(1805): Illuminate/Foundation/Application->make()
#16 D:/Fork/hypnotoad/backend/vendor/laravel/framework/src/Illuminate/Routing/RoutingServiceProvider.php(177): Illuminate/Container/Container->offsetGet()
#17 D:/Fork/hypnotoad/backend/vendor/laravel/framework/src/Illuminate/Container/Container.php(1115): Illuminate/Routing/RoutingServiceProvider->{closure:Illuminate/Routing/RoutingServiceProvider::registerResponseFactory():176}()
#18 D:/Fork/hypnotoad/backend/vendor/laravel/framework/src/Illuminate/Container/Container.php(933): Illuminate/Container/Container->build()
#19 D:/Fork/hypnotoad/backend/vendor/laravel/framework/src/Illuminate/Foundation/Application.php(1078): Illuminate/Container/Container->resolve()
#20 D:/Fork/hypnotoad/backend/vendor/laravel/framework/src/Illuminate/Container/Container.php(864): Illuminate/Foundation/Application->resolve()
#21 D:/Fork/hypnotoad/backend/vendor/laravel/framework/src/Illuminate/Foundation/Application.php(1058): Illuminate/Container/Container->make()
#22 D:/Fork/hypnotoad/backend/vendor/laravel/framework/src/Illuminate/Foundation/helpers.php(138): Illuminate/Foundation/Application->make()
#23 D:/Fork/hypnotoad/backend/vendor/laravel/framework/src/Illuminate/Foundation/helpers.php(850): app()
#24 D:/Fork/hypnotoad/backend/vendor/laravel/framework/src/Illuminate/Foundation/Exceptions/Handler.php(987): response()
#25 D:/Fork/hypnotoad/backend/vendor/laravel/framework/src/Illuminate/Foundation/Exceptions/Handler.php(839): Illuminate/Foundation/Exceptions/Handler->toIlluminateResponse()
#26 D:/Fork/hypnotoad/backend/vendor/laravel/framework/src/Illuminate/Foundation/Exceptions/Handler.php(738): Illuminate/Foundation/Exceptions/Handler->prepareResponse()
#27 D:/Fork/hypnotoad/backend/vendor/laravel/framework/src/Illuminate/Foundation/Exceptions/Handler.php(626): Illuminate/Foundation/Exceptions/Handler->renderExceptionResponse()
#28 D:/Fork/hypnotoad/backend/vendor/laravel/framework/src/Illuminate/Foundation/Http/Kernel.php(574): Illuminate/Foundation/Exceptions/Handler->render()
#29 D:/Fork/hypnotoad/backend/vendor/laravel/framework/src/Illuminate/Foundation/Http/Kernel.php(148): Illuminate/Foundation/Http/Kernel->renderException()
#30 D:/Fork/hypnotoad/backend/public/index.php(16): Illuminate/Foundation/Http/Kernel->handle()
#31 D:/Fork/hypnotoad/backend/vendor/laravel/framework/src/Illuminate/Foundation/resources/server.php(23): require_once('...')
#32 {main}
"} 
[2026-09-28 23:09:50] local.ERROR: Uncaught Error: Call to undefined function Illuminate\Support\mb_split() in D:\Fork\hypnotoad\backend\vendor\laravel\framework\src\Illuminate\Support\Str.php:1722
Stack trace:
#0 D:\Fork\hypnotoad\backend\vendor\laravel\framework\src\Illuminate\Support\Manager.php(98): Illuminate\Support\Str::studly()
#1 D:\Fork\hypnotoad\backend\vendor\laravel\framework\src\Illuminate\Support\Manager.php(78): Illuminate\Support\Manager->createDriver()
#2 D:\Fork\hypnotoad\backend\vendor\laravel\framework\src\Illuminate\Session\SessionServiceProvider.php(52): Illuminate\Support\Manager->driver()
#3 D:\Fork\hypnotoad\backend\vendor\laravel\framework\src\Illuminate\Container\Container.php(1115): Illuminate\Session\SessionServiceProvider->{closure:Illuminate\Session\SessionServiceProvider::registerSessionDriver():48}()
#4 D:\Fork\hypnotoad\backend\vendor\laravel\framework\src\Illuminate\Container\Container.php(933): Illuminate\Container\Container->build()
#5 D:\Fork\hypnotoad\backend\vendor\laravel\framework\src\Illuminate\Foundation\Application.php(1078): Illuminate\Container\Container->resolve()
#6 D:\Fork\hypnotoad\backend\vendor\laravel\framework\src\Illuminate\Container\Container.php(864): Illuminate\Foundation\Application->resolve()
#7 D:\Fork\hypnotoad\backend\vendor\laravel\framework\src\Illuminate\Foundation\Application.php(1058): Illuminate\Container\Container->make()
#8 D:\Fork\hypnotoad\backend\vendor\laravel\framework\src\Illuminate\Container\Container.php(1805): Illuminate\Foundation\Application->make()
#9 D:\Fork\hypnotoad\backend\vendor\laravel\framework\src\Illuminate\Routing\RoutingServiceProvider.php(121): Illuminate\Container\Container->offsetGet()
#10 D:\Fork\hypnotoad\backend\vendor\laravel\framework\src\Illuminate\Container\Container.php(1115): Illuminate\Routing\RoutingServiceProvider->{closure:Illuminate\Routing\RoutingServiceProvider::registerRedirector():114}()
#11 D:\Fork\hypnotoad\backend\vendor\laravel\framework\src\Illuminate\Container\Container.php(933): Illuminate\Container\Container->build()
#12 D:\Fork\hypnotoad\backend\vendor\laravel\framework\src\Illuminate\Foundation\Application.php(1078): Illuminate\Container\Container->resolve()
#13 D:\Fork\hypnotoad\backend\vendor\laravel\framework\src\Illuminate\Container\Container.php(864): Illuminate\Foundation\Application->resolve()
#14 D:\Fork\hypnotoad\backend\vendor\laravel\framework\src\Illuminate\Foundation\Application.php(1058): Illuminate\Container\Container->make()
#15 D:\Fork\hypnotoad\backend\vendor\laravel\framework\src\Illuminate\Container\Container.php(1805): Illuminate\Foundation\Application->make()
#16 D:\Fork\hypnotoad\backend\vendor\laravel\framework\src\Illuminate\Routing\RoutingServiceProvider.php(177): Illuminate\Container\Container->offsetGet()
#17 D:\Fork\hypnotoad\backend\vendor\laravel\framework\src\Illuminate\Container\Container.php(1115): Illuminate\Routing\RoutingServiceProvider->{closure:Illuminate\Routing\RoutingServiceProvider::registerResponseFactory():176}()
#18 D:\Fork\hypnotoad\backend\vendor\laravel\framework\src\Illuminate\Container\Container.php(933): Illuminate\Container\Container->build()
#19 D:\Fork\hypnotoad\backend\vendor\laravel\framework\src\Illuminate\Foundation\Application.php(1078): Illuminate\Container\Container->resolve()
#20 D:\Fork\hypnotoad\backend\vendor\laravel\framework\src\Illuminate\Container\Container.php(864): Illuminate\Foundation\Application->resolve()
#21 D:\Fork\hypnotoad\backend\vendor\laravel\framework\src\Illuminate\Foundation\Application.php(1058): Illuminate\Container\Container->make()
#22 D:\Fork\hypnotoad\backend\vendor\laravel\framework\src\Illuminate\Foundation\helpers.php(138): Illuminate\Foundation\Application->make()
#23 D:\Fork\hypnotoad\backend\vendor\laravel\framework\src\Illuminate\Foundation\helpers.php(850): app()
#24 D:\Fork\hypnotoad\backend\vendor\laravel\framework\src\Illuminate\Foundation\Exceptions\Handler.php(987): response()
#25 D:\Fork\hypnotoad\backend\vendor\laravel\framework\src\Illuminate\Foundation\Exceptions\Handler.php(839): Illuminate\Foundation\Exceptions\Handler->toIlluminateResponse()
#26 D:\Fork\hypnotoad\backend\vendor\laravel\framework\src\Illuminate\Foundation\Exceptions\Handler.php(738): Illuminate\Foundation\Exceptions\Handler->prepareResponse()
#27 D:\Fork\hypnotoad\backend\vendor\laravel\framework\src\Illuminate\Foundation\Exceptions\Handler.php(626): Illuminate\Foundation\Exceptions\Handler->renderExceptionResponse()
#28 D:\Fork\hypnotoad\backend\vendor\laravel\framework\src\Illuminate\Foundation\Bootstrap\HandleExceptions.php(225): Illuminate\Foundation\Exceptions\Handler->render()
#29 D:\Fork\hypnotoad\backend\vendor\laravel\framework\src\Illuminate\Foundation\Bootstrap\HandleExceptions.php(202): Illuminate\Foundation\Bootstrap\HandleExceptions->renderHttpResponse()
#30 D:\Fork\hypnotoad\backend\vendor\laravel\framework\src\Illuminate\Foundation\Bootstrap\HandleExceptions.php(262): Illuminate\Foundation\Bootstrap\HandleExceptions->handleException()
#31 [internal function]: Illuminate\Foundation\Bootstrap\HandleExceptions->{closure:Illuminate\Foundation\Bootstrap\HandleExceptions::forwardsTo():261}()
#32 {main}
  thrown {"exception":"[object] (Symfony\\Component\\ErrorHandler\\Error\\FatalError(code: 0): Uncaught Error: Call to undefined function Illuminate\\Support\\mb_split() in D:\\Fork\\hypnotoad\\backend\\vendor\\laravel\\framework\\src\\Illuminate\\Support\\Str.php:1722
Stack trace:
#0 D:\\Fork\\hypnotoad\\backend\\vendor\\laravel\\framework\\src\\Illuminate\\Support\\Manager.php(98): Illuminate\\Support\\Str::studly()
#1 D:\\Fork\\hypnotoad\\backend\\vendor\\laravel\\framework\\src\\Illuminate\\Support\\Manager.php(78): Illuminate\\Support\\Manager->createDriver()
#2 D:\\Fork\\hypnotoad\\backend\\vendor\\laravel\\framework\\src\\Illuminate\\Session\\SessionServiceProvider.php(52): Illuminate\\Support\\Manager->driver()
#3 D:\\Fork\\hypnotoad\\backend\\vendor\\laravel\\framework\\src\\Illuminate\\Container\\Container.php(1115): Illuminate\\Session\\SessionServiceProvider->{closure:Illuminate\\Session\\SessionServiceProvider::registerSessionDriver():48}()
#4 D:\\Fork\\hypnotoad\\backend\\vendor\\laravel\\framework\\src\\Illuminate\\Container\\Container.php(933): Illuminate\\Container\\Container->build()
#5 D:\\Fork\\hypnotoad\\backend\\vendor\\laravel\\framework\\src\\Illuminate\\Foundation\\Application.php(1078): Illuminate\\Container\\Container->resolve()
#6 D:\\Fork\\hypnotoad\\backend\\vendor\\laravel\\framework\\src\\Illuminate\\Container\\Container.php(864): Illuminate\\Foundation\\Application->resolve()
#7 D:\\Fork\\hypnotoad\\backend\\vendor\\laravel\\framework\\src\\Illuminate\\Foundation\\Application.php(1058): Illuminate\\Container\\Container->make()
#8 D:\\Fork\\hypnotoad\\backend\\vendor\\laravel\\framework\\src\\Illuminate\\Container\\Container.php(1805): Illuminate\\Foundation\\Application->make()
#9 D:\\Fork\\hypnotoad\\backend\\vendor\\laravel\\framework\\src\\Illuminate\\Routing\\RoutingServiceProvider.php(121): Illuminate\\Container\\Container->offsetGet()
#10 D:\\Fork\\hypnotoad\\backend\\vendor\\laravel\\framework\\src\\Illuminate\\Container\\Container.php(1115): Illuminate\\Routing\\RoutingServiceProvider->{closure:Illuminate\\Routing\\RoutingServiceProvider::registerRedirector():114}()
#11 D:\\Fork\\hypnotoad\\backend\\vendor\\laravel\\framework\\src\\Illuminate\\Container\\Container.php(933): Illuminate\\Container\\Container->build()
#12 D:\\Fork\\hypnotoad\\backend\\vendor\\laravel\\framework\\src\\Illuminate\\Foundation\\Application.php(1078): Illuminate\\Container\\Container->resolve()
#13 D:\\Fork\\hypnotoad\\backend\\vendor\\laravel\\framework\\src\\Illuminate\\Container\\Container.php(864): Illuminate\\Foundation\\Application->resolve()
#14 D:\\Fork\\hypnotoad\\backend\\vendor\\laravel\\framework\\src\\Illuminate\\Foundation\\Application.php(1058): Illuminate\\Container\\Container->make()
#15 D:\\Fork\\hypnotoad\\backend\\vendor\\laravel\\framework\\src\\Illuminate\\Container\\Container.php(1805): Illuminate\\Foundation\\Application->make()
#16 D:\\Fork\\hypnotoad\\backend\\vendor\\laravel\\framework\\src\\Illuminate\\Routing\\RoutingServiceProvider.php(177): Illuminate\\Container\\Container->offsetGet()
#17 D:\\Fork\\hypnotoad\\backend\\vendor\\laravel\\framework\\src\\Illuminate\\Container\\Container.php(1115): Illuminate\\Routing\\RoutingServiceProvider->{closure:Illuminate\\Routing\\RoutingServiceProvider::registerResponseFactory():176}()
#18 D:\\Fork\\hypnotoad\\backend\\vendor\\laravel\\framework\\src\\Illuminate\\Container\\Container.php(933): Illuminate\\Container\\Container->build()
#19 D:\\Fork\\hypnotoad\\backend\\vendor\\laravel\\framework\\src\\Illuminate\\Foundation\\Application.php(1078): Illuminate\\Container\\Container->resolve()
#20 D:\\Fork\\hypnotoad\\backend\\vendor\\laravel\\framework\\src\\Illuminate\\Container\\Container.php(864): Illuminate\\Foundation\\Application->resolve()
#21 D:\\Fork\\hypnotoad\\backend\\vendor\\laravel\\framework\\src\\Illuminate\\Foundation\\Application.php(1058): Illuminate\\Container\\Container->make()
#22 D:\\Fork\\hypnotoad\\backend\\vendor\\laravel\\framework\\src\\Illuminate\\Foundation\\helpers.php(138): Illuminate\\Foundation\\Application->make()
#23 D:\\Fork\\hypnotoad\\backend\\vendor\\laravel\\framework\\src\\Illuminate\\Foundation\\helpers.php(850): app()
#24 D:\\Fork\\hypnotoad\\backend\\vendor\\laravel\\framework\\src\\Illuminate\\Foundation\\Exceptions\\Handler.php(987): response()
#25 D:\\Fork\\hypnotoad\\backend\\vendor\\laravel\\framework\\src\\Illuminate\\Foundation\\Exceptions\\Handler.php(839): Illuminate\\Foundation\\Exceptions\\Handler->toIlluminateResponse()
#26 D:\\Fork\\hypnotoad\\backend\\vendor\\laravel\\framework\\src\\Illuminate\\Foundation\\Exceptions\\Handler.php(738): Illuminate\\Foundation\\Exceptions\\Handler->prepareResponse()
#27 D:\\Fork\\hypnotoad\\backend\\vendor\\laravel\\framework\\src\\Illuminate\\Foundation\\Exceptions\\Handler.php(626): Illuminate\\Foundation\\Exceptions\\Handler->renderExceptionResponse()
#28 D:\\Fork\\hypnotoad\\backend\\vendor\\laravel\\framework\\src\\Illuminate\\Foundation\\Bootstrap\\HandleExceptions.php(225): Illuminate\\Foundation\\Exceptions\\Handler->render()
#29 D:\\Fork\\hypnotoad\\backend\\vendor\\laravel\\framework\\src\\Illuminate\\Foundation\\Bootstrap\\HandleExceptions.php(202): Illuminate\\Foundation\\Bootstrap\\HandleExceptions->renderHttpResponse()
#30 D:\\Fork\\hypnotoad\\backend\\vendor\\laravel\\framework\\src\\Illuminate\\Foundation\\Bootstrap\\HandleExceptions.php(262): Illuminate\\Foundation\\Bootstrap\\HandleExceptions->handleException()
#31 [internal function]: Illuminate\\Foundation\\Bootstrap\\HandleExceptions->{closure:Illuminate\\Foundation\\Bootstrap\\HandleExceptions::forwardsTo():261}()
#32 {main}
  thrown at D:/Fork/hypnotoad/backend/vendor/laravel/framework/src/Illuminate/Support/Str.php:1722)
[stacktrace]
#0 {main}
"} 
[2026-09-28 23:09:56] local.ERROR: Call to undefined function Illuminate\Support\mb_split() {"exception":"[object] (Error(code: 0): Call to undefined function Illuminate\\Support\\mb_split() at D:/Fork/hypnotoad/backend/vendor/laravel/framework/src/Illuminate/Support/Str.php:1722)
[stacktrace]
#0 D:/Fork/hypnotoad/backend/vendor/laravel/framework/src/Illuminate/Support/Manager.php(98): Illuminate/Support/Str::studly()
#1 D:/Fork/hypnotoad/backend/vendor/laravel/framework/src/Illuminate/Support/Manager.php(78): Illuminate/Support/Manager->createDriver()
#2 D:/Fork/hypnotoad/backend/vendor/laravel/framework/src/Illuminate/Foundation/Providers/FoundationServiceProvider.php(293): Illuminate/Support/Manager->driver()
#3 D:/Fork/hypnotoad/backend/vendor/laravel/framework/src/Illuminate/Container/Container.php(1115): Illuminate/Foundation/Providers/FoundationServiceProvider->{closure:Illuminate/Foundation/Providers/FoundationServiceProvider::registerMaintenanceModeManager():293}()
#4 D:/Fork/hypnotoad/backend/vendor/laravel/framework/src/Illuminate/Container/Container.php(933): Illuminate/Container/Container->build()
#5 D:/Fork/hypnotoad/backend/vendor/laravel/framework/src/Illuminate/Foundation/Application.php(1078): Illuminate/Container/Container->resolve()
#6 D:/Fork/hypnotoad/backend/vendor/laravel/framework/src/Illuminate/Container/Container.php(864): Illuminate/Foundation/Application->resolve()
#7 D:/Fork/hypnotoad/backend/vendor/laravel/framework/src/Illuminate/Foundation/Application.php(1058): Illuminate/Container/Container->make()
#8 D:/Fork/hypnotoad/backend/vendor/laravel/framework/src/Illuminate/Foundation/Application.php(1410): Illuminate/Foundation/Application->make()
#9 D:/Fork/hypnotoad/backend/vendor/laravel/framework/src/Illuminate/Foundation/Http/Middleware/PreventRequestsDuringMaintenance.php(64): Illuminate/Foundation/Application->maintenanceMode()
#10 D:/Fork/hypnotoad/backend/vendor/laravel/framework/src/Illuminate/Pipeline/Pipeline.php(219): Illuminate/Foundation/Http/Middleware/PreventRequestsDuringMaintenance->handle()
#11 D:/Fork/hypnotoad/backend/vendor/laravel/framework/src/Illuminate/Http/Middleware/HandleCors.php(74): Illuminate/Pipeline/Pipeline->{closure:{closure:Illuminate/Pipeline/Pipeline::carry():194}:195}()
#12 D:/Fork/hypnotoad/backend/vendor/laravel/framework/src/Illuminate/Pipeline/Pipeline.php(219): Illuminate/Http/Middleware/HandleCors->handle()
#13 D:/Fork/hypnotoad/backend/vendor/laravel/framework/src/Illuminate/Http/Middleware/TrustProxies.php(58): Illuminate/Pipeline/Pipeline->{closure:{closure:Illuminate/Pipeline/Pipeline::carry():194}:195}()
#14 D:/Fork/hypnotoad/backend/vendor/laravel/framework/src/Illuminate/Pipeline/Pipeline.php(219): Illuminate/Http/Middleware/TrustProxies->handle()
#15 D:/Fork/hypnotoad/backend/vendor/laravel/framework/src/Illuminate/Foundation/Http/Middleware/InvokeDeferredCallbacks.php(22): Illuminate/Pipeline/Pipeline->{closure:{closure:Illuminate/Pipeline/Pipeline::carry():194}:195}()
#16 D:/Fork/hypnotoad/backend/vendor/laravel/framework/src/Illuminate/Pipeline/Pipeline.php(219): Illuminate/Foundation/Http/Middleware/InvokeDeferredCallbacks->handle()
#17 D:/Fork/hypnotoad/backend/vendor/laravel/framework/src/Illuminate/Http/Middleware/ValidatePathEncoding.php(26): Illuminate/Pipeline/Pipeline->{closure:{closure:Illuminate/Pipeline/Pipeline::carry():194}:195}()
#18 D:/Fork/hypnotoad/backend/vendor/laravel/framework/src/Illuminate/Pipeline/Pipeline.php(219): Illuminate/Http/Middleware/ValidatePathEncoding->handle()
#19 D:/Fork/hypnotoad/backend/vendor/laravel/framework/src/Illuminate/Pipeline/Pipeline.php(137): Illuminate/Pipeline/Pipeline->{closure:{closure:Illuminate/Pipeline/Pipeline::carry():194}:195}()
#20 D:/Fork/hypnotoad/backend/vendor/laravel/framework/src/Illuminate/Foundation/Http/Kernel.php(175): Illuminate/Pipeline/Pipeline->then()
#21 D:/Fork/hypnotoad/backend/vendor/laravel/framework/src/Illuminate/Foundation/Http/Kernel.php(144): Illuminate/Foundation/Http/Kernel->sendRequestThroughRouter()
#22 D:/Fork/hypnotoad/backend/public/index.php(16): Illuminate/Foundation/Http/Kernel->handle()
#23 D:/Fork/hypnotoad/backend/vendor/laravel/framework/src/Illuminate/Foundation/resources/server.php(23): require_once('...')
#24 {main}
"} 
[2026-09-28 23:09:56] local.ERROR: Call to undefined function Illuminate\Support\mb_split() {"exception":"[object] (Error(code: 0): Call to undefined function Illuminate\\Support\\mb_split() at D:/Fork/hypnotoad/backend/vendor/laravel/framework/src/Illuminate/Support/Str.php:1722)
[stacktrace]
#0 D:/Fork/hypnotoad/backend/vendor/laravel/framework/src/Illuminate/Support/Manager.php(98): Illuminate/Support/Str::studly()
#1 D:/Fork/hypnotoad/backend/vendor/laravel/framework/src/Illuminate/Support/Manager.php(78): Illuminate/Support/Manager->createDriver()
#2 D:/Fork/hypnotoad/backend/vendor/laravel/framework/src/Illuminate/Session/SessionServiceProvider.php(52): Illuminate/Support/Manager->driver()
#3 D:/Fork/hypnotoad/backend/vendor/laravel/framework/src/Illuminate/Container/Container.php(1115): Illuminate/Session/SessionServiceProvider->{closure:Illuminate/Session/SessionServiceProvider::registerSessionDriver():48}()
#4 D:/Fork/hypnotoad/backend/vendor/laravel/framework/src/Illuminate/Container/Container.php(933): Illuminate/Container/Container->build()
#5 D:/Fork/hypnotoad/backend/vendor/laravel/framework/src/Illuminate/Foundation/Application.php(1078): Illuminate/Container/Container->resolve()
#6 D:/Fork/hypnotoad/backend/vendor/laravel/framework/src/Illuminate/Container/Container.php(864): Illuminate/Foundation/Application->resolve()
#7 D:/Fork/hypnotoad/backend/vendor/laravel/framework/src/Illuminate/Foundation/Application.php(1058): Illuminate/Container/Container->make()
#8 D:/Fork/hypnotoad/backend/vendor/laravel/framework/src/Illuminate/Container/Container.php(1805): Illuminate/Foundation/Application->make()
#9 D:/Fork/hypnotoad/backend/vendor/laravel/framework/src/Illuminate/Routing/RoutingServiceProvider.php(121): Illuminate/Container/Container->offsetGet()
#10 D:/Fork/hypnotoad/backend/vendor/laravel/framework/src/Illuminate/Container/Container.php(1115): Illuminate/Routing/RoutingServiceProvider->{closure:Illuminate/Routing/RoutingServiceProvider::registerRedirector():114}()
#11 D:/Fork/hypnotoad/backend/vendor/laravel/framework/src/Illuminate/Container/Container.php(933): Illuminate/Container/Container->build()
#12 D:/Fork/hypnotoad/backend/vendor/laravel/framework/src/Illuminate/Foundation/Application.php(1078): Illuminate/Container/Container->resolve()
#13 D:/Fork/hypnotoad/backend/vendor/laravel/framework/src/Illuminate/Container/Container.php(864): Illuminate/Foundation/Application->resolve()
#14 D:/Fork/hypnotoad/backend/vendor/laravel/framework/src/Illuminate/Foundation/Application.php(1058): Illuminate/Container/Container->make()
#15 D:/Fork/hypnotoad/backend/vendor/laravel/framework/src/Illuminate/Container/Container.php(1805): Illuminate/Foundation/Application->make()
#16 D:/Fork/hypnotoad/backend/vendor/laravel/framework/src/Illuminate/Routing/RoutingServiceProvider.php(177): Illuminate/Container/Container->offsetGet()
#17 D:/Fork/hypnotoad/backend/vendor/laravel/framework/src/Illuminate/Container/Container.php(1115): Illuminate/Routing/RoutingServiceProvider->{closure:Illuminate/Routing/RoutingServiceProvider::registerResponseFactory():176}()
#18 D:/Fork/hypnotoad/backend/vendor/laravel/framework/src/Illuminate/Container/Container.php(933): Illuminate/Container/Container->build()
#19 D:/Fork/hypnotoad/backend/vendor/laravel/framework/src/Illuminate/Foundation/Application.php(1078): Illuminate/Container/Container->resolve()
#20 D:/Fork/hypnotoad/backend/vendor/laravel/framework/src/Illuminate/Container/Container.php(864): Illuminate/Foundation/Application->resolve()
#21 D:/Fork/hypnotoad/backend/vendor/laravel/framework/src/Illuminate/Foundation/Application.php(1058): Illuminate/Container/Container->make()
#22 D:/Fork/hypnotoad/backend/vendor/laravel/framework/src/Illuminate/Foundation/helpers.php(138): Illuminate/Foundation/Application->make()
#23 D:/Fork/hypnotoad/backend/vendor/laravel/framework/src/Illuminate/Foundation/helpers.php(850): app()
#24 D:/Fork/hypnotoad/backend/vendor/laravel/framework/src/Illuminate/Foundation/Exceptions/Handler.php(987): response()
#25 D:/Fork/hypnotoad/backend/vendor/laravel/framework/src/Illuminate/Foundation/Exceptions/Handler.php(839): Illuminate/Foundation/Exceptions/Handler->toIlluminateResponse()
#26 D:/Fork/hypnotoad/backend/vendor/laravel/framework/src/Illuminate/Foundation/Exceptions/Handler.php(738): Illuminate/Foundation/Exceptions/Handler->prepareResponse()
#27 D:/Fork/hypnotoad/backend/vendor/laravel/framework/src/Illuminate/Foundation/Exceptions/Handler.php(626): Illuminate/Foundation/Exceptions/Handler->renderExceptionResponse()
#28 D:/Fork/hypnotoad/backend/vendor/laravel/framework/src/Illuminate/Routing/Pipeline.php(51): Illuminate/Foundation/Exceptions/Handler->render()
#29 D:/Fork/hypnotoad/backend/vendor/laravel/framework/src/Illuminate/Pipeline/Pipeline.php(224): Illuminate/Routing/Pipeline->handleException()
#30 D:/Fork/hypnotoad/backend/vendor/laravel/framework/src/Illuminate/Http/Middleware/HandleCors.php(74): Illuminate/Pipeline/Pipeline->{closure:{closure:Illuminate/Pipeline/Pipeline::carry():194}:195}()
#31 D:/Fork/hypnotoad/backend/vendor/laravel/framework/src/Illuminate/Pipeline/Pipeline.php(219): Illuminate/Http/Middleware/HandleCors->handle()
#32 D:/Fork/hypnotoad/backend/vendor/laravel/framework/src/Illuminate/Http/Middleware/TrustProxies.php(58): Illuminate/Pipeline/Pipeline->{closure:{closure:Illuminate/Pipeline/Pipeline::carry():194}:195}()
#33 D:/Fork/hypnotoad/backend/vendor/laravel/framework/src/Illuminate/Pipeline/Pipeline.php(219): Illuminate/Http/Middleware/TrustProxies->handle()
#34 D:/Fork/hypnotoad/backend/vendor/laravel/framework/src/Illuminate/Foundation/Http/Middleware/InvokeDeferredCallbacks.php(22): Illuminate/Pipeline/Pipeline->{closure:{closure:Illuminate/Pipeline/Pipeline::carry():194}:195}()
#35 D:/Fork/hypnotoad/backend/vendor/laravel/framework/src/Illuminate/Pipeline/Pipeline.php(219): Illuminate/Foundation/Http/Middleware/InvokeDeferredCallbacks->handle()
#36 D:/Fork/hypnotoad/backend/vendor/laravel/framework/src/Illuminate/Http/Middleware/ValidatePathEncoding.php(26): Illuminate/Pipeline/Pipeline->{closure:{closure:Illuminate/Pipeline/Pipeline::carry():194}:195}()
#37 D:/Fork/hypnotoad/backend/vendor/laravel/framework/src/Illuminate/Pipeline/Pipeline.php(219): Illuminate/Http/Middleware/ValidatePathEncoding->handle()
#38 D:/Fork/hypnotoad/backend/vendor/laravel/framework/src/Illuminate/Pipeline/Pipeline.php(137): Illuminate/Pipeline/Pipeline->{closure:{closure:Illuminate/Pipeline/Pipeline::carry():194}:195}()
#39 D:/Fork/hypnotoad/backend/vendor/laravel/framework/src/Illuminate/Foundation/Http/Kernel.php(175): Illuminate/Pipeline/Pipeline->then()
#40 D:/Fork/hypnotoad/backend/vendor/laravel/framework/src/Illuminate/Foundation/Http/Kernel.php(144): Illuminate/Foundation/Http/Kernel->sendRequestThroughRouter()
#41 D:/Fork/hypnotoad/backend/public/index.php(16): Illuminate/Foundation/Http/Kernel->handle()
#42 D:/Fork/hypnotoad/backend/vendor/laravel/framework/src/Illuminate/Foundation/resources/server.php(23): require_once('...')
#43 {main}
"} 
[2026-09-28 23:09:56] local.ERROR: Call to undefined function Illuminate\Support\mb_split() {"exception":"[object] (Error(code: 0): Call to undefined function Illuminate\\Support\\mb_split() at D:/Fork/hypnotoad/backend/vendor/laravel/framework/src/Illuminate/Support/Str.php:1722)
[stacktrace]
#0 D:/Fork/hypnotoad/backend/vendor/laravel/framework/src/Illuminate/Support/Manager.php(98): Illuminate/Support/Str::studly()
#1 D:/Fork/hypnotoad/backend/vendor/laravel/framework/src/Illuminate/Support/Manager.php(78): Illuminate/Support/Manager->createDriver()
#2 D:/Fork/hypnotoad/backend/vendor/laravel/framework/src/Illuminate/Session/SessionServiceProvider.php(52): Illuminate/Support/Manager->driver()
#3 D:/Fork/hypnotoad/backend/vendor/laravel/framework/src/Illuminate/Container/Container.php(1115): Illuminate/Session/SessionServiceProvider->{closure:Illuminate/Session/SessionServiceProvider::registerSessionDriver():48}()
#4 D:/Fork/hypnotoad/backend/vendor/laravel/framework/src/Illuminate/Container/Container.php(933): Illuminate/Container/Container->build()
#5 D:/Fork/hypnotoad/backend/vendor/laravel/framework/src/Illuminate/Foundation/Application.php(1078): Illuminate/Container/Container->resolve()
#6 D:/Fork/hypnotoad/backend/vendor/laravel/framework/src/Illuminate/Container/Container.php(864): Illuminate/Foundation/Application->resolve()
#7 D:/Fork/hypnotoad/backend/vendor/laravel/framework/src/Illuminate/Foundation/Application.php(1058): Illuminate/Container/Container->make()
#8 D:/Fork/hypnotoad/backend/vendor/laravel/framework/src/Illuminate/Container/Container.php(1805): Illuminate/Foundation/Application->make()
#9 D:/Fork/hypnotoad/backend/vendor/laravel/framework/src/Illuminate/Routing/RoutingServiceProvider.php(121): Illuminate/Container/Container->offsetGet()
#10 D:/Fork/hypnotoad/backend/vendor/laravel/framework/src/Illuminate/Container/Container.php(1115): Illuminate/Routing/RoutingServiceProvider->{closure:Illuminate/Routing/RoutingServiceProvider::registerRedirector():114}()
#11 D:/Fork/hypnotoad/backend/vendor/laravel/framework/src/Illuminate/Container/Container.php(933): Illuminate/Container/Container->build()
#12 D:/Fork/hypnotoad/backend/vendor/laravel/framework/src/Illuminate/Foundation/Application.php(1078): Illuminate/Container/Container->resolve()
#13 D:/Fork/hypnotoad/backend/vendor/laravel/framework/src/Illuminate/Container/Container.php(864): Illuminate/Foundation/Application->resolve()
#14 D:/Fork/hypnotoad/backend/vendor/laravel/framework/src/Illuminate/Foundation/Application.php(1058): Illuminate/Container/Container->make()
#15 D:/Fork/hypnotoad/backend/vendor/laravel/framework/src/Illuminate/Container/Container.php(1805): Illuminate/Foundation/Application->make()
#16 D:/Fork/hypnotoad/backend/vendor/laravel/framework/src/Illuminate/Routing/RoutingServiceProvider.php(177): Illuminate/Container/Container->offsetGet()
#17 D:/Fork/hypnotoad/backend/vendor/laravel/framework/src/Illuminate/Container/Container.php(1115): Illuminate/Routing/RoutingServiceProvider->{closure:Illuminate/Routing/RoutingServiceProvider::registerResponseFactory():176}()
#18 D:/Fork/hypnotoad/backend/vendor/laravel/framework/src/Illuminate/Container/Container.php(933): Illuminate/Container/Container->build()
#19 D:/Fork/hypnotoad/backend/vendor/laravel/framework/src/Illuminate/Foundation/Application.php(1078): Illuminate/Container/Container->resolve()
#20 D:/Fork/hypnotoad/backend/vendor/laravel/framework/src/Illuminate/Container/Container.php(864): Illuminate/Foundation/Application->resolve()
#21 D:/Fork/hypnotoad/backend/vendor/laravel/framework/src/Illuminate/Foundation/Application.php(1058): Illuminate/Container/Container->make()
#22 D:/Fork/hypnotoad/backend/vendor/laravel/framework/src/Illuminate/Foundation/helpers.php(138): Illuminate/Foundation/Application->make()
#23 D:/Fork/hypnotoad/backend/vendor/laravel/framework/src/Illuminate/Foundation/helpers.php(850): app()
#24 D:/Fork/hypnotoad/backend/vendor/laravel/framework/src/Illuminate/Foundation/Exceptions/Handler.php(987): response()
#25 D:/Fork/hypnotoad/backend/vendor/laravel/framework/src/Illuminate/Foundation/Exceptions/Handler.php(839): Illuminate/Foundation/Exceptions/Handler->toIlluminateResponse()
#26 D:/Fork/hypnotoad/backend/vendor/laravel/framework/src/Illuminate/Foundation/Exceptions/Handler.php(738): Illuminate/Foundation/Exceptions/Handler->prepareResponse()
#27 D:/Fork/hypnotoad/backend/vendor/laravel/framework/src/Illuminate/Foundation/Exceptions/Handler.php(626): Illuminate/Foundation/Exceptions/Handler->renderExceptionResponse()
#28 D:/Fork/hypnotoad/backend/vendor/laravel/framework/src/Illuminate/Routing/Pipeline.php(51): Illuminate/Foundation/Exceptions/Handler->render()
#29 D:/Fork/hypnotoad/backend/vendor/laravel/framework/src/Illuminate/Pipeline/Pipeline.php(224): Illuminate/Routing/Pipeline->handleException()
#30 D:/Fork/hypnotoad/backend/vendor/laravel/framework/src/Illuminate/Http/Middleware/TrustProxies.php(58): Illuminate/Pipeline/Pipeline->{closure:{closure:Illuminate/Pipeline/Pipeline::carry():194}:195}()
#31 D:/Fork/hypnotoad/backend/vendor/laravel/framework/src/Illuminate/Pipeline/Pipeline.php(219): Illuminate/Http/Middleware/TrustProxies->handle()
#32 D:/Fork/hypnotoad/backend/vendor/laravel/framework/src/Illuminate/Foundation/Http/Middleware/InvokeDeferredCallbacks.php(22): Illuminate/Pipeline/Pipeline->{closure:{closure:Illuminate/Pipeline/Pipeline::carry():194}:195}()
#33 D:/Fork/hypnotoad/backend/vendor/laravel/framework/src/Illuminate/Pipeline/Pipeline.php(219): Illuminate/Foundation/Http/Middleware/InvokeDeferredCallbacks->handle()
#34 D:/Fork/hypnotoad/backend/vendor/laravel/framework/src/Illuminate/Http/Middleware/ValidatePathEncoding.php(26): Illuminate/Pipeline/Pipeline->{closure:{closure:Illuminate/Pipeline/Pipeline::carry():194}:195}()
#35 D:/Fork/hypnotoad/backend/vendor/laravel/framework/src/Illuminate/Pipeline/Pipeline.php(219): Illuminate/Http/Middleware/ValidatePathEncoding->handle()
#36 D:/Fork/hypnotoad/backend/vendor/laravel/framework/src/Illuminate/Pipeline/Pipeline.php(137): Illuminate/Pipeline/Pipeline->{closure:{closure:Illuminate/Pipeline/Pipeline::carry():194}:195}()
#37 D:/Fork/hypnotoad/backend/vendor/laravel/framework/src/Illuminate/Foundation/Http/Kernel.php(175): Illuminate/Pipeline/Pipeline->then()
#38 D:/Fork/hypnotoad/backend/vendor/laravel/framework/src/Illuminate/Foundation/Http/Kernel.php(144): Illuminate/Foundation/Http/Kernel->sendRequestThroughRouter()
#39 D:/Fork/hypnotoad/backend/public/index.php(16): Illuminate/Foundation/Http/Kernel->handle()
#40 D:/Fork/hypnotoad/backend/vendor/laravel/framework/src/Illuminate/Foundation/resources/server.php(23): require_once('...')
#41 {main}
"} 
[2026-09-28 23:09:56] local.ERROR: Call to undefined function Illuminate\Support\mb_split() {"exception":"[object] (Error(code: 0): Call to undefined function Illuminate\\Support\\mb_split() at D:/Fork/hypnotoad/backend/vendor/laravel/framework/src/Illuminate/Support/Str.php:1722)
[stacktrace]
#0 D:/Fork/hypnotoad/backend/vendor/laravel/framework/src/Illuminate/Support/Manager.php(98): Illuminate/Support/Str::studly()
#1 D:/Fork/hypnotoad/backend/vendor/laravel/framework/src/Illuminate/Support/Manager.php(78): Illuminate/Support/Manager->createDriver()
#2 D:/Fork/hypnotoad/backend/vendor/laravel/framework/src/Illuminate/Session/SessionServiceProvider.php(52): Illuminate/Support/Manager->driver()
#3 D:/Fork/hypnotoad/backend/vendor/laravel/framework/src/Illuminate/Container/Container.php(1115): Illuminate/Session/SessionServiceProvider->{closure:Illuminate/Session/SessionServiceProvider::registerSessionDriver():48}()
#4 D:/Fork/hypnotoad/backend/vendor/laravel/framework/src/Illuminate/Container/Container.php(933): Illuminate/Container/Container->build()
#5 D:/Fork/hypnotoad/backend/vendor/laravel/framework/src/Illuminate/Foundation/Application.php(1078): Illuminate/Container/Container->resolve()
#6 D:/Fork/hypnotoad/backend/vendor/laravel/framework/src/Illuminate/Container/Container.php(864): Illuminate/Foundation/Application->resolve()
#7 D:/Fork/hypnotoad/backend/vendor/laravel/framework/src/Illuminate/Foundation/Application.php(1058): Illuminate/Container/Container->make()
#8 D:/Fork/hypnotoad/backend/vendor/laravel/framework/src/Illuminate/Container/Container.php(1805): Illuminate/Foundation/Application->make()
#9 D:/Fork/hypnotoad/backend/vendor/laravel/framework/src/Illuminate/Routing/RoutingServiceProvider.php(121): Illuminate/Container/Container->offsetGet()
#10 D:/Fork/hypnotoad/backend/vendor/laravel/framework/src/Illuminate/Container/Container.php(1115): Illuminate/Routing/RoutingServiceProvider->{closure:Illuminate/Routing/RoutingServiceProvider::registerRedirector():114}()
#11 D:/Fork/hypnotoad/backend/vendor/laravel/framework/src/Illuminate/Container/Container.php(933): Illuminate/Container/Container->build()
#12 D:/Fork/hypnotoad/backend/vendor/laravel/framework/src/Illuminate/Foundation/Application.php(1078): Illuminate/Container/Container->resolve()
#13 D:/Fork/hypnotoad/backend/vendor/laravel/framework/src/Illuminate/Container/Container.php(864): Illuminate/Foundation/Application->resolve()
#14 D:/Fork/hypnotoad/backend/vendor/laravel/framework/src/Illuminate/Foundation/Application.php(1058): Illuminate/Container/Container->make()
#15 D:/Fork/hypnotoad/backend/vendor/laravel/framework/src/Illuminate/Container/Container.php(1805): Illuminate/Foundation/Application->make()
#16 D:/Fork/hypnotoad/backend/vendor/laravel/framework/src/Illuminate/Routing/RoutingServiceProvider.php(177): Illuminate/Container/Container->offsetGet()
#17 D:/Fork/hypnotoad/backend/vendor/laravel/framework/src/Illuminate/Container/Container.php(1115): Illuminate/Routing/RoutingServiceProvider->{closure:Illuminate/Routing/RoutingServiceProvider::registerResponseFactory():176}()
#18 D:/Fork/hypnotoad/backend/vendor/laravel/framework/src/Illuminate/Container/Container.php(933): Illuminate/Container/Container->build()
#19 D:/Fork/hypnotoad/backend/vendor/laravel/framework/src/Illuminate/Foundation/Application.php(1078): Illuminate/Container/Container->resolve()
#20 D:/Fork/hypnotoad/backend/vendor/laravel/framework/src/Illuminate/Container/Container.php(864): Illuminate/Foundation/Application->resolve()
#21 D:/Fork/hypnotoad/backend/vendor/laravel/framework/src/Illuminate/Foundation/Application.php(1058): Illuminate/Container/Container->make()
#22 D:/Fork/hypnotoad/backend/vendor/laravel/framework/src/Illuminate/Foundation/helpers.php(138): Illuminate/Foundation/Application->make()
#23 D:/Fork/hypnotoad/backend/vendor/laravel/framework/src/Illuminate/Foundation/helpers.php(850): app()
#24 D:/Fork/hypnotoad/backend/vendor/laravel/framework/src/Illuminate/Foundation/Exceptions/Handler.php(987): response()
#25 D:/Fork/hypnotoad/backend/vendor/laravel/framework/src/Illuminate/Foundation/Exceptions/Handler.php(839): Illuminate/Foundation/Exceptions/Handler->toIlluminateResponse()
#26 D:/Fork/hypnotoad/backend/vendor/laravel/framework/src/Illuminate/Foundation/Exceptions/Handler.php(738): Illuminate/Foundation/Exceptions/Handler->prepareResponse()
#27 D:/Fork/hypnotoad/backend/vendor/laravel/framework/src/Illuminate/Foundation/Exceptions/Handler.php(626): Illuminate/Foundation/Exceptions/Handler->renderExceptionResponse()
#28 D:/Fork/hypnotoad/backend/vendor/laravel/framework/src/Illuminate/Routing/Pipeline.php(51): Illuminate/Foundation/Exceptions/Handler->render()
#29 D:/Fork/hypnotoad/backend/vendor/laravel/framework/src/Illuminate/Pipeline/Pipeline.php(224): Illuminate/Routing/Pipeline->handleException()
#30 D:/Fork/hypnotoad/backend/vendor/laravel/framework/src/Illuminate/Foundation/Http/Middleware/InvokeDeferredCallbacks.php(22): Illuminate/Pipeline/Pipeline->{closure:{closure:Illuminate/Pipeline/Pipeline::carry():194}:195}()
#31 D:/Fork/hypnotoad/backend/vendor/laravel/framework/src/Illuminate/Pipeline/Pipeline.php(219): Illuminate/Foundation/Http/Middleware/InvokeDeferredCallbacks->handle()
#32 D:/Fork/hypnotoad/backend/vendor/laravel/framework/src/Illuminate/Http/Middleware/ValidatePathEncoding.php(26): Illuminate/Pipeline/Pipeline->{closure:{closure:Illuminate/Pipeline/Pipeline::carry():194}:195}()
#33 D:/Fork/hypnotoad/backend/vendor/laravel/framework/src/Illuminate/Pipeline/Pipeline.php(219): Illuminate/Http/Middleware/ValidatePathEncoding->handle()
#34 D:/Fork/hypnotoad/backend/vendor/laravel/framework/src/Illuminate/Pipeline/Pipeline.php(137): Illuminate/Pipeline/Pipeline->{closure:{closure:Illuminate/Pipeline/Pipeline::carry():194}:195}()
#35 D:/Fork/hypnotoad/backend/vendor/laravel/framework/src/Illuminate/Foundation/Http/Kernel.php(175): Illuminate/Pipeline/Pipeline->then()
#36 D:/Fork/hypnotoad/backend/vendor/laravel/framework/src/Illuminate/Foundation/Http/Kernel.php(144): Illuminate/Foundation/Http/Kernel->sendRequestThroughRouter()
#37 D:/Fork/hypnotoad/backend/public/index.php(16): Illuminate/Foundation/Http/Kernel->handle()
#38 D:/Fork/hypnotoad/backend/vendor/laravel/framework/src/Illuminate/Foundation/resources/server.php(23): require_once('...')
#39 {main}
"} 
[2026-09-28 23:09:56] local.ERROR: Call to undefined function Illuminate\Support\mb_split() {"exception":"[object] (Error(code: 0): Call to undefined function Illuminate\\Support\\mb_split() at D:/Fork/hypnotoad/backend/vendor/laravel/framework/src/Illuminate/Support/Str.php:1722)
[stacktrace]
#0 D:/Fork/hypnotoad/backend/vendor/laravel/framework/src/Illuminate/Support/Manager.php(98): Illuminate/Support/Str::studly()
#1 D:/Fork/hypnotoad/backend/vendor/laravel/framework/src/Illuminate/Support/Manager.php(78): Illuminate/Support/Manager->createDriver()
#2 D:/Fork/hypnotoad/backend/vendor/laravel/framework/src/Illuminate/Session/SessionServiceProvider.php(52): Illuminate/Support/Manager->driver()
#3 D:/Fork/hypnotoad/backend/vendor/laravel/framework/src/Illuminate/Container/Container.php(1115): Illuminate/Session/SessionServiceProvider->{closure:Illuminate/Session/SessionServiceProvider::registerSessionDriver():48}()
#4 D:/Fork/hypnotoad/backend/vendor/laravel/framework/src/Illuminate/Container/Container.php(933): Illuminate/Container/Container->build()
#5 D:/Fork/hypnotoad/backend/vendor/laravel/framework/src/Illuminate/Foundation/Application.php(1078): Illuminate/Container/Container->resolve()
#6 D:/Fork/hypnotoad/backend/vendor/laravel/framework/src/Illuminate/Container/Container.php(864): Illuminate/Foundation/Application->resolve()
#7 D:/Fork/hypnotoad/backend/vendor/laravel/framework/src/Illuminate/Foundation/Application.php(1058): Illuminate/Container/Container->make()
#8 D:/Fork/hypnotoad/backend/vendor/laravel/framework/src/Illuminate/Container/Container.php(1805): Illuminate/Foundation/Application->make()
#9 D:/Fork/hypnotoad/backend/vendor/laravel/framework/src/Illuminate/Routing/RoutingServiceProvider.php(121): Illuminate/Container/Container->offsetGet()
#10 D:/Fork/hypnotoad/backend/vendor/laravel/framework/src/Illuminate/Container/Container.php(1115): Illuminate/Routing/RoutingServiceProvider->{closure:Illuminate/Routing/RoutingServiceProvider::registerRedirector():114}()
#11 D:/Fork/hypnotoad/backend/vendor/laravel/framework/src/Illuminate/Container/Container.php(933): Illuminate/Container/Container->build()
#12 D:/Fork/hypnotoad/backend/vendor/laravel/framework/src/Illuminate/Foundation/Application.php(1078): Illuminate/Container/Container->resolve()
#13 D:/Fork/hypnotoad/backend/vendor/laravel/framework/src/Illuminate/Container/Container.php(864): Illuminate/Foundation/Application->resolve()
#14 D:/Fork/hypnotoad/backend/vendor/laravel/framework/src/Illuminate/Foundation/Application.php(1058): Illuminate/Container/Container->make()
#15 D:/Fork/hypnotoad/backend/vendor/laravel/framework/src/Illuminate/Container/Container.php(1805): Illuminate/Foundation/Application->make()
#16 D:/Fork/hypnotoad/backend/vendor/laravel/framework/src/Illuminate/Routing/RoutingServiceProvider.php(177): Illuminate/Container/Container->offsetGet()
#17 D:/Fork/hypnotoad/backend/vendor/laravel/framework/src/Illuminate/Container/Container.php(1115): Illuminate/Routing/RoutingServiceProvider->{closure:Illuminate/Routing/RoutingServiceProvider::registerResponseFactory():176}()
#18 D:/Fork/hypnotoad/backend/vendor/laravel/framework/src/Illuminate/Container/Container.php(933): Illuminate/Container/Container->build()
#19 D:/Fork/hypnotoad/backend/vendor/laravel/framework/src/Illuminate/Foundation/Application.php(1078): Illuminate/Container/Container->resolve()
#20 D:/Fork/hypnotoad/backend/vendor/laravel/framework/src/Illuminate/Container/Container.php(864): Illuminate/Foundation/Application->resolve()
#21 D:/Fork/hypnotoad/backend/vendor/laravel/framework/src/Illuminate/Foundation/Application.php(1058): Illuminate/Container/Container->make()
#22 D:/Fork/hypnotoad/backend/vendor/laravel/framework/src/Illuminate/Foundation/helpers.php(138): Illuminate/Foundation/Application->make()
#23 D:/Fork/hypnotoad/backend/vendor/laravel/framework/src/Illuminate/Foundation/helpers.php(850): app()
#24 D:/Fork/hypnotoad/backend/vendor/laravel/framework/src/Illuminate/Foundation/Exceptions/Handler.php(987): response()
#25 D:/Fork/hypnotoad/backend/vendor/laravel/framework/src/Illuminate/Foundation/Exceptions/Handler.php(839): Illuminate/Foundation/Exceptions/Handler->toIlluminateResponse()
#26 D:/Fork/hypnotoad/backend/vendor/laravel/framework/src/Illuminate/Foundation/Exceptions/Handler.php(738): Illuminate/Foundation/Exceptions/Handler->prepareResponse()
#27 D:/Fork/hypnotoad/backend/vendor/laravel/framework/src/Illuminate/Foundation/Exceptions/Handler.php(626): Illuminate/Foundation/Exceptions/Handler->renderExceptionResponse()
#28 D:/Fork/hypnotoad/backend/vendor/laravel/framework/src/Illuminate/Routing/Pipeline.php(51): Illuminate/Foundation/Exceptions/Handler->render()
#29 D:/Fork/hypnotoad/backend/vendor/laravel/framework/src/Illuminate/Pipeline/Pipeline.php(224): Illuminate/Routing/Pipeline->handleException()
#30 D:/Fork/hypnotoad/backend/vendor/laravel/framework/src/Illuminate/Http/Middleware/ValidatePathEncoding.php(26): Illuminate/Pipeline/Pipeline->{closure:{closure:Illuminate/Pipeline/Pipeline::carry():194}:195}()
#31 D:/Fork/hypnotoad/backend/vendor/laravel/framework/src/Illuminate/Pipeline/Pipeline.php(219): Illuminate/Http/Middleware/ValidatePathEncoding->handle()
#32 D:/Fork/hypnotoad/backend/vendor/laravel/framework/src/Illuminate/Pipeline/Pipeline.php(137): Illuminate/Pipeline/Pipeline->{closure:{closure:Illuminate/Pipeline/Pipeline::carry():194}:195}()
#33 D:/Fork/hypnotoad/backend/vendor/laravel/framework/src/Illuminate/Foundation/Http/Kernel.php(175): Illuminate/Pipeline/Pipeline->then()
#34 D:/Fork/hypnotoad/backend/vendor/laravel/framework/src/Illuminate/Foundation/Http/Kernel.php(144): Illuminate/Foundation/Http/Kernel->sendRequestThroughRouter()
#35 D:/Fork/hypnotoad/backend/public/index.php(16): Illuminate/Foundation/Http/Kernel->handle()
#36 D:/Fork/hypnotoad/backend/vendor/laravel/framework/src/Illuminate/Foundation/resources/server.php(23): require_once('...')
#37 {main}
"} 
[2026-09-28 23:09:56] local.ERROR: Call to undefined function Illuminate\Support\mb_split() {"exception":"[object] (Error(code: 0): Call to undefined function Illuminate\\Support\\mb_split() at D:/Fork/hypnotoad/backend/vendor/laravel/framework/src/Illuminate/Support/Str.php:1722)
[stacktrace]
#0 D:/Fork/hypnotoad/backend/vendor/laravel/framework/src/Illuminate/Support/Manager.php(98): Illuminate/Support/Str::studly()
#1 D:/Fork/hypnotoad/backend/vendor/laravel/framework/src/Illuminate/Support/Manager.php(78): Illuminate/Support/Manager->createDriver()
#2 D:/Fork/hypnotoad/backend/vendor/laravel/framework/src/Illuminate/Session/SessionServiceProvider.php(52): Illuminate/Support/Manager->driver()
#3 D:/Fork/hypnotoad/backend/vendor/laravel/framework/src/Illuminate/Container/Container.php(1115): Illuminate/Session/SessionServiceProvider->{closure:Illuminate/Session/SessionServiceProvider::registerSessionDriver():48}()
#4 D:/Fork/hypnotoad/backend/vendor/laravel/framework/src/Illuminate/Container/Container.php(933): Illuminate/Container/Container->build()
#5 D:/Fork/hypnotoad/backend/vendor/laravel/framework/src/Illuminate/Foundation/Application.php(1078): Illuminate/Container/Container->resolve()
#6 D:/Fork/hypnotoad/backend/vendor/laravel/framework/src/Illuminate/Container/Container.php(864): Illuminate/Foundation/Application->resolve()
#7 D:/Fork/hypnotoad/backend/vendor/laravel/framework/src/Illuminate/Foundation/Application.php(1058): Illuminate/Container/Container->make()
#8 D:/Fork/hypnotoad/backend/vendor/laravel/framework/src/Illuminate/Container/Container.php(1805): Illuminate/Foundation/Application->make()
#9 D:/Fork/hypnotoad/backend/vendor/laravel/framework/src/Illuminate/Routing/RoutingServiceProvider.php(121): Illuminate/Container/Container->offsetGet()
#10 D:/Fork/hypnotoad/backend/vendor/laravel/framework/src/Illuminate/Container/Container.php(1115): Illuminate/Routing/RoutingServiceProvider->{closure:Illuminate/Routing/RoutingServiceProvider::registerRedirector():114}()
#11 D:/Fork/hypnotoad/backend/vendor/laravel/framework/src/Illuminate/Container/Container.php(933): Illuminate/Container/Container->build()
#12 D:/Fork/hypnotoad/backend/vendor/laravel/framework/src/Illuminate/Foundation/Application.php(1078): Illuminate/Container/Container->resolve()
#13 D:/Fork/hypnotoad/backend/vendor/laravel/framework/src/Illuminate/Container/Container.php(864): Illuminate/Foundation/Application->resolve()
#14 D:/Fork/hypnotoad/backend/vendor/laravel/framework/src/Illuminate/Foundation/Application.php(1058): Illuminate/Container/Container->make()
#15 D:/Fork/hypnotoad/backend/vendor/laravel/framework/src/Illuminate/Container/Container.php(1805): Illuminate/Foundation/Application->make()
#16 D:/Fork/hypnotoad/backend/vendor/laravel/framework/src/Illuminate/Routing/RoutingServiceProvider.php(177): Illuminate/Container/Container->offsetGet()
#17 D:/Fork/hypnotoad/backend/vendor/laravel/framework/src/Illuminate/Container/Container.php(1115): Illuminate/Routing/RoutingServiceProvider->{closure:Illuminate/Routing/RoutingServiceProvider::registerResponseFactory():176}()
#18 D:/Fork/hypnotoad/backend/vendor/laravel/framework/src/Illuminate/Container/Container.php(933): Illuminate/Container/Container->build()
#19 D:/Fork/hypnotoad/backend/vendor/laravel/framework/src/Illuminate/Foundation/Application.php(1078): Illuminate/Container/Container->resolve()
#20 D:/Fork/hypnotoad/backend/vendor/laravel/framework/src/Illuminate/Container/Container.php(864): Illuminate/Foundation/Application->resolve()
#21 D:/Fork/hypnotoad/backend/vendor/laravel/framework/src/Illuminate/Foundation/Application.php(1058): Illuminate/Container/Container->make()
#22 D:/Fork/hypnotoad/backend/vendor/laravel/framework/src/Illuminate/Foundation/helpers.php(138): Illuminate/Foundation/Application->make()
#23 D:/Fork/hypnotoad/backend/vendor/laravel/framework/src/Illuminate/Foundation/helpers.php(850): app()
#24 D:/Fork/hypnotoad/backend/vendor/laravel/framework/src/Illuminate/Foundation/Exceptions/Handler.php(987): response()
#25 D:/Fork/hypnotoad/backend/vendor/laravel/framework/src/Illuminate/Foundation/Exceptions/Handler.php(839): Illuminate/Foundation/Exceptions/Handler->toIlluminateResponse()
#26 D:/Fork/hypnotoad/backend/vendor/laravel/framework/src/Illuminate/Foundation/Exceptions/Handler.php(738): Illuminate/Foundation/Exceptions/Handler->prepareResponse()
#27 D:/Fork/hypnotoad/backend/vendor/laravel/framework/src/Illuminate/Foundation/Exceptions/Handler.php(626): Illuminate/Foundation/Exceptions/Handler->renderExceptionResponse()
#28 D:/Fork/hypnotoad/backend/vendor/laravel/framework/src/Illuminate/Routing/Pipeline.php(51): Illuminate/Foundation/Exceptions/Handler->render()
#29 D:/Fork/hypnotoad/backend/vendor/laravel/framework/src/Illuminate/Pipeline/Pipeline.php(224): Illuminate/Routing/Pipeline->handleException()
#30 D:/Fork/hypnotoad/backend/vendor/laravel/framework/src/Illuminate/Pipeline/Pipeline.php(137): Illuminate/Pipeline/Pipeline->{closure:{closure:Illuminate/Pipeline/Pipeline::carry():194}:195}()
#31 D:/Fork/hypnotoad/backend/vendor/laravel/framework/src/Illuminate/Foundation/Http/Kernel.php(175): Illuminate/Pipeline/Pipeline->then()
#32 D:/Fork/hypnotoad/backend/vendor/laravel/framework/src/Illuminate/Foundation/Http/Kernel.php(144): Illuminate/Foundation/Http/Kernel->sendRequestThroughRouter()
#33 D:/Fork/hypnotoad/backend/public/index.php(16): Illuminate/Foundation/Http/Kernel->handle()
#34 D:/Fork/hypnotoad/backend/vendor/laravel/framework/src/Illuminate/Foundation/resources/server.php(23): require_once('...')
#35 {main}
"} 
[2026-09-28 23:09:57] local.ERROR: Call to undefined function Illuminate\Support\mb_split() {"exception":"[object] (Error(code: 0): Call to undefined function Illuminate\\Support\\mb_split() at D:/Fork/hypnotoad/backend/vendor/laravel/framework/src/Illuminate/Support/Str.php:1722)
[stacktrace]
#0 D:/Fork/hypnotoad/backend/vendor/laravel/framework/src/Illuminate/Support/Manager.php(98): Illuminate/Support/Str::studly()
#1 D:/Fork/hypnotoad/backend/vendor/laravel/framework/src/Illuminate/Support/Manager.php(78): Illuminate/Support/Manager->createDriver()
#2 D:/Fork/hypnotoad/backend/vendor/laravel/framework/src/Illuminate/Session/SessionServiceProvider.php(52): Illuminate/Support/Manager->driver()
#3 D:/Fork/hypnotoad/backend/vendor/laravel/framework/src/Illuminate/Container/Container.php(1115): Illuminate/Session/SessionServiceProvider->{closure:Illuminate/Session/SessionServiceProvider::registerSessionDriver():48}()
#4 D:/Fork/hypnotoad/backend/vendor/laravel/framework/src/Illuminate/Container/Container.php(933): Illuminate/Container/Container->build()
#5 D:/Fork/hypnotoad/backend/vendor/laravel/framework/src/Illuminate/Foundation/Application.php(1078): Illuminate/Container/Container->resolve()
#6 D:/Fork/hypnotoad/backend/vendor/laravel/framework/src/Illuminate/Container/Container.php(864): Illuminate/Foundation/Application->resolve()
#7 D:/Fork/hypnotoad/backend/vendor/laravel/framework/src/Illuminate/Foundation/Application.php(1058): Illuminate/Container/Container->make()
#8 D:/Fork/hypnotoad/backend/vendor/laravel/framework/src/Illuminate/Container/Container.php(1805): Illuminate/Foundation/Application->make()
#9 D:/Fork/hypnotoad/backend/vendor/laravel/framework/src/Illuminate/Routing/RoutingServiceProvider.php(121): Illuminate/Container/Container->offsetGet()
#10 D:/Fork/hypnotoad/backend/vendor/laravel/framework/src/Illuminate/Container/Container.php(1115): Illuminate/Routing/RoutingServiceProvider->{closure:Illuminate/Routing/RoutingServiceProvider::registerRedirector():114}()
#11 D:/Fork/hypnotoad/backend/vendor/laravel/framework/src/Illuminate/Container/Container.php(933): Illuminate/Container/Container->build()
#12 D:/Fork/hypnotoad/backend/vendor/laravel/framework/src/Illuminate/Foundation/Application.php(1078): Illuminate/Container/Container->resolve()
#13 D:/Fork/hypnotoad/backend/vendor/laravel/framework/src/Illuminate/Container/Container.php(864): Illuminate/Foundation/Application->resolve()
#14 D:/Fork/hypnotoad/backend/vendor/laravel/framework/src/Illuminate/Foundation/Application.php(1058): Illuminate/Container/Container->make()
#15 D:/Fork/hypnotoad/backend/vendor/laravel/framework/src/Illuminate/Container/Container.php(1805): Illuminate/Foundation/Application->make()
#16 D:/Fork/hypnotoad/backend/vendor/laravel/framework/src/Illuminate/Routing/RoutingServiceProvider.php(177): Illuminate/Container/Container->offsetGet()
#17 D:/Fork/hypnotoad/backend/vendor/laravel/framework/src/Illuminate/Container/Container.php(1115): Illuminate/Routing/RoutingServiceProvider->{closure:Illuminate/Routing/RoutingServiceProvider::registerResponseFactory():176}()
#18 D:/Fork/hypnotoad/backend/vendor/laravel/framework/src/Illuminate/Container/Container.php(933): Illuminate/Container/Container->build()
#19 D:/Fork/hypnotoad/backend/vendor/laravel/framework/src/Illuminate/Foundation/Application.php(1078): Illuminate/Container/Container->resolve()
#20 D:/Fork/hypnotoad/backend/vendor/laravel/framework/src/Illuminate/Container/Container.php(864): Illuminate/Foundation/Application->resolve()
#21 D:/Fork/hypnotoad/backend/vendor/laravel/framework/src/Illuminate/Foundation/Application.php(1058): Illuminate/Container/Container->make()
#22 D:/Fork/hypnotoad/backend/vendor/laravel/framework/src/Illuminate/Foundation/helpers.php(138): Illuminate/Foundation/Application->make()
#23 D:/Fork/hypnotoad/backend/vendor/laravel/framework/src/Illuminate/Foundation/helpers.php(850): app()
#24 D:/Fork/hypnotoad/backend/vendor/laravel/framework/src/Illuminate/Foundation/Exceptions/Handler.php(987): response()
#25 D:/Fork/hypnotoad/backend/vendor/laravel/framework/src/Illuminate/Foundation/Exceptions/Handler.php(839): Illuminate/Foundation/Exceptions/Handler->toIlluminateResponse()
#26 D:/Fork/hypnotoad/backend/vendor/laravel/framework/src/Illuminate/Foundation/Exceptions/Handler.php(738): Illuminate/Foundation/Exceptions/Handler->prepareResponse()
#27 D:/Fork/hypnotoad/backend/vendor/laravel/framework/src/Illuminate/Foundation/Exceptions/Handler.php(626): Illuminate/Foundation/Exceptions/Handler->renderExceptionResponse()
#28 D:/Fork/hypnotoad/backend/vendor/laravel/framework/src/Illuminate/Foundation/Http/Kernel.php(574): Illuminate/Foundation/Exceptions/Handler->render()
#29 D:/Fork/hypnotoad/backend/vendor/laravel/framework/src/Illuminate/Foundation/Http/Kernel.php(148): Illuminate/Foundation/Http/Kernel->renderException()
#30 D:/Fork/hypnotoad/backend/public/index.php(16): Illuminate/Foundation/Http/Kernel->handle()
#31 D:/Fork/hypnotoad/backend/vendor/laravel/framework/src/Illuminate/Foundation/resources/server.php(23): require_once('...')
#32 {main}
"} 
[2026-09-28 23:09:57] local.ERROR: Uncaught Error: Call to undefined function Illuminate\Support\mb_split() in D:\Fork\hypnotoad\backend\vendor\laravel\framework\src\Illuminate\Support\Str.php:1722
Stack trace:
#0 D:\Fork\hypnotoad\backend\vendor\laravel\framework\src\Illuminate\Support\Manager.php(98): Illuminate\Support\Str::studly()
#1 D:\Fork\hypnotoad\backend\vendor\laravel\framework\src\Illuminate\Support\Manager.php(78): Illuminate\Support\Manager->createDriver()
#2 D:\Fork\hypnotoad\backend\vendor\laravel\framework\src\Illuminate\Session\SessionServiceProvider.php(52): Illuminate\Support\Manager->driver()
#3 D:\Fork\hypnotoad\backend\vendor\laravel\framework\src\Illuminate\Container\Container.php(1115): Illuminate\Session\SessionServiceProvider->{closure:Illuminate\Session\SessionServiceProvider::registerSessionDriver():48}()
#4 D:\Fork\hypnotoad\backend\vendor\laravel\framework\src\Illuminate\Container\Container.php(933): Illuminate\Container\Container->build()
#5 D:\Fork\hypnotoad\backend\vendor\laravel\framework\src\Illuminate\Foundation\Application.php(1078): Illuminate\Container\Container->resolve()
#6 D:\Fork\hypnotoad\backend\vendor\laravel\framework\src\Illuminate\Container\Container.php(864): Illuminate\Foundation\Application->resolve()
#7 D:\Fork\hypnotoad\backend\vendor\laravel\framework\src\Illuminate\Foundation\Application.php(1058): Illuminate\Container\Container->make()
#8 D:\Fork\hypnotoad\backend\vendor\laravel\framework\src\Illuminate\Container\Container.php(1805): Illuminate\Foundation\Application->make()
#9 D:\Fork\hypnotoad\backend\vendor\laravel\framework\src\Illuminate\Routing\RoutingServiceProvider.php(121): Illuminate\Container\Container->offsetGet()
#10 D:\Fork\hypnotoad\backend\vendor\laravel\framework\src\Illuminate\Container\Container.php(1115): Illuminate\Routing\RoutingServiceProvider->{closure:Illuminate\Routing\RoutingServiceProvider::registerRedirector():114}()
#11 D:\Fork\hypnotoad\backend\vendor\laravel\framework\src\Illuminate\Container\Container.php(933): Illuminate\Container\Container->build()
#12 D:\Fork\hypnotoad\backend\vendor\laravel\framework\src\Illuminate\Foundation\Application.php(1078): Illuminate\Container\Container->resolve()
#13 D:\Fork\hypnotoad\backend\vendor\laravel\framework\src\Illuminate\Container\Container.php(864): Illuminate\Foundation\Application->resolve()
#14 D:\Fork\hypnotoad\backend\vendor\laravel\framework\src\Illuminate\Foundation\Application.php(1058): Illuminate\Container\Container->make()
#15 D:\Fork\hypnotoad\backend\vendor\laravel\framework\src\Illuminate\Container\Container.php(1805): Illuminate\Foundation\Application->make()
#16 D:\Fork\hypnotoad\backend\vendor\laravel\framework\src\Illuminate\Routing\RoutingServiceProvider.php(177): Illuminate\Container\Container->offsetGet()
#17 D:\Fork\hypnotoad\backend\vendor\laravel\framework\src\Illuminate\Container\Container.php(1115): Illuminate\Routing\RoutingServiceProvider->{closure:Illuminate\Routing\RoutingServiceProvider::registerResponseFactory():176}()
#18 D:\Fork\hypnotoad\backend\vendor\laravel\framework\src\Illuminate\Container\Container.php(933): Illuminate\Container\Container->build()
#19 D:\Fork\hypnotoad\backend\vendor\laravel\framework\src\Illuminate\Foundation\Application.php(1078): Illuminate\Container\Container->resolve()
#20 D:\Fork\hypnotoad\backend\vendor\laravel\framework\src\Illuminate\Container\Container.php(864): Illuminate\Foundation\Application->resolve()
#21 D:\Fork\hypnotoad\backend\vendor\laravel\framework\src\Illuminate\Foundation\Application.php(1058): Illuminate\Container\Container->make()
#22 D:\Fork\hypnotoad\backend\vendor\laravel\framework\src\Illuminate\Foundation\helpers.php(138): Illuminate\Foundation\Application->make()
#23 D:\Fork\hypnotoad\backend\vendor\laravel\framework\src\Illuminate\Foundation\helpers.php(850): app()
#24 D:\Fork\hypnotoad\backend\vendor\laravel\framework\src\Illuminate\Foundation\Exceptions\Handler.php(987): response()
#25 D:\Fork\hypnotoad\backend\vendor\laravel\framework\src\Illuminate\Foundation\Exceptions\Handler.php(839): Illuminate\Foundation\Exceptions\Handler->toIlluminateResponse()
#26 D:\Fork\hypnotoad\backend\vendor\laravel\framework\src\Illuminate\Foundation\Exceptions\Handler.php(738): Illuminate\Foundation\Exceptions\Handler->prepareResponse()
#27 D:\Fork\hypnotoad\backend\vendor\laravel\framework\src\Illuminate\Foundation\Exceptions\Handler.php(626): Illuminate\Foundation\Exceptions\Handler->renderExceptionResponse()
#28 D:\Fork\hypnotoad\backend\vendor\laravel\framework\src\Illuminate\Foundation\Bootstrap\HandleExceptions.php(225): Illuminate\Foundation\Exceptions\Handler->render()
#29 D:\Fork\hypnotoad\backend\vendor\laravel\framework\src\Illuminate\Foundation\Bootstrap\HandleExceptions.php(202): Illuminate\Foundation\Bootstrap\HandleExceptions->renderHttpResponse()
#30 D:\Fork\hypnotoad\backend\vendor\laravel\framework\src\Illuminate\Foundation\Bootstrap\HandleExceptions.php(262): Illuminate\Foundation\Bootstrap\HandleExceptions->handleException()
#31 [internal function]: Illuminate\Foundation\Bootstrap\HandleExceptions->{closure:Illuminate\Foundation\Bootstrap\HandleExceptions::forwardsTo():261}()
#32 {main}
  thrown {"exception":"[object] (Symfony\\Component\\ErrorHandler\\Error\\FatalError(code: 0): Uncaught Error: Call to undefined function Illuminate\\Support\\mb_split() in D:\\Fork\\hypnotoad\\backend\\vendor\\laravel\\framework\\src\\Illuminate\\Support\\Str.php:1722
Stack trace:
#0 D:\\Fork\\hypnotoad\\backend\\vendor\\laravel\\framework\\src\\Illuminate\\Support\\Manager.php(98): Illuminate\\Support\\Str::studly()
#1 D:\\Fork\\hypnotoad\\backend\\vendor\\laravel\\framework\\src\\Illuminate\\Support\\Manager.php(78): Illuminate\\Support\\Manager->createDriver()
#2 D:\\Fork\\hypnotoad\\backend\\vendor\\laravel\\framework\\src\\Illuminate\\Session\\SessionServiceProvider.php(52): Illuminate\\Support\\Manager->driver()
#3 D:\\Fork\\hypnotoad\\backend\\vendor\\laravel\\framework\\src\\Illuminate\\Container\\Container.php(1115): Illuminate\\Session\\SessionServiceProvider->{closure:Illuminate\\Session\\SessionServiceProvider::registerSessionDriver():48}()
#4 D:\\Fork\\hypnotoad\\backend\\vendor\\laravel\\framework\\src\\Illuminate\\Container\\Container.php(933): Illuminate\\Container\\Container->build()
#5 D:\\Fork\\hypnotoad\\backend\\vendor\\laravel\\framework\\src\\Illuminate\\Foundation\\Application.php(1078): Illuminate\\Container\\Container->resolve()
#6 D:\\Fork\\hypnotoad\\backend\\vendor\\laravel\\framework\\src\\Illuminate\\Container\\Container.php(864): Illuminate\\Foundation\\Application->resolve()
#7 D:\\Fork\\hypnotoad\\backend\\vendor\\laravel\\framework\\src\\Illuminate\\Foundation\\Application.php(1058): Illuminate\\Container\\Container->make()
#8 D:\\Fork\\hypnotoad\\backend\\vendor\\laravel\\framework\\src\\Illuminate\\Container\\Container.php(1805): Illuminate\\Foundation\\Application->make()
#9 D:\\Fork\\hypnotoad\\backend\\vendor\\laravel\\framework\\src\\Illuminate\\Routing\\RoutingServiceProvider.php(121): Illuminate\\Container\\Container->offsetGet()
#10 D:\\Fork\\hypnotoad\\backend\\vendor\\laravel\\framework\\src\\Illuminate\\Container\\Container.php(1115): Illuminate\\Routing\\RoutingServiceProvider->{closure:Illuminate\\Routing\\RoutingServiceProvider::registerRedirector():114}()
#11 D:\\Fork\\hypnotoad\\backend\\vendor\\laravel\\framework\\src\\Illuminate\\Container\\Container.php(933): Illuminate\\Container\\Container->build()
#12 D:\\Fork\\hypnotoad\\backend\\vendor\\laravel\\framework\\src\\Illuminate\\Foundation\\Application.php(1078): Illuminate\\Container\\Container->resolve()
#13 D:\\Fork\\hypnotoad\\backend\\vendor\\laravel\\framework\\src\\Illuminate\\Container\\Container.php(864): Illuminate\\Foundation\\Application->resolve()
#14 D:\\Fork\\hypnotoad\\backend\\vendor\\laravel\\framework\\src\\Illuminate\\Foundation\\Application.php(1058): Illuminate\\Container\\Container->make()
#15 D:\\Fork\\hypnotoad\\backend\\vendor\\laravel\\framework\\src\\Illuminate\\Container\\Container.php(1805): Illuminate\\Foundation\\Application->make()
#16 D:\\Fork\\hypnotoad\\backend\\vendor\\laravel\\framework\\src\\Illuminate\\Routing\\RoutingServiceProvider.php(177): Illuminate\\Container\\Container->offsetGet()
#17 D:\\Fork\\hypnotoad\\backend\\vendor\\laravel\\framework\\src\\Illuminate\\Container\\Container.php(1115): Illuminate\\Routing\\RoutingServiceProvider->{closure:Illuminate\\Routing\\RoutingServiceProvider::registerResponseFactory():176}()
#18 D:\\Fork\\hypnotoad\\backend\\vendor\\laravel\\framework\\src\\Illuminate\\Container\\Container.php(933): Illuminate\\Container\\Container->build()
#19 D:\\Fork\\hypnotoad\\backend\\vendor\\laravel\\framework\\src\\Illuminate\\Foundation\\Application.php(1078): Illuminate\\Container\\Container->resolve()
#20 D:\\Fork\\hypnotoad\\backend\\vendor\\laravel\\framework\\src\\Illuminate\\Container\\Container.php(864): Illuminate\\Foundation\\Application->resolve()
#21 D:\\Fork\\hypnotoad\\backend\\vendor\\laravel\\framework\\src\\Illuminate\\Foundation\\Application.php(1058): Illuminate\\Container\\Container->make()
#22 D:\\Fork\\hypnotoad\\backend\\vendor\\laravel\\framework\\src\\Illuminate\\Foundation\\helpers.php(138): Illuminate\\Foundation\\Application->make()
#23 D:\\Fork\\hypnotoad\\backend\\vendor\\laravel\\framework\\src\\Illuminate\\Foundation\\helpers.php(850): app()
#24 D:\\Fork\\hypnotoad\\backend\\vendor\\laravel\\framework\\src\\Illuminate\\Foundation\\Exceptions\\Handler.php(987): response()
#25 D:\\Fork\\hypnotoad\\backend\\vendor\\laravel\\framework\\src\\Illuminate\\Foundation\\Exceptions\\Handler.php(839): Illuminate\\Foundation\\Exceptions\\Handler->toIlluminateResponse()
#26 D:\\Fork\\hypnotoad\\backend\\vendor\\laravel\\framework\\src\\Illuminate\\Foundation\\Exceptions\\Handler.php(738): Illuminate\\Foundation\\Exceptions\\Handler->prepareResponse()
#27 D:\\Fork\\hypnotoad\\backend\\vendor\\laravel\\framework\\src\\Illuminate\\Foundation\\Exceptions\\Handler.php(626): Illuminate\\Foundation\\Exceptions\\Handler->renderExceptionResponse()
#28 D:\\Fork\\hypnotoad\\backend\\vendor\\laravel\\framework\\src\\Illuminate\\Foundation\\Bootstrap\\HandleExceptions.php(225): Illuminate\\Foundation\\Exceptions\\Handler->render()
#29 D:\\Fork\\hypnotoad\\backend\\vendor\\laravel\\framework\\src\\Illuminate\\Foundation\\Bootstrap\\HandleExceptions.php(202): Illuminate\\Foundation\\Bootstrap\\HandleExceptions->renderHttpResponse()
#30 D:\\Fork\\hypnotoad\\backend\\vendor\\laravel\\framework\\src\\Illuminate\\Foundation\\Bootstrap\\HandleExceptions.php(262): Illuminate\\Foundation\\Bootstrap\\HandleExceptions->handleException()
#31 [internal function]: Illuminate\\Foundation\\Bootstrap\\HandleExceptions->{closure:Illuminate\\Foundation\\Bootstrap\\HandleExceptions::forwardsTo():261}()
#32 {main}
  thrown at D:/Fork/hypnotoad/backend/vendor/laravel/framework/src/Illuminate/Support/Str.php:1722)
[stacktrace]
#0 {main}
"} 
[2026-09-28 23:09:57] local.ERROR: Call to undefined function Illuminate\Support\mb_split() {"exception":"[object] (Error(code: 0): Call to undefined function Illuminate\\Support\\mb_split() at D:/Fork/hypnotoad/backend/vendor/laravel/framework/src/Illuminate/Support/Str.php:1722)
[stacktrace]
#0 D:/Fork/hypnotoad/backend/vendor/laravel/framework/src/Illuminate/Support/Manager.php(98): Illuminate/Support/Str::studly()
#1 D:/Fork/hypnotoad/backend/vendor/laravel/framework/src/Illuminate/Support/Manager.php(78): Illuminate/Support/Manager->createDriver()
#2 D:/Fork/hypnotoad/backend/vendor/laravel/framework/src/Illuminate/Foundation/Providers/FoundationServiceProvider.php(293): Illuminate/Support/Manager->driver()
#3 D:/Fork/hypnotoad/backend/vendor/laravel/framework/src/Illuminate/Container/Container.php(1115): Illuminate/Foundation/Providers/FoundationServiceProvider->{closure:Illuminate/Foundation/Providers/FoundationServiceProvider::registerMaintenanceModeManager():293}()
#4 D:/Fork/hypnotoad/backend/vendor/laravel/framework/src/Illuminate/Container/Container.php(933): Illuminate/Container/Container->build()
#5 D:/Fork/hypnotoad/backend/vendor/laravel/framework/src/Illuminate/Foundation/Application.php(1078): Illuminate/Container/Container->resolve()
#6 D:/Fork/hypnotoad/backend/vendor/laravel/framework/src/Illuminate/Container/Container.php(864): Illuminate/Foundation/Application->resolve()
#7 D:/Fork/hypnotoad/backend/vendor/laravel/framework/src/Illuminate/Foundation/Application.php(1058): Illuminate/Container/Container->make()
#8 D:/Fork/hypnotoad/backend/vendor/laravel/framework/src/Illuminate/Foundation/Application.php(1410): Illuminate/Foundation/Application->make()
#9 D:/Fork/hypnotoad/backend/vendor/laravel/framework/src/Illuminate/Foundation/Http/Middleware/PreventRequestsDuringMaintenance.php(64): Illuminate/Foundation/Application->maintenanceMode()
#10 D:/Fork/hypnotoad/backend/vendor/laravel/framework/src/Illuminate/Pipeline/Pipeline.php(219): Illuminate/Foundation/Http/Middleware/PreventRequestsDuringMaintenance->handle()
#11 D:/Fork/hypnotoad/backend/vendor/laravel/framework/src/Illuminate/Http/Middleware/HandleCors.php(61): Illuminate/Pipeline/Pipeline->{closure:{closure:Illuminate/Pipeline/Pipeline::carry():194}:195}()
#12 D:/Fork/hypnotoad/backend/vendor/laravel/framework/src/Illuminate/Pipeline/Pipeline.php(219): Illuminate/Http/Middleware/HandleCors->handle()
#13 D:/Fork/hypnotoad/backend/vendor/laravel/framework/src/Illuminate/Http/Middleware/TrustProxies.php(58): Illuminate/Pipeline/Pipeline->{closure:{closure:Illuminate/Pipeline/Pipeline::carry():194}:195}()
#14 D:/Fork/hypnotoad/backend/vendor/laravel/framework/src/Illuminate/Pipeline/Pipeline.php(219): Illuminate/Http/Middleware/TrustProxies->handle()
#15 D:/Fork/hypnotoad/backend/vendor/laravel/framework/src/Illuminate/Foundation/Http/Middleware/InvokeDeferredCallbacks.php(22): Illuminate/Pipeline/Pipeline->{closure:{closure:Illuminate/Pipeline/Pipeline::carry():194}:195}()
#16 D:/Fork/hypnotoad/backend/vendor/laravel/framework/src/Illuminate/Pipeline/Pipeline.php(219): Illuminate/Foundation/Http/Middleware/InvokeDeferredCallbacks->handle()
#17 D:/Fork/hypnotoad/backend/vendor/laravel/framework/src/Illuminate/Http/Middleware/ValidatePathEncoding.php(26): Illuminate/Pipeline/Pipeline->{closure:{closure:Illuminate/Pipeline/Pipeline::carry():194}:195}()
#18 D:/Fork/hypnotoad/backend/vendor/laravel/framework/src/Illuminate/Pipeline/Pipeline.php(219): Illuminate/Http/Middleware/ValidatePathEncoding->handle()
#19 D:/Fork/hypnotoad/backend/vendor/laravel/framework/src/Illuminate/Pipeline/Pipeline.php(137): Illuminate/Pipeline/Pipeline->{closure:{closure:Illuminate/Pipeline/Pipeline::carry():194}:195}()
#20 D:/Fork/hypnotoad/backend/vendor/laravel/framework/src/Illuminate/Foundation/Http/Kernel.php(175): Illuminate/Pipeline/Pipeline->then()
#21 D:/Fork/hypnotoad/backend/vendor/laravel/framework/src/Illuminate/Foundation/Http/Kernel.php(144): Illuminate/Foundation/Http/Kernel->sendRequestThroughRouter()
#22 D:/Fork/hypnotoad/backend/public/index.php(16): Illuminate/Foundation/Http/Kernel->handle()
#23 D:/Fork/hypnotoad/backend/vendor/laravel/framework/src/Illuminate/Foundation/resources/server.php(23): require_once('...')
#24 {main}
"} 
[2026-09-28 23:09:57] local.ERROR: Call to undefined function Illuminate\Support\mb_split() {"exception":"[object] (Error(code: 0): Call to undefined function Illuminate\\Support\\mb_split() at D:/Fork/hypnotoad/backend/vendor/laravel/framework/src/Illuminate/Support/Str.php:1722)
[stacktrace]
#0 D:/Fork/hypnotoad/backend/vendor/laravel/framework/src/Illuminate/Support/Manager.php(98): Illuminate/Support/Str::studly()
#1 D:/Fork/hypnotoad/backend/vendor/laravel/framework/src/Illuminate/Support/Manager.php(78): Illuminate/Support/Manager->createDriver()
#2 D:/Fork/hypnotoad/backend/vendor/laravel/framework/src/Illuminate/Session/SessionServiceProvider.php(52): Illuminate/Support/Manager->driver()
#3 D:/Fork/hypnotoad/backend/vendor/laravel/framework/src/Illuminate/Container/Container.php(1115): Illuminate/Session/SessionServiceProvider->{closure:Illuminate/Session/SessionServiceProvider::registerSessionDriver():48}()
#4 D:/Fork/hypnotoad/backend/vendor/laravel/framework/src/Illuminate/Container/Container.php(933): Illuminate/Container/Container->build()
#5 D:/Fork/hypnotoad/backend/vendor/laravel/framework/src/Illuminate/Foundation/Application.php(1078): Illuminate/Container/Container->resolve()
#6 D:/Fork/hypnotoad/backend/vendor/laravel/framework/src/Illuminate/Container/Container.php(864): Illuminate/Foundation/Application->resolve()
#7 D:/Fork/hypnotoad/backend/vendor/laravel/framework/src/Illuminate/Foundation/Application.php(1058): Illuminate/Container/Container->make()
#8 D:/Fork/hypnotoad/backend/vendor/laravel/framework/src/Illuminate/Container/Container.php(1805): Illuminate/Foundation/Application->make()
#9 D:/Fork/hypnotoad/backend/vendor/laravel/framework/src/Illuminate/Routing/RoutingServiceProvider.php(121): Illuminate/Container/Container->offsetGet()
#10 D:/Fork/hypnotoad/backend/vendor/laravel/framework/src/Illuminate/Container/Container.php(1115): Illuminate/Routing/RoutingServiceProvider->{closure:Illuminate/Routing/RoutingServiceProvider::registerRedirector():114}()
#11 D:/Fork/hypnotoad/backend/vendor/laravel/framework/src/Illuminate/Container/Container.php(933): Illuminate/Container/Container->build()
#12 D:/Fork/hypnotoad/backend/vendor/laravel/framework/src/Illuminate/Foundation/Application.php(1078): Illuminate/Container/Container->resolve()
#13 D:/Fork/hypnotoad/backend/vendor/laravel/framework/src/Illuminate/Container/Container.php(864): Illuminate/Foundation/Application->resolve()
#14 D:/Fork/hypnotoad/backend/vendor/laravel/framework/src/Illuminate/Foundation/Application.php(1058): Illuminate/Container/Container->make()
#15 D:/Fork/hypnotoad/backend/vendor/laravel/framework/src/Illuminate/Container/Container.php(1805): Illuminate/Foundation/Application->make()
#16 D:/Fork/hypnotoad/backend/vendor/laravel/framework/src/Illuminate/Routing/RoutingServiceProvider.php(177): Illuminate/Container/Container->offsetGet()
#17 D:/Fork/hypnotoad/backend/vendor/laravel/framework/src/Illuminate/Container/Container.php(1115): Illuminate/Routing/RoutingServiceProvider->{closure:Illuminate/Routing/RoutingServiceProvider::registerResponseFactory():176}()
#18 D:/Fork/hypnotoad/backend/vendor/laravel/framework/src/Illuminate/Container/Container.php(933): Illuminate/Container/Container->build()
#19 D:/Fork/hypnotoad/backend/vendor/laravel/framework/src/Illuminate/Foundation/Application.php(1078): Illuminate/Container/Container->resolve()
#20 D:/Fork/hypnotoad/backend/vendor/laravel/framework/src/Illuminate/Container/Container.php(864): Illuminate/Foundation/Application->resolve()
#21 D:/Fork/hypnotoad/backend/vendor/laravel/framework/src/Illuminate/Foundation/Application.php(1058): Illuminate/Container/Container->make()
#22 D:/Fork/hypnotoad/backend/vendor/laravel/framework/src/Illuminate/Foundation/helpers.php(138): Illuminate/Foundation/Application->make()
#23 D:/Fork/hypnotoad/backend/vendor/laravel/framework/src/Illuminate/Foundation/helpers.php(850): app()
#24 D:/Fork/hypnotoad/backend/vendor/laravel/framework/src/Illuminate/Foundation/Exceptions/Handler.php(987): response()
#25 D:/Fork/hypnotoad/backend/vendor/laravel/framework/src/Illuminate/Foundation/Exceptions/Handler.php(839): Illuminate/Foundation/Exceptions/Handler->toIlluminateResponse()
#26 D:/Fork/hypnotoad/backend/vendor/laravel/framework/src/Illuminate/Foundation/Exceptions/Handler.php(738): Illuminate/Foundation/Exceptions/Handler->prepareResponse()
#27 D:/Fork/hypnotoad/backend/vendor/laravel/framework/src/Illuminate/Foundation/Exceptions/Handler.php(626): Illuminate/Foundation/Exceptions/Handler->renderExceptionResponse()
#28 D:/Fork/hypnotoad/backend/vendor/laravel/framework/src/Illuminate/Routing/Pipeline.php(51): Illuminate/Foundation/Exceptions/Handler->render()
#29 D:/Fork/hypnotoad/backend/vendor/laravel/framework/src/Illuminate/Pipeline/Pipeline.php(224): Illuminate/Routing/Pipeline->handleException()
#30 D:/Fork/hypnotoad/backend/vendor/laravel/framework/src/Illuminate/Http/Middleware/HandleCors.php(61): Illuminate/Pipeline/Pipeline->{closure:{closure:Illuminate/Pipeline/Pipeline::carry():194}:195}()
#31 D:/Fork/hypnotoad/backend/vendor/laravel/framework/src/Illuminate/Pipeline/Pipeline.php(219): Illuminate/Http/Middleware/HandleCors->handle()
#32 D:/Fork/hypnotoad/backend/vendor/laravel/framework/src/Illuminate/Http/Middleware/TrustProxies.php(58): Illuminate/Pipeline/Pipeline->{closure:{closure:Illuminate/Pipeline/Pipeline::carry():194}:195}()
#33 D:/Fork/hypnotoad/backend/vendor/laravel/framework/src/Illuminate/Pipeline/Pipeline.php(219): Illuminate/Http/Middleware/TrustProxies->handle()
#34 D:/Fork/hypnotoad/backend/vendor/laravel/framework/src/Illuminate/Foundation/Http/Middleware/InvokeDeferredCallbacks.php(22): Illuminate/Pipeline/Pipeline->{closure:{closure:Illuminate/Pipeline/Pipeline::carry():194}:195}()
#35 D:/Fork/hypnotoad/backend/vendor/laravel/framework/src/Illuminate/Pipeline/Pipeline.php(219): Illuminate/Foundation/Http/Middleware/InvokeDeferredCallbacks->handle()
#36 D:/Fork/hypnotoad/backend/vendor/laravel/framework/src/Illuminate/Http/Middleware/ValidatePathEncoding.php(26): Illuminate/Pipeline/Pipeline->{closure:{closure:Illuminate/Pipeline/Pipeline::carry():194}:195}()
#37 D:/Fork/hypnotoad/backend/vendor/laravel/framework/src/Illuminate/Pipeline/Pipeline.php(219): Illuminate/Http/Middleware/ValidatePathEncoding->handle()
#38 D:/Fork/hypnotoad/backend/vendor/laravel/framework/src/Illuminate/Pipeline/Pipeline.php(137): Illuminate/Pipeline/Pipeline->{closure:{closure:Illuminate/Pipeline/Pipeline::carry():194}:195}()
#39 D:/Fork/hypnotoad/backend/vendor/laravel/framework/src/Illuminate/Foundation/Http/Kernel.php(175): Illuminate/Pipeline/Pipeline->then()
#40 D:/Fork/hypnotoad/backend/vendor/laravel/framework/src/Illuminate/Foundation/Http/Kernel.php(144): Illuminate/Foundation/Http/Kernel->sendRequestThroughRouter()
#41 D:/Fork/hypnotoad/backend/public/index.php(16): Illuminate/Foundation/Http/Kernel->handle()
#42 D:/Fork/hypnotoad/backend/vendor/laravel/framework/src/Illuminate/Foundation/resources/server.php(23): require_once('...')
#43 {main}
"} 
[2026-09-28 23:09:57] local.ERROR: Call to undefined function Illuminate\Support\mb_split() {"exception":"[object] (Error(code: 0): Call to undefined function Illuminate\\Support\\mb_split() at D:/Fork/hypnotoad/backend/vendor/laravel/framework/src/Illuminate/Support/Str.php:1722)
[stacktrace]
#0 D:/Fork/hypnotoad/backend/vendor/laravel/framework/src/Illuminate/Support/Manager.php(98): Illuminate/Support/Str::studly()
#1 D:/Fork/hypnotoad/backend/vendor/laravel/framework/src/Illuminate/Support/Manager.php(78): Illuminate/Support/Manager->createDriver()
#2 D:/Fork/hypnotoad/backend/vendor/laravel/framework/src/Illuminate/Session/SessionServiceProvider.php(52): Illuminate/Support/Manager->driver()
#3 D:/Fork/hypnotoad/backend/vendor/laravel/framework/src/Illuminate/Container/Container.php(1115): Illuminate/Session/SessionServiceProvider->{closure:Illuminate/Session/SessionServiceProvider::registerSessionDriver():48}()
#4 D:/Fork/hypnotoad/backend/vendor/laravel/framework/src/Illuminate/Container/Container.php(933): Illuminate/Container/Container->build()
#5 D:/Fork/hypnotoad/backend/vendor/laravel/framework/src/Illuminate/Foundation/Application.php(1078): Illuminate/Container/Container->resolve()
#6 D:/Fork/hypnotoad/backend/vendor/laravel/framework/src/Illuminate/Container/Container.php(864): Illuminate/Foundation/Application->resolve()
#7 D:/Fork/hypnotoad/backend/vendor/laravel/framework/src/Illuminate/Foundation/Application.php(1058): Illuminate/Container/Container->make()
#8 D:/Fork/hypnotoad/backend/vendor/laravel/framework/src/Illuminate/Container/Container.php(1805): Illuminate/Foundation/Application->make()
#9 D:/Fork/hypnotoad/backend/vendor/laravel/framework/src/Illuminate/Routing/RoutingServiceProvider.php(121): Illuminate/Container/Container->offsetGet()
#10 D:/Fork/hypnotoad/backend/vendor/laravel/framework/src/Illuminate/Container/Container.php(1115): Illuminate/Routing/RoutingServiceProvider->{closure:Illuminate/Routing/RoutingServiceProvider::registerRedirector():114}()
#11 D:/Fork/hypnotoad/backend/vendor/laravel/framework/src/Illuminate/Container/Container.php(933): Illuminate/Container/Container->build()
#12 D:/Fork/hypnotoad/backend/vendor/laravel/framework/src/Illuminate/Foundation/Application.php(1078): Illuminate/Container/Container->resolve()
#13 D:/Fork/hypnotoad/backend/vendor/laravel/framework/src/Illuminate/Container/Container.php(864): Illuminate/Foundation/Application->resolve()
#14 D:/Fork/hypnotoad/backend/vendor/laravel/framework/src/Illuminate/Foundation/Application.php(1058): Illuminate/Container/Container->make()
#15 D:/Fork/hypnotoad/backend/vendor/laravel/framework/src/Illuminate/Container/Container.php(1805): Illuminate/Foundation/Application->make()
#16 D:/Fork/hypnotoad/backend/vendor/laravel/framework/src/Illuminate/Routing/RoutingServiceProvider.php(177): Illuminate/Container/Container->offsetGet()
#17 D:/Fork/hypnotoad/backend/vendor/laravel/framework/src/Illuminate/Container/Container.php(1115): Illuminate/Routing/RoutingServiceProvider->{closure:Illuminate/Routing/RoutingServiceProvider::registerResponseFactory():176}()
#18 D:/Fork/hypnotoad/backend/vendor/laravel/framework/src/Illuminate/Container/Container.php(933): Illuminate/Container/Container->build()
#19 D:/Fork/hypnotoad/backend/vendor/laravel/framework/src/Illuminate/Foundation/Application.php(1078): Illuminate/Container/Container->resolve()
#20 D:/Fork/hypnotoad/backend/vendor/laravel/framework/src/Illuminate/Container/Container.php(864): Illuminate/Foundation/Application->resolve()
#21 D:/Fork/hypnotoad/backend/vendor/laravel/framework/src/Illuminate/Foundation/Application.php(1058): Illuminate/Container/Container->make()
#22 D:/Fork/hypnotoad/backend/vendor/laravel/framework/src/Illuminate/Foundation/helpers.php(138): Illuminate/Foundation/Application->make()
#23 D:/Fork/hypnotoad/backend/vendor/laravel/framework/src/Illuminate/Foundation/helpers.php(850): app()
#24 D:/Fork/hypnotoad/backend/vendor/laravel/framework/src/Illuminate/Foundation/Exceptions/Handler.php(987): response()
#25 D:/Fork/hypnotoad/backend/vendor/laravel/framework/src/Illuminate/Foundation/Exceptions/Handler.php(839): Illuminate/Foundation/Exceptions/Handler->toIlluminateResponse()
#26 D:/Fork/hypnotoad/backend/vendor/laravel/framework/src/Illuminate/Foundation/Exceptions/Handler.php(738): Illuminate/Foundation/Exceptions/Handler->prepareResponse()
#27 D:/Fork/hypnotoad/backend/vendor/laravel/framework/src/Illuminate/Foundation/Exceptions/Handler.php(626): Illuminate/Foundation/Exceptions/Handler->renderExceptionResponse()
#28 D:/Fork/hypnotoad/backend/vendor/laravel/framework/src/Illuminate/Routing/Pipeline.php(51): Illuminate/Foundation/Exceptions/Handler->render()
#29 D:/Fork/hypnotoad/backend/vendor/laravel/framework/src/Illuminate/Pipeline/Pipeline.php(224): Illuminate/Routing/Pipeline->handleException()
#30 D:/Fork/hypnotoad/backend/vendor/laravel/framework/src/Illuminate/Http/Middleware/TrustProxies.php(58): Illuminate/Pipeline/Pipeline->{closure:{closure:Illuminate/Pipeline/Pipeline::carry():194}:195}()
#31 D:/Fork/hypnotoad/backend/vendor/laravel/framework/src/Illuminate/Pipeline/Pipeline.php(219): Illuminate/Http/Middleware/TrustProxies->handle()
#32 D:/Fork/hypnotoad/backend/vendor/laravel/framework/src/Illuminate/Foundation/Http/Middleware/InvokeDeferredCallbacks.php(22): Illuminate/Pipeline/Pipeline->{closure:{closure:Illuminate/Pipeline/Pipeline::carry():194}:195}()
#33 D:/Fork/hypnotoad/backend/vendor/laravel/framework/src/Illuminate/Pipeline/Pipeline.php(219): Illuminate/Foundation/Http/Middleware/InvokeDeferredCallbacks->handle()
#34 D:/Fork/hypnotoad/backend/vendor/laravel/framework/src/Illuminate/Http/Middleware/ValidatePathEncoding.php(26): Illuminate/Pipeline/Pipeline->{closure:{closure:Illuminate/Pipeline/Pipeline::carry():194}:195}()
#35 D:/Fork/hypnotoad/backend/vendor/laravel/framework/src/Illuminate/Pipeline/Pipeline.php(219): Illuminate/Http/Middleware/ValidatePathEncoding->handle()
#36 D:/Fork/hypnotoad/backend/vendor/laravel/framework/src/Illuminate/Pipeline/Pipeline.php(137): Illuminate/Pipeline/Pipeline->{closure:{closure:Illuminate/Pipeline/Pipeline::carry():194}:195}()
#37 D:/Fork/hypnotoad/backend/vendor/laravel/framework/src/Illuminate/Foundation/Http/Kernel.php(175): Illuminate/Pipeline/Pipeline->then()
#38 D:/Fork/hypnotoad/backend/vendor/laravel/framework/src/Illuminate/Foundation/Http/Kernel.php(144): Illuminate/Foundation/Http/Kernel->sendRequestThroughRouter()
#39 D:/Fork/hypnotoad/backend/public/index.php(16): Illuminate/Foundation/Http/Kernel->handle()
#40 D:/Fork/hypnotoad/backend/vendor/laravel/framework/src/Illuminate/Foundation/resources/server.php(23): require_once('...')
#41 {main}
"} 
[2026-09-28 23:09:57] local.ERROR: Call to undefined function Illuminate\Support\mb_split() {"exception":"[object] (Error(code: 0): Call to undefined function Illuminate\\Support\\mb_split() at D:/Fork/hypnotoad/backend/vendor/laravel/framework/src/Illuminate/Support/Str.php:1722)
[stacktrace]
#0 D:/Fork/hypnotoad/backend/vendor/laravel/framework/src/Illuminate/Support/Manager.php(98): Illuminate/Support/Str::studly()
#1 D:/Fork/hypnotoad/backend/vendor/laravel/framework/src/Illuminate/Support/Manager.php(78): Illuminate/Support/Manager->createDriver()
#2 D:/Fork/hypnotoad/backend/vendor/laravel/framework/src/Illuminate/Session/SessionServiceProvider.php(52): Illuminate/Support/Manager->driver()
#3 D:/Fork/hypnotoad/backend/vendor/laravel/framework/src/Illuminate/Container/Container.php(1115): Illuminate/Session/SessionServiceProvider->{closure:Illuminate/Session/SessionServiceProvider::registerSessionDriver():48}()
#4 D:/Fork/hypnotoad/backend/vendor/laravel/framework/src/Illuminate/Container/Container.php(933): Illuminate/Container/Container->build()
#5 D:/Fork/hypnotoad/backend/vendor/laravel/framework/src/Illuminate/Foundation/Application.php(1078): Illuminate/Container/Container->resolve()
#6 D:/Fork/hypnotoad/backend/vendor/laravel/framework/src/Illuminate/Container/Container.php(864): Illuminate/Foundation/Application->resolve()
#7 D:/Fork/hypnotoad/backend/vendor/laravel/framework/src/Illuminate/Foundation/Application.php(1058): Illuminate/Container/Container->make()
#8 D:/Fork/hypnotoad/backend/vendor/laravel/framework/src/Illuminate/Container/Container.php(1805): Illuminate/Foundation/Application->make()
#9 D:/Fork/hypnotoad/backend/vendor/laravel/framework/src/Illuminate/Routing/RoutingServiceProvider.php(121): Illuminate/Container/Container->offsetGet()
#10 D:/Fork/hypnotoad/backend/vendor/laravel/framework/src/Illuminate/Container/Container.php(1115): Illuminate/Routing/RoutingServiceProvider->{closure:Illuminate/Routing/RoutingServiceProvider::registerRedirector():114}()
#11 D:/Fork/hypnotoad/backend/vendor/laravel/framework/src/Illuminate/Container/Container.php(933): Illuminate/Container/Container->build()
#12 D:/Fork/hypnotoad/backend/vendor/laravel/framework/src/Illuminate/Foundation/Application.php(1078): Illuminate/Container/Container->resolve()
#13 D:/Fork/hypnotoad/backend/vendor/laravel/framework/src/Illuminate/Container/Container.php(864): Illuminate/Foundation/Application->resolve()
#14 D:/Fork/hypnotoad/backend/vendor/laravel/framework/src/Illuminate/Foundation/Application.php(1058): Illuminate/Container/Container->make()
#15 D:/Fork/hypnotoad/backend/vendor/laravel/framework/src/Illuminate/Container/Container.php(1805): Illuminate/Foundation/Application->make()
#16 D:/Fork/hypnotoad/backend/vendor/laravel/framework/src/Illuminate/Routing/RoutingServiceProvider.php(177): Illuminate/Container/Container->offsetGet()
#17 D:/Fork/hypnotoad/backend/vendor/laravel/framework/src/Illuminate/Container/Container.php(1115): Illuminate/Routing/RoutingServiceProvider->{closure:Illuminate/Routing/RoutingServiceProvider::registerResponseFactory():176}()
#18 D:/Fork/hypnotoad/backend/vendor/laravel/framework/src/Illuminate/Container/Container.php(933): Illuminate/Container/Container->build()
#19 D:/Fork/hypnotoad/backend/vendor/laravel/framework/src/Illuminate/Foundation/Application.php(1078): Illuminate/Container/Container->resolve()
#20 D:/Fork/hypnotoad/backend/vendor/laravel/framework/src/Illuminate/Container/Container.php(864): Illuminate/Foundation/Application->resolve()
#21 D:/Fork/hypnotoad/backend/vendor/laravel/framework/src/Illuminate/Foundation/Application.php(1058): Illuminate/Container/Container->make()
#22 D:/Fork/hypnotoad/backend/vendor/laravel/framework/src/Illuminate/Foundation/helpers.php(138): Illuminate/Foundation/Application->make()
#23 D:/Fork/hypnotoad/backend/vendor/laravel/framework/src/Illuminate/Foundation/helpers.php(850): app()
#24 D:/Fork/hypnotoad/backend/vendor/laravel/framework/src/Illuminate/Foundation/Exceptions/Handler.php(987): response()
#25 D:/Fork/hypnotoad/backend/vendor/laravel/framework/src/Illuminate/Foundation/Exceptions/Handler.php(839): Illuminate/Foundation/Exceptions/Handler->toIlluminateResponse()
#26 D:/Fork/hypnotoad/backend/vendor/laravel/framework/src/Illuminate/Foundation/Exceptions/Handler.php(738): Illuminate/Foundation/Exceptions/Handler->prepareResponse()
#27 D:/Fork/hypnotoad/backend/vendor/laravel/framework/src/Illuminate/Foundation/Exceptions/Handler.php(626): Illuminate/Foundation/Exceptions/Handler->renderExceptionResponse()
#28 D:/Fork/hypnotoad/backend/vendor/laravel/framework/src/Illuminate/Routing/Pipeline.php(51): Illuminate/Foundation/Exceptions/Handler->render()
#29 D:/Fork/hypnotoad/backend/vendor/laravel/framework/src/Illuminate/Pipeline/Pipeline.php(224): Illuminate/Routing/Pipeline->handleException()
#30 D:/Fork/hypnotoad/backend/vendor/laravel/framework/src/Illuminate/Foundation/Http/Middleware/InvokeDeferredCallbacks.php(22): Illuminate/Pipeline/Pipeline->{closure:{closure:Illuminate/Pipeline/Pipeline::carry():194}:195}()
#31 D:/Fork/hypnotoad/backend/vendor/laravel/framework/src/Illuminate/Pipeline/Pipeline.php(219): Illuminate/Foundation/Http/Middleware/InvokeDeferredCallbacks->handle()
#32 D:/Fork/hypnotoad/backend/vendor/laravel/framework/src/Illuminate/Http/Middleware/ValidatePathEncoding.php(26): Illuminate/Pipeline/Pipeline->{closure:{closure:Illuminate/Pipeline/Pipeline::carry():194}:195}()
#33 D:/Fork/hypnotoad/backend/vendor/laravel/framework/src/Illuminate/Pipeline/Pipeline.php(219): Illuminate/Http/Middleware/ValidatePathEncoding->handle()
#34 D:/Fork/hypnotoad/backend/vendor/laravel/framework/src/Illuminate/Pipeline/Pipeline.php(137): Illuminate/Pipeline/Pipeline->{closure:{closure:Illuminate/Pipeline/Pipeline::carry():194}:195}()
#35 D:/Fork/hypnotoad/backend/vendor/laravel/framework/src/Illuminate/Foundation/Http/Kernel.php(175): Illuminate/Pipeline/Pipeline->then()
#36 D:/Fork/hypnotoad/backend/vendor/laravel/framework/src/Illuminate/Foundation/Http/Kernel.php(144): Illuminate/Foundation/Http/Kernel->sendRequestThroughRouter()
#37 D:/Fork/hypnotoad/backend/public/index.php(16): Illuminate/Foundation/Http/Kernel->handle()
#38 D:/Fork/hypnotoad/backend/vendor/laravel/framework/src/Illuminate/Foundation/resources/server.php(23): require_once('...')
#39 {main}
"} 
[2026-09-28 23:09:58] local.ERROR: Call to undefined function Illuminate\Support\mb_split() {"exception":"[object] (Error(code: 0): Call to undefined function Illuminate\\Support\\mb_split() at D:/Fork/hypnotoad/backend/vendor/laravel/framework/src/Illuminate/Support/Str.php:1722)
[stacktrace]
#0 D:/Fork/hypnotoad/backend/vendor/laravel/framework/src/Illuminate/Support/Manager.php(98): Illuminate/Support/Str::studly()
#1 D:/Fork/hypnotoad/backend/vendor/laravel/framework/src/Illuminate/Support/Manager.php(78): Illuminate/Support/Manager->createDriver()
#2 D:/Fork/hypnotoad/backend/vendor/laravel/framework/src/Illuminate/Session/SessionServiceProvider.php(52): Illuminate/Support/Manager->driver()
#3 D:/Fork/hypnotoad/backend/vendor/laravel/framework/src/Illuminate/Container/Container.php(1115): Illuminate/Session/SessionServiceProvider->{closure:Illuminate/Session/SessionServiceProvider::registerSessionDriver():48}()
#4 D:/Fork/hypnotoad/backend/vendor/laravel/framework/src/Illuminate/Container/Container.php(933): Illuminate/Container/Container->build()
#5 D:/Fork/hypnotoad/backend/vendor/laravel/framework/src/Illuminate/Foundation/Application.php(1078): Illuminate/Container/Container->resolve()
#6 D:/Fork/hypnotoad/backend/vendor/laravel/framework/src/Illuminate/Container/Container.php(864): Illuminate/Foundation/Application->resolve()
#7 D:/Fork/hypnotoad/backend/vendor/laravel/framework/src/Illuminate/Foundation/Application.php(1058): Illuminate/Container/Container->make()
#8 D:/Fork/hypnotoad/backend/vendor/laravel/framework/src/Illuminate/Container/Container.php(1805): Illuminate/Foundation/Application->make()
#9 D:/Fork/hypnotoad/backend/vendor/laravel/framework/src/Illuminate/Routing/RoutingServiceProvider.php(121): Illuminate/Container/Container->offsetGet()
#10 D:/Fork/hypnotoad/backend/vendor/laravel/framework/src/Illuminate/Container/Container.php(1115): Illuminate/Routing/RoutingServiceProvider->{closure:Illuminate/Routing/RoutingServiceProvider::registerRedirector():114}()
#11 D:/Fork/hypnotoad/backend/vendor/laravel/framework/src/Illuminate/Container/Container.php(933): Illuminate/Container/Container->build()
#12 D:/Fork/hypnotoad/backend/vendor/laravel/framework/src/Illuminate/Foundation/Application.php(1078): Illuminate/Container/Container->resolve()
#13 D:/Fork/hypnotoad/backend/vendor/laravel/framework/src/Illuminate/Container/Container.php(864): Illuminate/Foundation/Application->resolve()
#14 D:/Fork/hypnotoad/backend/vendor/laravel/framework/src/Illuminate/Foundation/Application.php(1058): Illuminate/Container/Container->make()
#15 D:/Fork/hypnotoad/backend/vendor/laravel/framework/src/Illuminate/Container/Container.php(1805): Illuminate/Foundation/Application->make()
#16 D:/Fork/hypnotoad/backend/vendor/laravel/framework/src/Illuminate/Routing/RoutingServiceProvider.php(177): Illuminate/Container/Container->offsetGet()
#17 D:/Fork/hypnotoad/backend/vendor/laravel/framework/src/Illuminate/Container/Container.php(1115): Illuminate/Routing/RoutingServiceProvider->{closure:Illuminate/Routing/RoutingServiceProvider::registerResponseFactory():176}()
#18 D:/Fork/hypnotoad/backend/vendor/laravel/framework/src/Illuminate/Container/Container.php(933): Illuminate/Container/Container->build()
#19 D:/Fork/hypnotoad/backend/vendor/laravel/framework/src/Illuminate/Foundation/Application.php(1078): Illuminate/Container/Container->resolve()
#20 D:/Fork/hypnotoad/backend/vendor/laravel/framework/src/Illuminate/Container/Container.php(864): Illuminate/Foundation/Application->resolve()
#21 D:/Fork/hypnotoad/backend/vendor/laravel/framework/src/Illuminate/Foundation/Application.php(1058): Illuminate/Container/Container->make()
#22 D:/Fork/hypnotoad/backend/vendor/laravel/framework/src/Illuminate/Foundation/helpers.php(138): Illuminate/Foundation/Application->make()
#23 D:/Fork/hypnotoad/backend/vendor/laravel/framework/src/Illuminate/Foundation/helpers.php(850): app()
#24 D:/Fork/hypnotoad/backend/vendor/laravel/framework/src/Illuminate/Foundation/Exceptions/Handler.php(987): response()
#25 D:/Fork/hypnotoad/backend/vendor/laravel/framework/src/Illuminate/Foundation/Exceptions/Handler.php(839): Illuminate/Foundation/Exceptions/Handler->toIlluminateResponse()
#26 D:/Fork/hypnotoad/backend/vendor/laravel/framework/src/Illuminate/Foundation/Exceptions/Handler.php(738): Illuminate/Foundation/Exceptions/Handler->prepareResponse()
#27 D:/Fork/hypnotoad/backend/vendor/laravel/framework/src/Illuminate/Foundation/Exceptions/Handler.php(626): Illuminate/Foundation/Exceptions/Handler->renderExceptionResponse()
#28 D:/Fork/hypnotoad/backend/vendor/laravel/framework/src/Illuminate/Routing/Pipeline.php(51): Illuminate/Foundation/Exceptions/Handler->render()
#29 D:/Fork/hypnotoad/backend/vendor/laravel/framework/src/Illuminate/Pipeline/Pipeline.php(224): Illuminate/Routing/Pipeline->handleException()
#30 D:/Fork/hypnotoad/backend/vendor/laravel/framework/src/Illuminate/Http/Middleware/ValidatePathEncoding.php(26): Illuminate/Pipeline/Pipeline->{closure:{closure:Illuminate/Pipeline/Pipeline::carry():194}:195}()
#31 D:/Fork/hypnotoad/backend/vendor/laravel/framework/src/Illuminate/Pipeline/Pipeline.php(219): Illuminate/Http/Middleware/ValidatePathEncoding->handle()
#32 D:/Fork/hypnotoad/backend/vendor/laravel/framework/src/Illuminate/Pipeline/Pipeline.php(137): Illuminate/Pipeline/Pipeline->{closure:{closure:Illuminate/Pipeline/Pipeline::carry():194}:195}()
#33 D:/Fork/hypnotoad/backend/vendor/laravel/framework/src/Illuminate/Foundation/Http/Kernel.php(175): Illuminate/Pipeline/Pipeline->then()
#34 D:/Fork/hypnotoad/backend/vendor/laravel/framework/src/Illuminate/Foundation/Http/Kernel.php(144): Illuminate/Foundation/Http/Kernel->sendRequestThroughRouter()
#35 D:/Fork/hypnotoad/backend/public/index.php(16): Illuminate/Foundation/Http/Kernel->handle()
#36 D:/Fork/hypnotoad/backend/vendor/laravel/framework/src/Illuminate/Foundation/resources/server.php(23): require_once('...')
#37 {main}
"} 
[2026-09-28 23:09:58] local.ERROR: Call to undefined function Illuminate\Support\mb_split() {"exception":"[object] (Error(code: 0): Call to undefined function Illuminate\\Support\\mb_split() at D:/Fork/hypnotoad/backend/vendor/laravel/framework/src/Illuminate/Support/Str.php:1722)
[stacktrace]
#0 D:/Fork/hypnotoad/backend/vendor/laravel/framework/src/Illuminate/Support/Manager.php(98): Illuminate/Support/Str::studly()
#1 D:/Fork/hypnotoad/backend/vendor/laravel/framework/src/Illuminate/Support/Manager.php(78): Illuminate/Support/Manager->createDriver()
#2 D:/Fork/hypnotoad/backend/vendor/laravel/framework/src/Illuminate/Session/SessionServiceProvider.php(52): Illuminate/Support/Manager->driver()
#3 D:/Fork/hypnotoad/backend/vendor/laravel/framework/src/Illuminate/Container/Container.php(1115): Illuminate/Session/SessionServiceProvider->{closure:Illuminate/Session/SessionServiceProvider::registerSessionDriver():48}()
#4 D:/Fork/hypnotoad/backend/vendor/laravel/framework/src/Illuminate/Container/Container.php(933): Illuminate/Container/Container->build()
#5 D:/Fork/hypnotoad/backend/vendor/laravel/framework/src/Illuminate/Foundation/Application.php(1078): Illuminate/Container/Container->resolve()
#6 D:/Fork/hypnotoad/backend/vendor/laravel/framework/src/Illuminate/Container/Container.php(864): Illuminate/Foundation/Application->resolve()
#7 D:/Fork/hypnotoad/backend/vendor/laravel/framework/src/Illuminate/Foundation/Application.php(1058): Illuminate/Container/Container->make()
#8 D:/Fork/hypnotoad/backend/vendor/laravel/framework/src/Illuminate/Container/Container.php(1805): Illuminate/Foundation/Application->make()
#9 D:/Fork/hypnotoad/backend/vendor/laravel/framework/src/Illuminate/Routing/RoutingServiceProvider.php(121): Illuminate/Container/Container->offsetGet()
#10 D:/Fork/hypnotoad/backend/vendor/laravel/framework/src/Illuminate/Container/Container.php(1115): Illuminate/Routing/RoutingServiceProvider->{closure:Illuminate/Routing/RoutingServiceProvider::registerRedirector():114}()
#11 D:/Fork/hypnotoad/backend/vendor/laravel/framework/src/Illuminate/Container/Container.php(933): Illuminate/Container/Container->build()
#12 D:/Fork/hypnotoad/backend/vendor/laravel/framework/src/Illuminate/Foundation/Application.php(1078): Illuminate/Container/Container->resolve()
#13 D:/Fork/hypnotoad/backend/vendor/laravel/framework/src/Illuminate/Container/Container.php(864): Illuminate/Foundation/Application->resolve()
#14 D:/Fork/hypnotoad/backend/vendor/laravel/framework/src/Illuminate/Foundation/Application.php(1058): Illuminate/Container/Container->make()
#15 D:/Fork/hypnotoad/backend/vendor/laravel/framework/src/Illuminate/Container/Container.php(1805): Illuminate/Foundation/Application->make()
#16 D:/Fork/hypnotoad/backend/vendor/laravel/framework/src/Illuminate/Routing/RoutingServiceProvider.php(177): Illuminate/Container/Container->offsetGet()
#17 D:/Fork/hypnotoad/backend/vendor/laravel/framework/src/Illuminate/Container/Container.php(1115): Illuminate/Routing/RoutingServiceProvider->{closure:Illuminate/Routing/RoutingServiceProvider::registerResponseFactory():176}()
#18 D:/Fork/hypnotoad/backend/vendor/laravel/framework/src/Illuminate/Container/Container.php(933): Illuminate/Container/Container->build()
#19 D:/Fork/hypnotoad/backend/vendor/laravel/framework/src/Illuminate/Foundation/Application.php(1078): Illuminate/Container/Container->resolve()
#20 D:/Fork/hypnotoad/backend/vendor/laravel/framework/src/Illuminate/Container/Container.php(864): Illuminate/Foundation/Application->resolve()
#21 D:/Fork/hypnotoad/backend/vendor/laravel/framework/src/Illuminate/Foundation/Application.php(1058): Illuminate/Container/Container->make()
#22 D:/Fork/hypnotoad/backend/vendor/laravel/framework/src/Illuminate/Foundation/helpers.php(138): Illuminate/Foundation/Application->make()
#23 D:/Fork/hypnotoad/backend/vendor/laravel/framework/src/Illuminate/Foundation/helpers.php(850): app()
#24 D:/Fork/hypnotoad/backend/vendor/laravel/framework/src/Illuminate/Foundation/Exceptions/Handler.php(987): response()
#25 D:/Fork/hypnotoad/backend/vendor/laravel/framework/src/Illuminate/Foundation/Exceptions/Handler.php(839): Illuminate/Foundation/Exceptions/Handler->toIlluminateResponse()
#26 D:/Fork/hypnotoad/backend/vendor/laravel/framework/src/Illuminate/Foundation/Exceptions/Handler.php(738): Illuminate/Foundation/Exceptions/Handler->prepareResponse()
#27 D:/Fork/hypnotoad/backend/vendor/laravel/framework/src/Illuminate/Foundation/Exceptions/Handler.php(626): Illuminate/Foundation/Exceptions/Handler->renderExceptionResponse()
#28 D:/Fork/hypnotoad/backend/vendor/laravel/framework/src/Illuminate/Routing/Pipeline.php(51): Illuminate/Foundation/Exceptions/Handler->render()
#29 D:/Fork/hypnotoad/backend/vendor/laravel/framework/src/Illuminate/Pipeline/Pipeline.php(224): Illuminate/Routing/Pipeline->handleException()
#30 D:/Fork/hypnotoad/backend/vendor/laravel/framework/src/Illuminate/Pipeline/Pipeline.php(137): Illuminate/Pipeline/Pipeline->{closure:{closure:Illuminate/Pipeline/Pipeline::carry():194}:195}()
#31 D:/Fork/hypnotoad/backend/vendor/laravel/framework/src/Illuminate/Foundation/Http/Kernel.php(175): Illuminate/Pipeline/Pipeline->then()
#32 D:/Fork/hypnotoad/backend/vendor/laravel/framework/src/Illuminate/Foundation/Http/Kernel.php(144): Illuminate/Foundation/Http/Kernel->sendRequestThroughRouter()
#33 D:/Fork/hypnotoad/backend/public/index.php(16): Illuminate/Foundation/Http/Kernel->handle()
#34 D:/Fork/hypnotoad/backend/vendor/laravel/framework/src/Illuminate/Foundation/resources/server.php(23): require_once('...')
#35 {main}
"} 
[2026-09-28 23:09:58] local.ERROR: Call to undefined function Illuminate\Support\mb_split() {"exception":"[object] (Error(code: 0): Call to undefined function Illuminate\\Support\\mb_split() at D:/Fork/hypnotoad/backend/vendor/laravel/framework/src/Illuminate/Support/Str.php:1722)
[stacktrace]
#0 D:/Fork/hypnotoad/backend/vendor/laravel/framework/src/Illuminate/Support/Manager.php(98): Illuminate/Support/Str::studly()
#1 D:/Fork/hypnotoad/backend/vendor/laravel/framework/src/Illuminate/Support/Manager.php(78): Illuminate/Support/Manager->createDriver()
#2 D:/Fork/hypnotoad/backend/vendor/laravel/framework/src/Illuminate/Session/SessionServiceProvider.php(52): Illuminate/Support/Manager->driver()
#3 D:/Fork/hypnotoad/backend/vendor/laravel/framework/src/Illuminate/Container/Container.php(1115): Illuminate/Session/SessionServiceProvider->{closure:Illuminate/Session/SessionServiceProvider::registerSessionDriver():48}()
#4 D:/Fork/hypnotoad/backend/vendor/laravel/framework/src/Illuminate/Container/Container.php(933): Illuminate/Container/Container->build()
#5 D:/Fork/hypnotoad/backend/vendor/laravel/framework/src/Illuminate/Foundation/Application.php(1078): Illuminate/Container/Container->resolve()
#6 D:/Fork/hypnotoad/backend/vendor/laravel/framework/src/Illuminate/Container/Container.php(864): Illuminate/Foundation/Application->resolve()
#7 D:/Fork/hypnotoad/backend/vendor/laravel/framework/src/Illuminate/Foundation/Application.php(1058): Illuminate/Container/Container->make()
#8 D:/Fork/hypnotoad/backend/vendor/laravel/framework/src/Illuminate/Container/Container.php(1805): Illuminate/Foundation/Application->make()
#9 D:/Fork/hypnotoad/backend/vendor/laravel/framework/src/Illuminate/Routing/RoutingServiceProvider.php(121): Illuminate/Container/Container->offsetGet()
#10 D:/Fork/hypnotoad/backend/vendor/laravel/framework/src/Illuminate/Container/Container.php(1115): Illuminate/Routing/RoutingServiceProvider->{closure:Illuminate/Routing/RoutingServiceProvider::registerRedirector():114}()
#11 D:/Fork/hypnotoad/backend/vendor/laravel/framework/src/Illuminate/Container/Container.php(933): Illuminate/Container/Container->build()
#12 D:/Fork/hypnotoad/backend/vendor/laravel/framework/src/Illuminate/Foundation/Application.php(1078): Illuminate/Container/Container->resolve()
#13 D:/Fork/hypnotoad/backend/vendor/laravel/framework/src/Illuminate/Container/Container.php(864): Illuminate/Foundation/Application->resolve()
#14 D:/Fork/hypnotoad/backend/vendor/laravel/framework/src/Illuminate/Foundation/Application.php(1058): Illuminate/Container/Container->make()
#15 D:/Fork/hypnotoad/backend/vendor/laravel/framework/src/Illuminate/Container/Container.php(1805): Illuminate/Foundation/Application->make()
#16 D:/Fork/hypnotoad/backend/vendor/laravel/framework/src/Illuminate/Routing/RoutingServiceProvider.php(177): Illuminate/Container/Container->offsetGet()
#17 D:/Fork/hypnotoad/backend/vendor/laravel/framework/src/Illuminate/Container/Container.php(1115): Illuminate/Routing/RoutingServiceProvider->{closure:Illuminate/Routing/RoutingServiceProvider::registerResponseFactory():176}()
#18 D:/Fork/hypnotoad/backend/vendor/laravel/framework/src/Illuminate/Container/Container.php(933): Illuminate/Container/Container->build()
#19 D:/Fork/hypnotoad/backend/vendor/laravel/framework/src/Illuminate/Foundation/Application.php(1078): Illuminate/Container/Container->resolve()
#20 D:/Fork/hypnotoad/backend/vendor/laravel/framework/src/Illuminate/Container/Container.php(864): Illuminate/Foundation/Application->resolve()
#21 D:/Fork/hypnotoad/backend/vendor/laravel/framework/src/Illuminate/Foundation/Application.php(1058): Illuminate/Container/Container->make()
#22 D:/Fork/hypnotoad/backend/vendor/laravel/framework/src/Illuminate/Foundation/helpers.php(138): Illuminate/Foundation/Application->make()
#23 D:/Fork/hypnotoad/backend/vendor/laravel/framework/src/Illuminate/Foundation/helpers.php(850): app()
#24 D:/Fork/hypnotoad/backend/vendor/laravel/framework/src/Illuminate/Foundation/Exceptions/Handler.php(987): response()
#25 D:/Fork/hypnotoad/backend/vendor/laravel/framework/src/Illuminate/Foundation/Exceptions/Handler.php(839): Illuminate/Foundation/Exceptions/Handler->toIlluminateResponse()
#26 D:/Fork/hypnotoad/backend/vendor/laravel/framework/src/Illuminate/Foundation/Exceptions/Handler.php(738): Illuminate/Foundation/Exceptions/Handler->prepareResponse()
#27 D:/Fork/hypnotoad/backend/vendor/laravel/framework/src/Illuminate/Foundation/Exceptions/Handler.php(626): Illuminate/Foundation/Exceptions/Handler->renderExceptionResponse()
#28 D:/Fork/hypnotoad/backend/vendor/laravel/framework/src/Illuminate/Foundation/Http/Kernel.php(574): Illuminate/Foundation/Exceptions/Handler->render()
#29 D:/Fork/hypnotoad/backend/vendor/laravel/framework/src/Illuminate/Foundation/Http/Kernel.php(148): Illuminate/Foundation/Http/Kernel->renderException()
#30 D:/Fork/hypnotoad/backend/public/index.php(16): Illuminate/Foundation/Http/Kernel->handle()
#31 D:/Fork/hypnotoad/backend/vendor/laravel/framework/src/Illuminate/Foundation/resources/server.php(23): require_once('...')
#32 {main}
"} 
[2026-09-28 23:09:58] local.ERROR: Uncaught Error: Call to undefined function Illuminate\Support\mb_split() in D:\Fork\hypnotoad\backend\vendor\laravel\framework\src\Illuminate\Support\Str.php:1722
Stack trace:
#0 D:\Fork\hypnotoad\backend\vendor\laravel\framework\src\Illuminate\Support\Manager.php(98): Illuminate\Support\Str::studly()
#1 D:\Fork\hypnotoad\backend\vendor\laravel\framework\src\Illuminate\Support\Manager.php(78): Illuminate\Support\Manager->createDriver()
#2 D:\Fork\hypnotoad\backend\vendor\laravel\framework\src\Illuminate\Session\SessionServiceProvider.php(52): Illuminate\Support\Manager->driver()
#3 D:\Fork\hypnotoad\backend\vendor\laravel\framework\src\Illuminate\Container\Container.php(1115): Illuminate\Session\SessionServiceProvider->{closure:Illuminate\Session\SessionServiceProvider::registerSessionDriver():48}()
#4 D:\Fork\hypnotoad\backend\vendor\laravel\framework\src\Illuminate\Container\Container.php(933): Illuminate\Container\Container->build()
#5 D:\Fork\hypnotoad\backend\vendor\laravel\framework\src\Illuminate\Foundation\Application.php(1078): Illuminate\Container\Container->resolve()
#6 D:\Fork\hypnotoad\backend\vendor\laravel\framework\src\Illuminate\Container\Container.php(864): Illuminate\Foundation\Application->resolve()
#7 D:\Fork\hypnotoad\backend\vendor\laravel\framework\src\Illuminate\Foundation\Application.php(1058): Illuminate\Container\Container->make()
#8 D:\Fork\hypnotoad\backend\vendor\laravel\framework\src\Illuminate\Container\Container.php(1805): Illuminate\Foundation\Application->make()
#9 D:\Fork\hypnotoad\backend\vendor\laravel\framework\src\Illuminate\Routing\RoutingServiceProvider.php(121): Illuminate\Container\Container->offsetGet()
#10 D:\Fork\hypnotoad\backend\vendor\laravel\framework\src\Illuminate\Container\Container.php(1115): Illuminate\Routing\RoutingServiceProvider->{closure:Illuminate\Routing\RoutingServiceProvider::registerRedirector():114}()
#11 D:\Fork\hypnotoad\backend\vendor\laravel\framework\src\Illuminate\Container\Container.php(933): Illuminate\Container\Container->build()
#12 D:\Fork\hypnotoad\backend\vendor\laravel\framework\src\Illuminate\Foundation\Application.php(1078): Illuminate\Container\Container->resolve()
#13 D:\Fork\hypnotoad\backend\vendor\laravel\framework\src\Illuminate\Container\Container.php(864): Illuminate\Foundation\Application->resolve()
#14 D:\Fork\hypnotoad\backend\vendor\laravel\framework\src\Illuminate\Foundation\Application.php(1058): Illuminate\Container\Container->make()
#15 D:\Fork\hypnotoad\backend\vendor\laravel\framework\src\Illuminate\Container\Container.php(1805): Illuminate\Foundation\Application->make()
#16 D:\Fork\hypnotoad\backend\vendor\laravel\framework\src\Illuminate\Routing\RoutingServiceProvider.php(177): Illuminate\Container\Container->offsetGet()
#17 D:\Fork\hypnotoad\backend\vendor\laravel\framework\src\Illuminate\Container\Container.php(1115): Illuminate\Routing\RoutingServiceProvider->{closure:Illuminate\Routing\RoutingServiceProvider::registerResponseFactory():176}()
#18 D:\Fork\hypnotoad\backend\vendor\laravel\framework\src\Illuminate\Container\Container.php(933): Illuminate\Container\Container->build()
#19 D:\Fork\hypnotoad\backend\vendor\laravel\framework\src\Illuminate\Foundation\Application.php(1078): Illuminate\Container\Container->resolve()
#20 D:\Fork\hypnotoad\backend\vendor\laravel\framework\src\Illuminate\Container\Container.php(864): Illuminate\Foundation\Application->resolve()
#21 D:\Fork\hypnotoad\backend\vendor\laravel\framework\src\Illuminate\Foundation\Application.php(1058): Illuminate\Container\Container->make()
#22 D:\Fork\hypnotoad\backend\vendor\laravel\framework\src\Illuminate\Foundation\helpers.php(138): Illuminate\Foundation\Application->make()
#23 D:\Fork\hypnotoad\backend\vendor\laravel\framework\src\Illuminate\Foundation\helpers.php(850): app()
#24 D:\Fork\hypnotoad\backend\vendor\laravel\framework\src\Illuminate\Foundation\Exceptions\Handler.php(987): response()
#25 D:\Fork\hypnotoad\backend\vendor\laravel\framework\src\Illuminate\Foundation\Exceptions\Handler.php(839): Illuminate\Foundation\Exceptions\Handler->toIlluminateResponse()
#26 D:\Fork\hypnotoad\backend\vendor\laravel\framework\src\Illuminate\Foundation\Exceptions\Handler.php(738): Illuminate\Foundation\Exceptions\Handler->prepareResponse()
#27 D:\Fork\hypnotoad\backend\vendor\laravel\framework\src\Illuminate\Foundation\Exceptions\Handler.php(626): Illuminate\Foundation\Exceptions\Handler->renderExceptionResponse()
#28 D:\Fork\hypnotoad\backend\vendor\laravel\framework\src\Illuminate\Foundation\Bootstrap\HandleExceptions.php(225): Illuminate\Foundation\Exceptions\Handler->render()
#29 D:\Fork\hypnotoad\backend\vendor\laravel\framework\src\Illuminate\Foundation\Bootstrap\HandleExceptions.php(202): Illuminate\Foundation\Bootstrap\HandleExceptions->renderHttpResponse()
#30 D:\Fork\hypnotoad\backend\vendor\laravel\framework\src\Illuminate\Foundation\Bootstrap\HandleExceptions.php(262): Illuminate\Foundation\Bootstrap\HandleExceptions->handleException()
#31 [internal function]: Illuminate\Foundation\Bootstrap\HandleExceptions->{closure:Illuminate\Foundation\Bootstrap\HandleExceptions::forwardsTo():261}()
#32 {main}
  thrown {"exception":"[object] (Symfony\\Component\\ErrorHandler\\Error\\FatalError(code: 0): Uncaught Error: Call to undefined function Illuminate\\Support\\mb_split() in D:\\Fork\\hypnotoad\\backend\\vendor\\laravel\\framework\\src\\Illuminate\\Support\\Str.php:1722
Stack trace:
#0 D:\\Fork\\hypnotoad\\backend\\vendor\\laravel\\framework\\src\\Illuminate\\Support\\Manager.php(98): Illuminate\\Support\\Str::studly()
#1 D:\\Fork\\hypnotoad\\backend\\vendor\\laravel\\framework\\src\\Illuminate\\Support\\Manager.php(78): Illuminate\\Support\\Manager->createDriver()
#2 D:\\Fork\\hypnotoad\\backend\\vendor\\laravel\\framework\\src\\Illuminate\\Session\\SessionServiceProvider.php(52): Illuminate\\Support\\Manager->driver()
#3 D:\\Fork\\hypnotoad\\backend\\vendor\\laravel\\framework\\src\\Illuminate\\Container\\Container.php(1115): Illuminate\\Session\\SessionServiceProvider->{closure:Illuminate\\Session\\SessionServiceProvider::registerSessionDriver():48}()
#4 D:\\Fork\\hypnotoad\\backend\\vendor\\laravel\\framework\\src\\Illuminate\\Container\\Container.php(933): Illuminate\\Container\\Container->build()
#5 D:\\Fork\\hypnotoad\\backend\\vendor\\laravel\\framework\\src\\Illuminate\\Foundation\\Application.php(1078): Illuminate\\Container\\Container->resolve()
#6 D:\\Fork\\hypnotoad\\backend\\vendor\\laravel\\framework\\src\\Illuminate\\Container\\Container.php(864): Illuminate\\Foundation\\Application->resolve()
#7 D:\\Fork\\hypnotoad\\backend\\vendor\\laravel\\framework\\src\\Illuminate\\Foundation\\Application.php(1058): Illuminate\\Container\\Container->make()
#8 D:\\Fork\\hypnotoad\\backend\\vendor\\laravel\\framework\\src\\Illuminate\\Container\\Container.php(1805): Illuminate\\Foundation\\Application->make()
#9 D:\\Fork\\hypnotoad\\backend\\vendor\\laravel\\framework\\src\\Illuminate\\Routing\\RoutingServiceProvider.php(121): Illuminate\\Container\\Container->offsetGet()
#10 D:\\Fork\\hypnotoad\\backend\\vendor\\laravel\\framework\\src\\Illuminate\\Container\\Container.php(1115): Illuminate\\Routing\\RoutingServiceProvider->{closure:Illuminate\\Routing\\RoutingServiceProvider::registerRedirector():114}()
#11 D:\\Fork\\hypnotoad\\backend\\vendor\\laravel\\framework\\src\\Illuminate\\Container\\Container.php(933): Illuminate\\Container\\Container->build()
#12 D:\\Fork\\hypnotoad\\backend\\vendor\\laravel\\framework\\src\\Illuminate\\Foundation\\Application.php(1078): Illuminate\\Container\\Container->resolve()
#13 D:\\Fork\\hypnotoad\\backend\\vendor\\laravel\\framework\\src\\Illuminate\\Container\\Container.php(864): Illuminate\\Foundation\\Application->resolve()
#14 D:\\Fork\\hypnotoad\\backend\\vendor\\laravel\\framework\\src\\Illuminate\\Foundation\\Application.php(1058): Illuminate\\Container\\Container->make()
#15 D:\\Fork\\hypnotoad\\backend\\vendor\\laravel\\framework\\src\\Illuminate\\Container\\Container.php(1805): Illuminate\\Foundation\\Application->make()
#16 D:\\Fork\\hypnotoad\\backend\\vendor\\laravel\\framework\\src\\Illuminate\\Routing\\RoutingServiceProvider.php(177): Illuminate\\Container\\Container->offsetGet()
#17 D:\\Fork\\hypnotoad\\backend\\vendor\\laravel\\framework\\src\\Illuminate\\Container\\Container.php(1115): Illuminate\\Routing\\RoutingServiceProvider->{closure:Illuminate\\Routing\\RoutingServiceProvider::registerResponseFactory():176}()
#18 D:\\Fork\\hypnotoad\\backend\\vendor\\laravel\\framework\\src\\Illuminate\\Container\\Container.php(933): Illuminate\\Container\\Container->build()
#19 D:\\Fork\\hypnotoad\\backend\\vendor\\laravel\\framework\\src\\Illuminate\\Foundation\\Application.php(1078): Illuminate\\Container\\Container->resolve()
#20 D:\\Fork\\hypnotoad\\backend\\vendor\\laravel\\framework\\src\\Illuminate\\Container\\Container.php(864): Illuminate\\Foundation\\Application->resolve()
#21 D:\\Fork\\hypnotoad\\backend\\vendor\\laravel\\framework\\src\\Illuminate\\Foundation\\Application.php(1058): Illuminate\\Container\\Container->make()
#22 D:\\Fork\\hypnotoad\\backend\\vendor\\laravel\\framework\\src\\Illuminate\\Foundation\\helpers.php(138): Illuminate\\Foundation\\Application->make()
#23 D:\\Fork\\hypnotoad\\backend\\vendor\\laravel\\framework\\src\\Illuminate\\Foundation\\helpers.php(850): app()
#24 D:\\Fork\\hypnotoad\\backend\\vendor\\laravel\\framework\\src\\Illuminate\\Foundation\\Exceptions\\Handler.php(987): response()
#25 D:\\Fork\\hypnotoad\\backend\\vendor\\laravel\\framework\\src\\Illuminate\\Foundation\\Exceptions\\Handler.php(839): Illuminate\\Foundation\\Exceptions\\Handler->toIlluminateResponse()
#26 D:\\Fork\\hypnotoad\\backend\\vendor\\laravel\\framework\\src\\Illuminate\\Foundation\\Exceptions\\Handler.php(738): Illuminate\\Foundation\\Exceptions\\Handler->prepareResponse()
#27 D:\\Fork\\hypnotoad\\backend\\vendor\\laravel\\framework\\src\\Illuminate\\Foundation\\Exceptions\\Handler.php(626): Illuminate\\Foundation\\Exceptions\\Handler->renderExceptionResponse()
#28 D:\\Fork\\hypnotoad\\backend\\vendor\\laravel\\framework\\src\\Illuminate\\Foundation\\Bootstrap\\HandleExceptions.php(225): Illuminate\\Foundation\\Exceptions\\Handler->render()
#29 D:\\Fork\\hypnotoad\\backend\\vendor\\laravel\\framework\\src\\Illuminate\\Foundation\\Bootstrap\\HandleExceptions.php(202): Illuminate\\Foundation\\Bootstrap\\HandleExceptions->renderHttpResponse()
#30 D:\\Fork\\hypnotoad\\backend\\vendor\\laravel\\framework\\src\\Illuminate\\Foundation\\Bootstrap\\HandleExceptions.php(262): Illuminate\\Foundation\\Bootstrap\\HandleExceptions->handleException()
#31 [internal function]: Illuminate\\Foundation\\Bootstrap\\HandleExceptions->{closure:Illuminate\\Foundation\\Bootstrap\\HandleExceptions::forwardsTo():261}()
#32 {main}
  thrown at D:/Fork/hypnotoad/backend/vendor/laravel/framework/src/Illuminate/Support/Str.php:1722)
[stacktrace]
#0 {main}
"} 
[2026-09-28 23:09:58] local.ERROR: Call to undefined function Illuminate\Support\mb_split() {"exception":"[object] (Error(code: 0): Call to undefined function Illuminate\\Support\\mb_split() at D:/Fork/hypnotoad/backend/vendor/laravel/framework/src/Illuminate/Support/Str.php:1722)
[stacktrace]
#0 D:/Fork/hypnotoad/backend/vendor/laravel/framework/src/Illuminate/Support/Manager.php(98): Illuminate/Support/Str::studly()
#1 D:/Fork/hypnotoad/backend/vendor/laravel/framework/src/Illuminate/Support/Manager.php(78): Illuminate/Support/Manager->createDriver()
#2 D:/Fork/hypnotoad/backend/vendor/laravel/framework/src/Illuminate/Foundation/Providers/FoundationServiceProvider.php(293): Illuminate/Support/Manager->driver()
#3 D:/Fork/hypnotoad/backend/vendor/laravel/framework/src/Illuminate/Container/Container.php(1115): Illuminate/Foundation/Providers/FoundationServiceProvider->{closure:Illuminate/Foundation/Providers/FoundationServiceProvider::registerMaintenanceModeManager():293}()
#4 D:/Fork/hypnotoad/backend/vendor/laravel/framework/src/Illuminate/Container/Container.php(933): Illuminate/Container/Container->build()
#5 D:/Fork/hypnotoad/backend/vendor/laravel/framework/src/Illuminate/Foundation/Application.php(1078): Illuminate/Container/Container->resolve()
#6 D:/Fork/hypnotoad/backend/vendor/laravel/framework/src/Illuminate/Container/Container.php(864): Illuminate/Foundation/Application->resolve()
#7 D:/Fork/hypnotoad/backend/vendor/laravel/framework/src/Illuminate/Foundation/Application.php(1058): Illuminate/Container/Container->make()
#8 D:/Fork/hypnotoad/backend/vendor/laravel/framework/src/Illuminate/Foundation/Application.php(1410): Illuminate/Foundation/Application->make()
#9 D:/Fork/hypnotoad/backend/vendor/laravel/framework/src/Illuminate/Foundation/Http/Middleware/PreventRequestsDuringMaintenance.php(64): Illuminate/Foundation/Application->maintenanceMode()
#10 D:/Fork/hypnotoad/backend/vendor/laravel/framework/src/Illuminate/Pipeline/Pipeline.php(219): Illuminate/Foundation/Http/Middleware/PreventRequestsDuringMaintenance->handle()
#11 D:/Fork/hypnotoad/backend/vendor/laravel/framework/src/Illuminate/Http/Middleware/HandleCors.php(61): Illuminate/Pipeline/Pipeline->{closure:{closure:Illuminate/Pipeline/Pipeline::carry():194}:195}()
#12 D:/Fork/hypnotoad/backend/vendor/laravel/framework/src/Illuminate/Pipeline/Pipeline.php(219): Illuminate/Http/Middleware/HandleCors->handle()
#13 D:/Fork/hypnotoad/backend/vendor/laravel/framework/src/Illuminate/Http/Middleware/TrustProxies.php(58): Illuminate/Pipeline/Pipeline->{closure:{closure:Illuminate/Pipeline/Pipeline::carry():194}:195}()
#14 D:/Fork/hypnotoad/backend/vendor/laravel/framework/src/Illuminate/Pipeline/Pipeline.php(219): Illuminate/Http/Middleware/TrustProxies->handle()
#15 D:/Fork/hypnotoad/backend/vendor/laravel/framework/src/Illuminate/Foundation/Http/Middleware/InvokeDeferredCallbacks.php(22): Illuminate/Pipeline/Pipeline->{closure:{closure:Illuminate/Pipeline/Pipeline::carry():194}:195}()
#16 D:/Fork/hypnotoad/backend/vendor/laravel/framework/src/Illuminate/Pipeline/Pipeline.php(219): Illuminate/Foundation/Http/Middleware/InvokeDeferredCallbacks->handle()
#17 D:/Fork/hypnotoad/backend/vendor/laravel/framework/src/Illuminate/Http/Middleware/ValidatePathEncoding.php(26): Illuminate/Pipeline/Pipeline->{closure:{closure:Illuminate/Pipeline/Pipeline::carry():194}:195}()
#18 D:/Fork/hypnotoad/backend/vendor/laravel/framework/src/Illuminate/Pipeline/Pipeline.php(219): Illuminate/Http/Middleware/ValidatePathEncoding->handle()
#19 D:/Fork/hypnotoad/backend/vendor/laravel/framework/src/Illuminate/Pipeline/Pipeline.php(137): Illuminate/Pipeline/Pipeline->{closure:{closure:Illuminate/Pipeline/Pipeline::carry():194}:195}()
#20 D:/Fork/hypnotoad/backend/vendor/laravel/framework/src/Illuminate/Foundation/Http/Kernel.php(175): Illuminate/Pipeline/Pipeline->then()
#21 D:/Fork/hypnotoad/backend/vendor/laravel/framework/src/Illuminate/Foundation/Http/Kernel.php(144): Illuminate/Foundation/Http/Kernel->sendRequestThroughRouter()
#22 D:/Fork/hypnotoad/backend/public/index.php(16): Illuminate/Foundation/Http/Kernel->handle()
#23 D:/Fork/hypnotoad/backend/vendor/laravel/framework/src/Illuminate/Foundation/resources/server.php(23): require_once('...')
#24 {main}
"} 
[2026-09-28 23:09:58] local.ERROR: Call to undefined function Illuminate\Support\mb_split() {"exception":"[object] (Error(code: 0): Call to undefined function Illuminate\\Support\\mb_split() at D:/Fork/hypnotoad/backend/vendor/laravel/framework/src/Illuminate/Support/Str.php:1722)
[stacktrace]
#0 D:/Fork/hypnotoad/backend/vendor/laravel/framework/src/Illuminate/Support/Manager.php(98): Illuminate/Support/Str::studly()
#1 D:/Fork/hypnotoad/backend/vendor/laravel/framework/src/Illuminate/Support/Manager.php(78): Illuminate/Support/Manager->createDriver()
#2 D:/Fork/hypnotoad/backend/vendor/laravel/framework/src/Illuminate/Session/SessionServiceProvider.php(52): Illuminate/Support/Manager->driver()
#3 D:/Fork/hypnotoad/backend/vendor/laravel/framework/src/Illuminate/Container/Container.php(1115): Illuminate/Session/SessionServiceProvider->{closure:Illuminate/Session/SessionServiceProvider::registerSessionDriver():48}()
#4 D:/Fork/hypnotoad/backend/vendor/laravel/framework/src/Illuminate/Container/Container.php(933): Illuminate/Container/Container->build()
#5 D:/Fork/hypnotoad/backend/vendor/laravel/framework/src/Illuminate/Foundation/Application.php(1078): Illuminate/Container/Container->resolve()
#6 D:/Fork/hypnotoad/backend/vendor/laravel/framework/src/Illuminate/Container/Container.php(864): Illuminate/Foundation/Application->resolve()
#7 D:/Fork/hypnotoad/backend/vendor/laravel/framework/src/Illuminate/Foundation/Application.php(1058): Illuminate/Container/Container->make()
#8 D:/Fork/hypnotoad/backend/vendor/laravel/framework/src/Illuminate/Container/Container.php(1805): Illuminate/Foundation/Application->make()
#9 D:/Fork/hypnotoad/backend/vendor/laravel/framework/src/Illuminate/Routing/RoutingServiceProvider.php(121): Illuminate/Container/Container->offsetGet()
#10 D:/Fork/hypnotoad/backend/vendor/laravel/framework/src/Illuminate/Container/Container.php(1115): Illuminate/Routing/RoutingServiceProvider->{closure:Illuminate/Routing/RoutingServiceProvider::registerRedirector():114}()
#11 D:/Fork/hypnotoad/backend/vendor/laravel/framework/src/Illuminate/Container/Container.php(933): Illuminate/Container/Container->build()
#12 D:/Fork/hypnotoad/backend/vendor/laravel/framework/src/Illuminate/Foundation/Application.php(1078): Illuminate/Container/Container->resolve()
#13 D:/Fork/hypnotoad/backend/vendor/laravel/framework/src/Illuminate/Container/Container.php(864): Illuminate/Foundation/Application->resolve()
#14 D:/Fork/hypnotoad/backend/vendor/laravel/framework/src/Illuminate/Foundation/Application.php(1058): Illuminate/Container/Container->make()
#15 D:/Fork/hypnotoad/backend/vendor/laravel/framework/src/Illuminate/Container/Container.php(1805): Illuminate/Foundation/Application->make()
#16 D:/Fork/hypnotoad/backend/vendor/laravel/framework/src/Illuminate/Routing/RoutingServiceProvider.php(177): Illuminate/Container/Container->offsetGet()
#17 D:/Fork/hypnotoad/backend/vendor/laravel/framework/src/Illuminate/Container/Container.php(1115): Illuminate/Routing/RoutingServiceProvider->{closure:Illuminate/Routing/RoutingServiceProvider::registerResponseFactory():176}()
#18 D:/Fork/hypnotoad/backend/vendor/laravel/framework/src/Illuminate/Container/Container.php(933): Illuminate/Container/Container->build()
#19 D:/Fork/hypnotoad/backend/vendor/laravel/framework/src/Illuminate/Foundation/Application.php(1078): Illuminate/Container/Container->resolve()
#20 D:/Fork/hypnotoad/backend/vendor/laravel/framework/src/Illuminate/Container/Container.php(864): Illuminate/Foundation/Application->resolve()
#21 D:/Fork/hypnotoad/backend/vendor/laravel/framework/src/Illuminate/Foundation/Application.php(1058): Illuminate/Container/Container->make()
#22 D:/Fork/hypnotoad/backend/vendor/laravel/framework/src/Illuminate/Foundation/helpers.php(138): Illuminate/Foundation/Application->make()
#23 D:/Fork/hypnotoad/backend/vendor/laravel/framework/src/Illuminate/Foundation/helpers.php(850): app()
#24 D:/Fork/hypnotoad/backend/vendor/laravel/framework/src/Illuminate/Foundation/Exceptions/Handler.php(987): response()
#25 D:/Fork/hypnotoad/backend/vendor/laravel/framework/src/Illuminate/Foundation/Exceptions/Handler.php(839): Illuminate/Foundation/Exceptions/Handler->toIlluminateResponse()
#26 D:/Fork/hypnotoad/backend/vendor/laravel/framework/src/Illuminate/Foundation/Exceptions/Handler.php(738): Illuminate/Foundation/Exceptions/Handler->prepareResponse()
#27 D:/Fork/hypnotoad/backend/vendor/laravel/framework/src/Illuminate/Foundation/Exceptions/Handler.php(626): Illuminate/Foundation/Exceptions/Handler->renderExceptionResponse()
#28 D:/Fork/hypnotoad/backend/vendor/laravel/framework/src/Illuminate/Routing/Pipeline.php(51): Illuminate/Foundation/Exceptions/Handler->render()
#29 D:/Fork/hypnotoad/backend/vendor/laravel/framework/src/Illuminate/Pipeline/Pipeline.php(224): Illuminate/Routing/Pipeline->handleException()
#30 D:/Fork/hypnotoad/backend/vendor/laravel/framework/src/Illuminate/Http/Middleware/HandleCors.php(61): Illuminate/Pipeline/Pipeline->{closure:{closure:Illuminate/Pipeline/Pipeline::carry():194}:195}()
#31 D:/Fork/hypnotoad/backend/vendor/laravel/framework/src/Illuminate/Pipeline/Pipeline.php(219): Illuminate/Http/Middleware/HandleCors->handle()
#32 D:/Fork/hypnotoad/backend/vendor/laravel/framework/src/Illuminate/Http/Middleware/TrustProxies.php(58): Illuminate/Pipeline/Pipeline->{closure:{closure:Illuminate/Pipeline/Pipeline::carry():194}:195}()
#33 D:/Fork/hypnotoad/backend/vendor/laravel/framework/src/Illuminate/Pipeline/Pipeline.php(219): Illuminate/Http/Middleware/TrustProxies->handle()
#34 D:/Fork/hypnotoad/backend/vendor/laravel/framework/src/Illuminate/Foundation/Http/Middleware/InvokeDeferredCallbacks.php(22): Illuminate/Pipeline/Pipeline->{closure:{closure:Illuminate/Pipeline/Pipeline::carry():194}:195}()
#35 D:/Fork/hypnotoad/backend/vendor/laravel/framework/src/Illuminate/Pipeline/Pipeline.php(219): Illuminate/Foundation/Http/Middleware/InvokeDeferredCallbacks->handle()
#36 D:/Fork/hypnotoad/backend/vendor/laravel/framework/src/Illuminate/Http/Middleware/ValidatePathEncoding.php(26): Illuminate/Pipeline/Pipeline->{closure:{closure:Illuminate/Pipeline/Pipeline::carry():194}:195}()
#37 D:/Fork/hypnotoad/backend/vendor/laravel/framework/src/Illuminate/Pipeline/Pipeline.php(219): Illuminate/Http/Middleware/ValidatePathEncoding->handle()
#38 D:/Fork/hypnotoad/backend/vendor/laravel/framework/src/Illuminate/Pipeline/Pipeline.php(137): Illuminate/Pipeline/Pipeline->{closure:{closure:Illuminate/Pipeline/Pipeline::carry():194}:195}()
#39 D:/Fork/hypnotoad/backend/vendor/laravel/framework/src/Illuminate/Foundation/Http/Kernel.php(175): Illuminate/Pipeline/Pipeline->then()
#40 D:/Fork/hypnotoad/backend/vendor/laravel/framework/src/Illuminate/Foundation/Http/Kernel.php(144): Illuminate/Foundation/Http/Kernel->sendRequestThroughRouter()
#41 D:/Fork/hypnotoad/backend/public/index.php(16): Illuminate/Foundation/Http/Kernel->handle()
#42 D:/Fork/hypnotoad/backend/vendor/laravel/framework/src/Illuminate/Foundation/resources/server.php(23): require_once('...')
#43 {main}
"} 
[2026-09-28 23:09:59] local.ERROR: Call to undefined function Illuminate\Support\mb_split() {"exception":"[object] (Error(code: 0): Call to undefined function Illuminate\\Support\\mb_split() at D:/Fork/hypnotoad/backend/vendor/laravel/framework/src/Illuminate/Support/Str.php:1722)
[stacktrace]
#0 D:/Fork/hypnotoad/backend/vendor/laravel/framework/src/Illuminate/Support/Manager.php(98): Illuminate/Support/Str::studly()
#1 D:/Fork/hypnotoad/backend/vendor/laravel/framework/src/Illuminate/Support/Manager.php(78): Illuminate/Support/Manager->createDriver()
#2 D:/Fork/hypnotoad/backend/vendor/laravel/framework/src/Illuminate/Session/SessionServiceProvider.php(52): Illuminate/Support/Manager->driver()
#3 D:/Fork/hypnotoad/backend/vendor/laravel/framework/src/Illuminate/Container/Container.php(1115): Illuminate/Session/SessionServiceProvider->{closure:Illuminate/Session/SessionServiceProvider::registerSessionDriver():48}()
#4 D:/Fork/hypnotoad/backend/vendor/laravel/framework/src/Illuminate/Container/Container.php(933): Illuminate/Container/Container->build()
#5 D:/Fork/hypnotoad/backend/vendor/laravel/framework/src/Illuminate/Foundation/Application.php(1078): Illuminate/Container/Container->resolve()
#6 D:/Fork/hypnotoad/backend/vendor/laravel/framework/src/Illuminate/Container/Container.php(864): Illuminate/Foundation/Application->resolve()
#7 D:/Fork/hypnotoad/backend/vendor/laravel/framework/src/Illuminate/Foundation/Application.php(1058): Illuminate/Container/Container->make()
#8 D:/Fork/hypnotoad/backend/vendor/laravel/framework/src/Illuminate/Container/Container.php(1805): Illuminate/Foundation/Application->make()
#9 D:/Fork/hypnotoad/backend/vendor/laravel/framework/src/Illuminate/Routing/RoutingServiceProvider.php(121): Illuminate/Container/Container->offsetGet()
#10 D:/Fork/hypnotoad/backend/vendor/laravel/framework/src/Illuminate/Container/Container.php(1115): Illuminate/Routing/RoutingServiceProvider->{closure:Illuminate/Routing/RoutingServiceProvider::registerRedirector():114}()
#11 D:/Fork/hypnotoad/backend/vendor/laravel/framework/src/Illuminate/Container/Container.php(933): Illuminate/Container/Container->build()
#12 D:/Fork/hypnotoad/backend/vendor/laravel/framework/src/Illuminate/Foundation/Application.php(1078): Illuminate/Container/Container->resolve()
#13 D:/Fork/hypnotoad/backend/vendor/laravel/framework/src/Illuminate/Container/Container.php(864): Illuminate/Foundation/Application->resolve()
#14 D:/Fork/hypnotoad/backend/vendor/laravel/framework/src/Illuminate/Foundation/Application.php(1058): Illuminate/Container/Container->make()
#15 D:/Fork/hypnotoad/backend/vendor/laravel/framework/src/Illuminate/Container/Container.php(1805): Illuminate/Foundation/Application->make()
#16 D:/Fork/hypnotoad/backend/vendor/laravel/framework/src/Illuminate/Routing/RoutingServiceProvider.php(177): Illuminate/Container/Container->offsetGet()
#17 D:/Fork/hypnotoad/backend/vendor/laravel/framework/src/Illuminate/Container/Container.php(1115): Illuminate/Routing/RoutingServiceProvider->{closure:Illuminate/Routing/RoutingServiceProvider::registerResponseFactory():176}()
#18 D:/Fork/hypnotoad/backend/vendor/laravel/framework/src/Illuminate/Container/Container.php(933): Illuminate/Container/Container->build()
#19 D:/Fork/hypnotoad/backend/vendor/laravel/framework/src/Illuminate/Foundation/Application.php(1078): Illuminate/Container/Container->resolve()
#20 D:/Fork/hypnotoad/backend/vendor/laravel/framework/src/Illuminate/Container/Container.php(864): Illuminate/Foundation/Application->resolve()
#21 D:/Fork/hypnotoad/backend/vendor/laravel/framework/src/Illuminate/Foundation/Application.php(1058): Illuminate/Container/Container->make()
#22 D:/Fork/hypnotoad/backend/vendor/laravel/framework/src/Illuminate/Foundation/helpers.php(138): Illuminate/Foundation/Application->make()
#23 D:/Fork/hypnotoad/backend/vendor/laravel/framework/src/Illuminate/Foundation/helpers.php(850): app()
#24 D:/Fork/hypnotoad/backend/vendor/laravel/framework/src/Illuminate/Foundation/Exceptions/Handler.php(987): response()
#25 D:/Fork/hypnotoad/backend/vendor/laravel/framework/src/Illuminate/Foundation/Exceptions/Handler.php(839): Illuminate/Foundation/Exceptions/Handler->toIlluminateResponse()
#26 D:/Fork/hypnotoad/backend/vendor/laravel/framework/src/Illuminate/Foundation/Exceptions/Handler.php(738): Illuminate/Foundation/Exceptions/Handler->prepareResponse()
#27 D:/Fork/hypnotoad/backend/vendor/laravel/framework/src/Illuminate/Foundation/Exceptions/Handler.php(626): Illuminate/Foundation/Exceptions/Handler->renderExceptionResponse()
#28 D:/Fork/hypnotoad/backend/vendor/laravel/framework/src/Illuminate/Routing/Pipeline.php(51): Illuminate/Foundation/Exceptions/Handler->render()
#29 D:/Fork/hypnotoad/backend/vendor/laravel/framework/src/Illuminate/Pipeline/Pipeline.php(224): Illuminate/Routing/Pipeline->handleException()
#30 D:/Fork/hypnotoad/backend/vendor/laravel/framework/src/Illuminate/Http/Middleware/TrustProxies.php(58): Illuminate/Pipeline/Pipeline->{closure:{closure:Illuminate/Pipeline/Pipeline::carry():194}:195}()
#31 D:/Fork/hypnotoad/backend/vendor/laravel/framework/src/Illuminate/Pipeline/Pipeline.php(219): Illuminate/Http/Middleware/TrustProxies->handle()
#32 D:/Fork/hypnotoad/backend/vendor/laravel/framework/src/Illuminate/Foundation/Http/Middleware/InvokeDeferredCallbacks.php(22): Illuminate/Pipeline/Pipeline->{closure:{closure:Illuminate/Pipeline/Pipeline::carry():194}:195}()
#33 D:/Fork/hypnotoad/backend/vendor/laravel/framework/src/Illuminate/Pipeline/Pipeline.php(219): Illuminate/Foundation/Http/Middleware/InvokeDeferredCallbacks->handle()
#34 D:/Fork/hypnotoad/backend/vendor/laravel/framework/src/Illuminate/Http/Middleware/ValidatePathEncoding.php(26): Illuminate/Pipeline/Pipeline->{closure:{closure:Illuminate/Pipeline/Pipeline::carry():194}:195}()
#35 D:/Fork/hypnotoad/backend/vendor/laravel/framework/src/Illuminate/Pipeline/Pipeline.php(219): Illuminate/Http/Middleware/ValidatePathEncoding->handle()
#36 D:/Fork/hypnotoad/backend/vendor/laravel/framework/src/Illuminate/Pipeline/Pipeline.php(137): Illuminate/Pipeline/Pipeline->{closure:{closure:Illuminate/Pipeline/Pipeline::carry():194}:195}()
#37 D:/Fork/hypnotoad/backend/vendor/laravel/framework/src/Illuminate/Foundation/Http/Kernel.php(175): Illuminate/Pipeline/Pipeline->then()
#38 D:/Fork/hypnotoad/backend/vendor/laravel/framework/src/Illuminate/Foundation/Http/Kernel.php(144): Illuminate/Foundation/Http/Kernel->sendRequestThroughRouter()
#39 D:/Fork/hypnotoad/backend/public/index.php(16): Illuminate/Foundation/Http/Kernel->handle()
#40 D:/Fork/hypnotoad/backend/vendor/laravel/framework/src/Illuminate/Foundation/resources/server.php(23): require_once('...')
#41 {main}
"} 
[2026-09-28 23:09:59] local.ERROR: Call to undefined function Illuminate\Support\mb_split() {"exception":"[object] (Error(code: 0): Call to undefined function Illuminate\\Support\\mb_split() at D:/Fork/hypnotoad/backend/vendor/laravel/framework/src/Illuminate/Support/Str.php:1722)
[stacktrace]
#0 D:/Fork/hypnotoad/backend/vendor/laravel/framework/src/Illuminate/Support/Manager.php(98): Illuminate/Support/Str::studly()
#1 D:/Fork/hypnotoad/backend/vendor/laravel/framework/src/Illuminate/Support/Manager.php(78): Illuminate/Support/Manager->createDriver()
#2 D:/Fork/hypnotoad/backend/vendor/laravel/framework/src/Illuminate/Session/SessionServiceProvider.php(52): Illuminate/Support/Manager->driver()
#3 D:/Fork/hypnotoad/backend/vendor/laravel/framework/src/Illuminate/Container/Container.php(1115): Illuminate/Session/SessionServiceProvider->{closure:Illuminate/Session/SessionServiceProvider::registerSessionDriver():48}()
#4 D:/Fork/hypnotoad/backend/vendor/laravel/framework/src/Illuminate/Container/Container.php(933): Illuminate/Container/Container->build()
#5 D:/Fork/hypnotoad/backend/vendor/laravel/framework/src/Illuminate/Foundation/Application.php(1078): Illuminate/Container/Container->resolve()
#6 D:/Fork/hypnotoad/backend/vendor/laravel/framework/src/Illuminate/Container/Container.php(864): Illuminate/Foundation/Application->resolve()
#7 D:/Fork/hypnotoad/backend/vendor/laravel/framework/src/Illuminate/Foundation/Application.php(1058): Illuminate/Container/Container->make()
#8 D:/Fork/hypnotoad/backend/vendor/laravel/framework/src/Illuminate/Container/Container.php(1805): Illuminate/Foundation/Application->make()
#9 D:/Fork/hypnotoad/backend/vendor/laravel/framework/src/Illuminate/Routing/RoutingServiceProvider.php(121): Illuminate/Container/Container->offsetGet()
#10 D:/Fork/hypnotoad/backend/vendor/laravel/framework/src/Illuminate/Container/Container.php(1115): Illuminate/Routing/RoutingServiceProvider->{closure:Illuminate/Routing/RoutingServiceProvider::registerRedirector():114}()
#11 D:/Fork/hypnotoad/backend/vendor/laravel/framework/src/Illuminate/Container/Container.php(933): Illuminate/Container/Container->build()
#12 D:/Fork/hypnotoad/backend/vendor/laravel/framework/src/Illuminate/Foundation/Application.php(1078): Illuminate/Container/Container->resolve()
#13 D:/Fork/hypnotoad/backend/vendor/laravel/framework/src/Illuminate/Container/Container.php(864): Illuminate/Foundation/Application->resolve()
#14 D:/Fork/hypnotoad/backend/vendor/laravel/framework/src/Illuminate/Foundation/Application.php(1058): Illuminate/Container/Container->make()
#15 D:/Fork/hypnotoad/backend/vendor/laravel/framework/src/Illuminate/Container/Container.php(1805): Illuminate/Foundation/Application->make()
#16 D:/Fork/hypnotoad/backend/vendor/laravel/framework/src/Illuminate/Routing/RoutingServiceProvider.php(177): Illuminate/Container/Container->offsetGet()
#17 D:/Fork/hypnotoad/backend/vendor/laravel/framework/src/Illuminate/Container/Container.php(1115): Illuminate/Routing/RoutingServiceProvider->{closure:Illuminate/Routing/RoutingServiceProvider::registerResponseFactory():176}()
#18 D:/Fork/hypnotoad/backend/vendor/laravel/framework/src/Illuminate/Container/Container.php(933): Illuminate/Container/Container->build()
#19 D:/Fork/hypnotoad/backend/vendor/laravel/framework/src/Illuminate/Foundation/Application.php(1078): Illuminate/Container/Container->resolve()
#20 D:/Fork/hypnotoad/backend/vendor/laravel/framework/src/Illuminate/Container/Container.php(864): Illuminate/Foundation/Application->resolve()
#21 D:/Fork/hypnotoad/backend/vendor/laravel/framework/src/Illuminate/Foundation/Application.php(1058): Illuminate/Container/Container->make()
#22 D:/Fork/hypnotoad/backend/vendor/laravel/framework/src/Illuminate/Foundation/helpers.php(138): Illuminate/Foundation/Application->make()
#23 D:/Fork/hypnotoad/backend/vendor/laravel/framework/src/Illuminate/Foundation/helpers.php(850): app()
#24 D:/Fork/hypnotoad/backend/vendor/laravel/framework/src/Illuminate/Foundation/Exceptions/Handler.php(987): response()
#25 D:/Fork/hypnotoad/backend/vendor/laravel/framework/src/Illuminate/Foundation/Exceptions/Handler.php(839): Illuminate/Foundation/Exceptions/Handler->toIlluminateResponse()
#26 D:/Fork/hypnotoad/backend/vendor/laravel/framework/src/Illuminate/Foundation/Exceptions/Handler.php(738): Illuminate/Foundation/Exceptions/Handler->prepareResponse()
#27 D:/Fork/hypnotoad/backend/vendor/laravel/framework/src/Illuminate/Foundation/Exceptions/Handler.php(626): Illuminate/Foundation/Exceptions/Handler->renderExceptionResponse()
#28 D:/Fork/hypnotoad/backend/vendor/laravel/framework/src/Illuminate/Routing/Pipeline.php(51): Illuminate/Foundation/Exceptions/Handler->render()
#29 D:/Fork/hypnotoad/backend/vendor/laravel/framework/src/Illuminate/Pipeline/Pipeline.php(224): Illuminate/Routing/Pipeline->handleException()
#30 D:/Fork/hypnotoad/backend/vendor/laravel/framework/src/Illuminate/Foundation/Http/Middleware/InvokeDeferredCallbacks.php(22): Illuminate/Pipeline/Pipeline->{closure:{closure:Illuminate/Pipeline/Pipeline::carry():194}:195}()
#31 D:/Fork/hypnotoad/backend/vendor/laravel/framework/src/Illuminate/Pipeline/Pipeline.php(219): Illuminate/Foundation/Http/Middleware/InvokeDeferredCallbacks->handle()
#32 D:/Fork/hypnotoad/backend/vendor/laravel/framework/src/Illuminate/Http/Middleware/ValidatePathEncoding.php(26): Illuminate/Pipeline/Pipeline->{closure:{closure:Illuminate/Pipeline/Pipeline::carry():194}:195}()
#33 D:/Fork/hypnotoad/backend/vendor/laravel/framework/src/Illuminate/Pipeline/Pipeline.php(219): Illuminate/Http/Middleware/ValidatePathEncoding->handle()
#34 D:/Fork/hypnotoad/backend/vendor/laravel/framework/src/Illuminate/Pipeline/Pipeline.php(137): Illuminate/Pipeline/Pipeline->{closure:{closure:Illuminate/Pipeline/Pipeline::carry():194}:195}()
#35 D:/Fork/hypnotoad/backend/vendor/laravel/framework/src/Illuminate/Foundation/Http/Kernel.php(175): Illuminate/Pipeline/Pipeline->then()
#36 D:/Fork/hypnotoad/backend/vendor/laravel/framework/src/Illuminate/Foundation/Http/Kernel.php(144): Illuminate/Foundation/Http/Kernel->sendRequestThroughRouter()
#37 D:/Fork/hypnotoad/backend/public/index.php(16): Illuminate/Foundation/Http/Kernel->handle()
#38 D:/Fork/hypnotoad/backend/vendor/laravel/framework/src/Illuminate/Foundation/resources/server.php(23): require_once('...')
#39 {main}
"} 
[2026-09-28 23:09:59] local.ERROR: Call to undefined function Illuminate\Support\mb_split() {"exception":"[object] (Error(code: 0): Call to undefined function Illuminate\\Support\\mb_split() at D:/Fork/hypnotoad/backend/vendor/laravel/framework/src/Illuminate/Support/Str.php:1722)
[stacktrace]
#0 D:/Fork/hypnotoad/backend/vendor/laravel/framework/src/Illuminate/Support/Manager.php(98): Illuminate/Support/Str::studly()
#1 D:/Fork/hypnotoad/backend/vendor/laravel/framework/src/Illuminate/Support/Manager.php(78): Illuminate/Support/Manager->createDriver()
#2 D:/Fork/hypnotoad/backend/vendor/laravel/framework/src/Illuminate/Session/SessionServiceProvider.php(52): Illuminate/Support/Manager->driver()
#3 D:/Fork/hypnotoad/backend/vendor/laravel/framework/src/Illuminate/Container/Container.php(1115): Illuminate/Session/SessionServiceProvider->{closure:Illuminate/Session/SessionServiceProvider::registerSessionDriver():48}()
#4 D:/Fork/hypnotoad/backend/vendor/laravel/framework/src/Illuminate/Container/Container.php(933): Illuminate/Container/Container->build()
#5 D:/Fork/hypnotoad/backend/vendor/laravel/framework/src/Illuminate/Foundation/Application.php(1078): Illuminate/Container/Container->resolve()
#6 D:/Fork/hypnotoad/backend/vendor/laravel/framework/src/Illuminate/Container/Container.php(864): Illuminate/Foundation/Application->resolve()
#7 D:/Fork/hypnotoad/backend/vendor/laravel/framework/src/Illuminate/Foundation/Application.php(1058): Illuminate/Container/Container->make()
#8 D:/Fork/hypnotoad/backend/vendor/laravel/framework/src/Illuminate/Container/Container.php(1805): Illuminate/Foundation/Application->make()
#9 D:/Fork/hypnotoad/backend/vendor/laravel/framework/src/Illuminate/Routing/RoutingServiceProvider.php(121): Illuminate/Container/Container->offsetGet()
#10 D:/Fork/hypnotoad/backend/vendor/laravel/framework/src/Illuminate/Container/Container.php(1115): Illuminate/Routing/RoutingServiceProvider->{closure:Illuminate/Routing/RoutingServiceProvider::registerRedirector():114}()
#11 D:/Fork/hypnotoad/backend/vendor/laravel/framework/src/Illuminate/Container/Container.php(933): Illuminate/Container/Container->build()
#12 D:/Fork/hypnotoad/backend/vendor/laravel/framework/src/Illuminate/Foundation/Application.php(1078): Illuminate/Container/Container->resolve()
#13 D:/Fork/hypnotoad/backend/vendor/laravel/framework/src/Illuminate/Container/Container.php(864): Illuminate/Foundation/Application->resolve()
#14 D:/Fork/hypnotoad/backend/vendor/laravel/framework/src/Illuminate/Foundation/Application.php(1058): Illuminate/Container/Container->make()
#15 D:/Fork/hypnotoad/backend/vendor/laravel/framework/src/Illuminate/Container/Container.php(1805): Illuminate/Foundation/Application->make()
#16 D:/Fork/hypnotoad/backend/vendor/laravel/framework/src/Illuminate/Routing/RoutingServiceProvider.php(177): Illuminate/Container/Container->offsetGet()
#17 D:/Fork/hypnotoad/backend/vendor/laravel/framework/src/Illuminate/Container/Container.php(1115): Illuminate/Routing/RoutingServiceProvider->{closure:Illuminate/Routing/RoutingServiceProvider::registerResponseFactory():176}()
#18 D:/Fork/hypnotoad/backend/vendor/laravel/framework/src/Illuminate/Container/Container.php(933): Illuminate/Container/Container->build()
#19 D:/Fork/hypnotoad/backend/vendor/laravel/framework/src/Illuminate/Foundation/Application.php(1078): Illuminate/Container/Container->resolve()
#20 D:/Fork/hypnotoad/backend/vendor/laravel/framework/src/Illuminate/Container/Container.php(864): Illuminate/Foundation/Application->resolve()
#21 D:/Fork/hypnotoad/backend/vendor/laravel/framework/src/Illuminate/Foundation/Application.php(1058): Illuminate/Container/Container->make()
#22 D:/Fork/hypnotoad/backend/vendor/laravel/framework/src/Illuminate/Foundation/helpers.php(138): Illuminate/Foundation/Application->make()
#23 D:/Fork/hypnotoad/backend/vendor/laravel/framework/src/Illuminate/Foundation/helpers.php(850): app()
#24 D:/Fork/hypnotoad/backend/vendor/laravel/framework/src/Illuminate/Foundation/Exceptions/Handler.php(987): response()
#25 D:/Fork/hypnotoad/backend/vendor/laravel/framework/src/Illuminate/Foundation/Exceptions/Handler.php(839): Illuminate/Foundation/Exceptions/Handler->toIlluminateResponse()
#26 D:/Fork/hypnotoad/backend/vendor/laravel/framework/src/Illuminate/Foundation/Exceptions/Handler.php(738): Illuminate/Foundation/Exceptions/Handler->prepareResponse()
#27 D:/Fork/hypnotoad/backend/vendor/laravel/framework/src/Illuminate/Foundation/Exceptions/Handler.php(626): Illuminate/Foundation/Exceptions/Handler->renderExceptionResponse()
#28 D:/Fork/hypnotoad/backend/vendor/laravel/framework/src/Illuminate/Routing/Pipeline.php(51): Illuminate/Foundation/Exceptions/Handler->render()
#29 D:/Fork/hypnotoad/backend/vendor/laravel/framework/src/Illuminate/Pipeline/Pipeline.php(224): Illuminate/Routing/Pipeline->handleException()
#30 D:/Fork/hypnotoad/backend/vendor/laravel/framework/src/Illuminate/Http/Middleware/ValidatePathEncoding.php(26): Illuminate/Pipeline/Pipeline->{closure:{closure:Illuminate/Pipeline/Pipeline::carry():194}:195}()
#31 D:/Fork/hypnotoad/backend/vendor/laravel/framework/src/Illuminate/Pipeline/Pipeline.php(219): Illuminate/Http/Middleware/ValidatePathEncoding->handle()
#32 D:/Fork/hypnotoad/backend/vendor/laravel/framework/src/Illuminate/Pipeline/Pipeline.php(137): Illuminate/Pipeline/Pipeline->{closure:{closure:Illuminate/Pipeline/Pipeline::carry():194}:195}()
#33 D:/Fork/hypnotoad/backend/vendor/laravel/framework/src/Illuminate/Foundation/Http/Kernel.php(175): Illuminate/Pipeline/Pipeline->then()
#34 D:/Fork/hypnotoad/backend/vendor/laravel/framework/src/Illuminate/Foundation/Http/Kernel.php(144): Illuminate/Foundation/Http/Kernel->sendRequestThroughRouter()
#35 D:/Fork/hypnotoad/backend/public/index.php(16): Illuminate/Foundation/Http/Kernel->handle()
#36 D:/Fork/hypnotoad/backend/vendor/laravel/framework/src/Illuminate/Foundation/resources/server.php(23): require_once('...')
#37 {main}
"} 
[2026-09-28 23:09:59] local.ERROR: Call to undefined function Illuminate\Support\mb_split() {"exception":"[object] (Error(code: 0): Call to undefined function Illuminate\\Support\\mb_split() at D:/Fork/hypnotoad/backend/vendor/laravel/framework/src/Illuminate/Support/Str.php:1722)
[stacktrace]
#0 D:/Fork/hypnotoad/backend/vendor/laravel/framework/src/Illuminate/Support/Manager.php(98): Illuminate/Support/Str::studly()
#1 D:/Fork/hypnotoad/backend/vendor/laravel/framework/src/Illuminate/Support/Manager.php(78): Illuminate/Support/Manager->createDriver()
#2 D:/Fork/hypnotoad/backend/vendor/laravel/framework/src/Illuminate/Session/SessionServiceProvider.php(52): Illuminate/Support/Manager->driver()
#3 D:/Fork/hypnotoad/backend/vendor/laravel/framework/src/Illuminate/Container/Container.php(1115): Illuminate/Session/SessionServiceProvider->{closure:Illuminate/Session/SessionServiceProvider::registerSessionDriver():48}()
#4 D:/Fork/hypnotoad/backend/vendor/laravel/framework/src/Illuminate/Container/Container.php(933): Illuminate/Container/Container->build()
#5 D:/Fork/hypnotoad/backend/vendor/laravel/framework/src/Illuminate/Foundation/Application.php(1078): Illuminate/Container/Container->resolve()
#6 D:/Fork/hypnotoad/backend/vendor/laravel/framework/src/Illuminate/Container/Container.php(864): Illuminate/Foundation/Application->resolve()
#7 D:/Fork/hypnotoad/backend/vendor/laravel/framework/src/Illuminate/Foundation/Application.php(1058): Illuminate/Container/Container->make()
#8 D:/Fork/hypnotoad/backend/vendor/laravel/framework/src/Illuminate/Container/Container.php(1805): Illuminate/Foundation/Application->make()
#9 D:/Fork/hypnotoad/backend/vendor/laravel/framework/src/Illuminate/Routing/RoutingServiceProvider.php(121): Illuminate/Container/Container->offsetGet()
#10 D:/Fork/hypnotoad/backend/vendor/laravel/framework/src/Illuminate/Container/Container.php(1115): Illuminate/Routing/RoutingServiceProvider->{closure:Illuminate/Routing/RoutingServiceProvider::registerRedirector():114}()
#11 D:/Fork/hypnotoad/backend/vendor/laravel/framework/src/Illuminate/Container/Container.php(933): Illuminate/Container/Container->build()
#12 D:/Fork/hypnotoad/backend/vendor/laravel/framework/src/Illuminate/Foundation/Application.php(1078): Illuminate/Container/Container->resolve()
#13 D:/Fork/hypnotoad/backend/vendor/laravel/framework/src/Illuminate/Container/Container.php(864): Illuminate/Foundation/Application->resolve()
#14 D:/Fork/hypnotoad/backend/vendor/laravel/framework/src/Illuminate/Foundation/Application.php(1058): Illuminate/Container/Container->make()
#15 D:/Fork/hypnotoad/backend/vendor/laravel/framework/src/Illuminate/Container/Container.php(1805): Illuminate/Foundation/Application->make()
#16 D:/Fork/hypnotoad/backend/vendor/laravel/framework/src/Illuminate/Routing/RoutingServiceProvider.php(177): Illuminate/Container/Container->offsetGet()
#17 D:/Fork/hypnotoad/backend/vendor/laravel/framework/src/Illuminate/Container/Container.php(1115): Illuminate/Routing/RoutingServiceProvider->{closure:Illuminate/Routing/RoutingServiceProvider::registerResponseFactory():176}()
#18 D:/Fork/hypnotoad/backend/vendor/laravel/framework/src/Illuminate/Container/Container.php(933): Illuminate/Container/Container->build()
#19 D:/Fork/hypnotoad/backend/vendor/laravel/framework/src/Illuminate/Foundation/Application.php(1078): Illuminate/Container/Container->resolve()
#20 D:/Fork/hypnotoad/backend/vendor/laravel/framework/src/Illuminate/Container/Container.php(864): Illuminate/Foundation/Application->resolve()
#21 D:/Fork/hypnotoad/backend/vendor/laravel/framework/src/Illuminate/Foundation/Application.php(1058): Illuminate/Container/Container->make()
#22 D:/Fork/hypnotoad/backend/vendor/laravel/framework/src/Illuminate/Foundation/helpers.php(138): Illuminate/Foundation/Application->make()
#23 D:/Fork/hypnotoad/backend/vendor/laravel/framework/src/Illuminate/Foundation/helpers.php(850): app()
#24 D:/Fork/hypnotoad/backend/vendor/laravel/framework/src/Illuminate/Foundation/Exceptions/Handler.php(987): response()
#25 D:/Fork/hypnotoad/backend/vendor/laravel/framework/src/Illuminate/Foundation/Exceptions/Handler.php(839): Illuminate/Foundation/Exceptions/Handler->toIlluminateResponse()
#26 D:/Fork/hypnotoad/backend/vendor/laravel/framework/src/Illuminate/Foundation/Exceptions/Handler.php(738): Illuminate/Foundation/Exceptions/Handler->prepareResponse()
#27 D:/Fork/hypnotoad/backend/vendor/laravel/framework/src/Illuminate/Foundation/Exceptions/Handler.php(626): Illuminate/Foundation/Exceptions/Handler->renderExceptionResponse()
#28 D:/Fork/hypnotoad/backend/vendor/laravel/framework/src/Illuminate/Routing/Pipeline.php(51): Illuminate/Foundation/Exceptions/Handler->render()
#29 D:/Fork/hypnotoad/backend/vendor/laravel/framework/src/Illuminate/Pipeline/Pipeline.php(224): Illuminate/Routing/Pipeline->handleException()
#30 D:/Fork/hypnotoad/backend/vendor/laravel/framework/src/Illuminate/Pipeline/Pipeline.php(137): Illuminate/Pipeline/Pipeline->{closure:{closure:Illuminate/Pipeline/Pipeline::carry():194}:195}()
#31 D:/Fork/hypnotoad/backend/vendor/laravel/framework/src/Illuminate/Foundation/Http/Kernel.php(175): Illuminate/Pipeline/Pipeline->then()
#32 D:/Fork/hypnotoad/backend/vendor/laravel/framework/src/Illuminate/Foundation/Http/Kernel.php(144): Illuminate/Foundation/Http/Kernel->sendRequestThroughRouter()
#33 D:/Fork/hypnotoad/backend/public/index.php(16): Illuminate/Foundation/Http/Kernel->handle()
#34 D:/Fork/hypnotoad/backend/vendor/laravel/framework/src/Illuminate/Foundation/resources/server.php(23): require_once('...')
#35 {main}
"} 
[2026-09-28 23:09:59] local.ERROR: Call to undefined function Illuminate\Support\mb_split() {"exception":"[object] (Error(code: 0): Call to undefined function Illuminate\\Support\\mb_split() at D:/Fork/hypnotoad/backend/vendor/laravel/framework/src/Illuminate/Support/Str.php:1722)
[stacktrace]
#0 D:/Fork/hypnotoad/backend/vendor/laravel/framework/src/Illuminate/Support/Manager.php(98): Illuminate/Support/Str::studly()
#1 D:/Fork/hypnotoad/backend/vendor/laravel/framework/src/Illuminate/Support/Manager.php(78): Illuminate/Support/Manager->createDriver()
#2 D:/Fork/hypnotoad/backend/vendor/laravel/framework/src/Illuminate/Session/SessionServiceProvider.php(52): Illuminate/Support/Manager->driver()
#3 D:/Fork/hypnotoad/backend/vendor/laravel/framework/src/Illuminate/Container/Container.php(1115): Illuminate/Session/SessionServiceProvider->{closure:Illuminate/Session/SessionServiceProvider::registerSessionDriver():48}()
#4 D:/Fork/hypnotoad/backend/vendor/laravel/framework/src/Illuminate/Container/Container.php(933): Illuminate/Container/Container->build()
#5 D:/Fork/hypnotoad/backend/vendor/laravel/framework/src/Illuminate/Foundation/Application.php(1078): Illuminate/Container/Container->resolve()
#6 D:/Fork/hypnotoad/backend/vendor/laravel/framework/src/Illuminate/Container/Container.php(864): Illuminate/Foundation/Application->resolve()
#7 D:/Fork/hypnotoad/backend/vendor/laravel/framework/src/Illuminate/Foundation/Application.php(1058): Illuminate/Container/Container->make()
#8 D:/Fork/hypnotoad/backend/vendor/laravel/framework/src/Illuminate/Container/Container.php(1805): Illuminate/Foundation/Application->make()
#9 D:/Fork/hypnotoad/backend/vendor/laravel/framework/src/Illuminate/Routing/RoutingServiceProvider.php(121): Illuminate/Container/Container->offsetGet()
#10 D:/Fork/hypnotoad/backend/vendor/laravel/framework/src/Illuminate/Container/Container.php(1115): Illuminate/Routing/RoutingServiceProvider->{closure:Illuminate/Routing/RoutingServiceProvider::registerRedirector():114}()
#11 D:/Fork/hypnotoad/backend/vendor/laravel/framework/src/Illuminate/Container/Container.php(933): Illuminate/Container/Container->build()
#12 D:/Fork/hypnotoad/backend/vendor/laravel/framework/src/Illuminate/Foundation/Application.php(1078): Illuminate/Container/Container->resolve()
#13 D:/Fork/hypnotoad/backend/vendor/laravel/framework/src/Illuminate/Container/Container.php(864): Illuminate/Foundation/Application->resolve()
#14 D:/Fork/hypnotoad/backend/vendor/laravel/framework/src/Illuminate/Foundation/Application.php(1058): Illuminate/Container/Container->make()
#15 D:/Fork/hypnotoad/backend/vendor/laravel/framework/src/Illuminate/Container/Container.php(1805): Illuminate/Foundation/Application->make()
#16 D:/Fork/hypnotoad/backend/vendor/laravel/framework/src/Illuminate/Routing/RoutingServiceProvider.php(177): Illuminate/Container/Container->offsetGet()
#17 D:/Fork/hypnotoad/backend/vendor/laravel/framework/src/Illuminate/Container/Container.php(1115): Illuminate/Routing/RoutingServiceProvider->{closure:Illuminate/Routing/RoutingServiceProvider::registerResponseFactory():176}()
#18 D:/Fork/hypnotoad/backend/vendor/laravel/framework/src/Illuminate/Container/Container.php(933): Illuminate/Container/Container->build()
#19 D:/Fork/hypnotoad/backend/vendor/laravel/framework/src/Illuminate/Foundation/Application.php(1078): Illuminate/Container/Container->resolve()
#20 D:/Fork/hypnotoad/backend/vendor/laravel/framework/src/Illuminate/Container/Container.php(864): Illuminate/Foundation/Application->resolve()
#21 D:/Fork/hypnotoad/backend/vendor/laravel/framework/src/Illuminate/Foundation/Application.php(1058): Illuminate/Container/Container->make()
#22 D:/Fork/hypnotoad/backend/vendor/laravel/framework/src/Illuminate/Foundation/helpers.php(138): Illuminate/Foundation/Application->make()
#23 D:/Fork/hypnotoad/backend/vendor/laravel/framework/src/Illuminate/Foundation/helpers.php(850): app()
#24 D:/Fork/hypnotoad/backend/vendor/laravel/framework/src/Illuminate/Foundation/Exceptions/Handler.php(987): response()
#25 D:/Fork/hypnotoad/backend/vendor/laravel/framework/src/Illuminate/Foundation/Exceptions/Handler.php(839): Illuminate/Foundation/Exceptions/Handler->toIlluminateResponse()
#26 D:/Fork/hypnotoad/backend/vendor/laravel/framework/src/Illuminate/Foundation/Exceptions/Handler.php(738): Illuminate/Foundation/Exceptions/Handler->prepareResponse()
#27 D:/Fork/hypnotoad/backend/vendor/laravel/framework/src/Illuminate/Foundation/Exceptions/Handler.php(626): Illuminate/Foundation/Exceptions/Handler->renderExceptionResponse()
#28 D:/Fork/hypnotoad/backend/vendor/laravel/framework/src/Illuminate/Foundation/Http/Kernel.php(574): Illuminate/Foundation/Exceptions/Handler->render()
#29 D:/Fork/hypnotoad/backend/vendor/laravel/framework/src/Illuminate/Foundation/Http/Kernel.php(148): Illuminate/Foundation/Http/Kernel->renderException()
#30 D:/Fork/hypnotoad/backend/public/index.php(16): Illuminate/Foundation/Http/Kernel->handle()
#31 D:/Fork/hypnotoad/backend/vendor/laravel/framework/src/Illuminate/Foundation/resources/server.php(23): require_once('...')
#32 {main}
"} 
[2026-09-28 23:09:59] local.ERROR: Uncaught Error: Call to undefined function Illuminate\Support\mb_split() in D:\Fork\hypnotoad\backend\vendor\laravel\framework\src\Illuminate\Support\Str.php:1722
Stack trace:
#0 D:\Fork\hypnotoad\backend\vendor\laravel\framework\src\Illuminate\Support\Manager.php(98): Illuminate\Support\Str::studly()
#1 D:\Fork\hypnotoad\backend\vendor\laravel\framework\src\Illuminate\Support\Manager.php(78): Illuminate\Support\Manager->createDriver()
#2 D:\Fork\hypnotoad\backend\vendor\laravel\framework\src\Illuminate\Session\SessionServiceProvider.php(52): Illuminate\Support\Manager->driver()
#3 D:\Fork\hypnotoad\backend\vendor\laravel\framework\src\Illuminate\Container\Container.php(1115): Illuminate\Session\SessionServiceProvider->{closure:Illuminate\Session\SessionServiceProvider::registerSessionDriver():48}()
#4 D:\Fork\hypnotoad\backend\vendor\laravel\framework\src\Illuminate\Container\Container.php(933): Illuminate\Container\Container->build()
#5 D:\Fork\hypnotoad\backend\vendor\laravel\framework\src\Illuminate\Foundation\Application.php(1078): Illuminate\Container\Container->resolve()
#6 D:\Fork\hypnotoad\backend\vendor\laravel\framework\src\Illuminate\Container\Container.php(864): Illuminate\Foundation\Application->resolve()
#7 D:\Fork\hypnotoad\backend\vendor\laravel\framework\src\Illuminate\Foundation\Application.php(1058): Illuminate\Container\Container->make()
#8 D:\Fork\hypnotoad\backend\vendor\laravel\framework\src\Illuminate\Container\Container.php(1805): Illuminate\Foundation\Application->make()
#9 D:\Fork\hypnotoad\backend\vendor\laravel\framework\src\Illuminate\Routing\RoutingServiceProvider.php(121): Illuminate\Container\Container->offsetGet()
#10 D:\Fork\hypnotoad\backend\vendor\laravel\framework\src\Illuminate\Container\Container.php(1115): Illuminate\Routing\RoutingServiceProvider->{closure:Illuminate\Routing\RoutingServiceProvider::registerRedirector():114}()
#11 D:\Fork\hypnotoad\backend\vendor\laravel\framework\src\Illuminate\Container\Container.php(933): Illuminate\Container\Container->build()
#12 D:\Fork\hypnotoad\backend\vendor\laravel\framework\src\Illuminate\Foundation\Application.php(1078): Illuminate\Container\Container->resolve()
#13 D:\Fork\hypnotoad\backend\vendor\laravel\framework\src\Illuminate\Container\Container.php(864): Illuminate\Foundation\Application->resolve()
#14 D:\Fork\hypnotoad\backend\vendor\laravel\framework\src\Illuminate\Foundation\Application.php(1058): Illuminate\Container\Container->make()
#15 D:\Fork\hypnotoad\backend\vendor\laravel\framework\src\Illuminate\Container\Container.php(1805): Illuminate\Foundation\Application->make()
#16 D:\Fork\hypnotoad\backend\vendor\laravel\framework\src\Illuminate\Routing\RoutingServiceProvider.php(177): Illuminate\Container\Container->offsetGet()
#17 D:\Fork\hypnotoad\backend\vendor\laravel\framework\src\Illuminate\Container\Container.php(1115): Illuminate\Routing\RoutingServiceProvider->{closure:Illuminate\Routing\RoutingServiceProvider::registerResponseFactory():176}()
#18 D:\Fork\hypnotoad\backend\vendor\laravel\framework\src\Illuminate\Container\Container.php(933): Illuminate\Container\Container->build()
#19 D:\Fork\hypnotoad\backend\vendor\laravel\framework\src\Illuminate\Foundation\Application.php(1078): Illuminate\Container\Container->resolve()
#20 D:\Fork\hypnotoad\backend\vendor\laravel\framework\src\Illuminate\Container\Container.php(864): Illuminate\Foundation\Application->resolve()
#21 D:\Fork\hypnotoad\backend\vendor\laravel\framework\src\Illuminate\Foundation\Application.php(1058): Illuminate\Container\Container->make()
#22 D:\Fork\hypnotoad\backend\vendor\laravel\framework\src\Illuminate\Foundation\helpers.php(138): Illuminate\Foundation\Application->make()
#23 D:\Fork\hypnotoad\backend\vendor\laravel\framework\src\Illuminate\Foundation\helpers.php(850): app()
#24 D:\Fork\hypnotoad\backend\vendor\laravel\framework\src\Illuminate\Foundation\Exceptions\Handler.php(987): response()
#25 D:\Fork\hypnotoad\backend\vendor\laravel\framework\src\Illuminate\Foundation\Exceptions\Handler.php(839): Illuminate\Foundation\Exceptions\Handler->toIlluminateResponse()
#26 D:\Fork\hypnotoad\backend\vendor\laravel\framework\src\Illuminate\Foundation\Exceptions\Handler.php(738): Illuminate\Foundation\Exceptions\Handler->prepareResponse()
#27 D:\Fork\hypnotoad\backend\vendor\laravel\framework\src\Illuminate\Foundation\Exceptions\Handler.php(626): Illuminate\Foundation\Exceptions\Handler->renderExceptionResponse()
#28 D:\Fork\hypnotoad\backend\vendor\laravel\framework\src\Illuminate\Foundation\Bootstrap\HandleExceptions.php(225): Illuminate\Foundation\Exceptions\Handler->render()
#29 D:\Fork\hypnotoad\backend\vendor\laravel\framework\src\Illuminate\Foundation\Bootstrap\HandleExceptions.php(202): Illuminate\Foundation\Bootstrap\HandleExceptions->renderHttpResponse()
#30 D:\Fork\hypnotoad\backend\vendor\laravel\framework\src\Illuminate\Foundation\Bootstrap\HandleExceptions.php(262): Illuminate\Foundation\Bootstrap\HandleExceptions->handleException()
#31 [internal function]: Illuminate\Foundation\Bootstrap\HandleExceptions->{closure:Illuminate\Foundation\Bootstrap\HandleExceptions::forwardsTo():261}()
#32 {main}
  thrown {"exception":"[object] (Symfony\\Component\\ErrorHandler\\Error\\FatalError(code: 0): Uncaught Error: Call to undefined function Illuminate\\Support\\mb_split() in D:\\Fork\\hypnotoad\\backend\\vendor\\laravel\\framework\\src\\Illuminate\\Support\\Str.php:1722
Stack trace:
#0 D:\\Fork\\hypnotoad\\backend\\vendor\\laravel\\framework\\src\\Illuminate\\Support\\Manager.php(98): Illuminate\\Support\\Str::studly()
#1 D:\\Fork\\hypnotoad\\backend\\vendor\\laravel\\framework\\src\\Illuminate\\Support\\Manager.php(78): Illuminate\\Support\\Manager->createDriver()
#2 D:\\Fork\\hypnotoad\\backend\\vendor\\laravel\\framework\\src\\Illuminate\\Session\\SessionServiceProvider.php(52): Illuminate\\Support\\Manager->driver()
#3 D:\\Fork\\hypnotoad\\backend\\vendor\\laravel\\framework\\src\\Illuminate\\Container\\Container.php(1115): Illuminate\\Session\\SessionServiceProvider->{closure:Illuminate\\Session\\SessionServiceProvider::registerSessionDriver():48}()
#4 D:\\Fork\\hypnotoad\\backend\\vendor\\laravel\\framework\\src\\Illuminate\\Container\\Container.php(933): Illuminate\\Container\\Container->build()
#5 D:\\Fork\\hypnotoad\\backend\\vendor\\laravel\\framework\\src\\Illuminate\\Foundation\\Application.php(1078): Illuminate\\Container\\Container->resolve()
#6 D:\\Fork\\hypnotoad\\backend\\vendor\\laravel\\framework\\src\\Illuminate\\Container\\Container.php(864): Illuminate\\Foundation\\Application->resolve()
#7 D:\\Fork\\hypnotoad\\backend\\vendor\\laravel\\framework\\src\\Illuminate\\Foundation\\Application.php(1058): Illuminate\\Container\\Container->make()
#8 D:\\Fork\\hypnotoad\\backend\\vendor\\laravel\\framework\\src\\Illuminate\\Container\\Container.php(1805): Illuminate\\Foundation\\Application->make()
#9 D:\\Fork\\hypnotoad\\backend\\vendor\\laravel\\framework\\src\\Illuminate\\Routing\\RoutingServiceProvider.php(121): Illuminate\\Container\\Container->offsetGet()
#10 D:\\Fork\\hypnotoad\\backend\\vendor\\laravel\\framework\\src\\Illuminate\\Container\\Container.php(1115): Illuminate\\Routing\\RoutingServiceProvider->{closure:Illuminate\\Routing\\RoutingServiceProvider::registerRedirector():114}()
#11 D:\\Fork\\hypnotoad\\backend\\vendor\\laravel\\framework\\src\\Illuminate\\Container\\Container.php(933): Illuminate\\Container\\Container->build()
#12 D:\\Fork\\hypnotoad\\backend\\vendor\\laravel\\framework\\src\\Illuminate\\Foundation\\Application.php(1078): Illuminate\\Container\\Container->resolve()
#13 D:\\Fork\\hypnotoad\\backend\\vendor\\laravel\\framework\\src\\Illuminate\\Container\\Container.php(864): Illuminate\\Foundation\\Application->resolve()
#14 D:\\Fork\\hypnotoad\\backend\\vendor\\laravel\\framework\\src\\Illuminate\\Foundation\\Application.php(1058): Illuminate\\Container\\Container->make()
#15 D:\\Fork\\hypnotoad\\backend\\vendor\\laravel\\framework\\src\\Illuminate\\Container\\Container.php(1805): Illuminate\\Foundation\\Application->make()
#16 D:\\Fork\\hypnotoad\\backend\\vendor\\laravel\\framework\\src\\Illuminate\\Routing\\RoutingServiceProvider.php(177): Illuminate\\Container\\Container->offsetGet()
#17 D:\\Fork\\hypnotoad\\backend\\vendor\\laravel\\framework\\src\\Illuminate\\Container\\Container.php(1115): Illuminate\\Routing\\RoutingServiceProvider->{closure:Illuminate\\Routing\\RoutingServiceProvider::registerResponseFactory():176}()
#18 D:\\Fork\\hypnotoad\\backend\\vendor\\laravel\\framework\\src\\Illuminate\\Container\\Container.php(933): Illuminate\\Container\\Container->build()
#19 D:\\Fork\\hypnotoad\\backend\\vendor\\laravel\\framework\\src\\Illuminate\\Foundation\\Application.php(1078): Illuminate\\Container\\Container->resolve()
#20 D:\\Fork\\hypnotoad\\backend\\vendor\\laravel\\framework\\src\\Illuminate\\Container\\Container.php(864): Illuminate\\Foundation\\Application->resolve()
#21 D:\\Fork\\hypnotoad\\backend\\vendor\\laravel\\framework\\src\\Illuminate\\Foundation\\Application.php(1058): Illuminate\\Container\\Container->make()
#22 D:\\Fork\\hypnotoad\\backend\\vendor\\laravel\\framework\\src\\Illuminate\\Foundation\\helpers.php(138): Illuminate\\Foundation\\Application->make()
#23 D:\\Fork\\hypnotoad\\backend\\vendor\\laravel\\framework\\src\\Illuminate\\Foundation\\helpers.php(850): app()
#24 D:\\Fork\\hypnotoad\\backend\\vendor\\laravel\\framework\\src\\Illuminate\\Foundation\\Exceptions\\Handler.php(987): response()
#25 D:\\Fork\\hypnotoad\\backend\\vendor\\laravel\\framework\\src\\Illuminate\\Foundation\\Exceptions\\Handler.php(839): Illuminate\\Foundation\\Exceptions\\Handler->toIlluminateResponse()
#26 D:\\Fork\\hypnotoad\\backend\\vendor\\laravel\\framework\\src\\Illuminate\\Foundation\\Exceptions\\Handler.php(738): Illuminate\\Foundation\\Exceptions\\Handler->prepareResponse()
#27 D:\\Fork\\hypnotoad\\backend\\vendor\\laravel\\framework\\src\\Illuminate\\Foundation\\Exceptions\\Handler.php(626): Illuminate\\Foundation\\Exceptions\\Handler->renderExceptionResponse()
#28 D:\\Fork\\hypnotoad\\backend\\vendor\\laravel\\framework\\src\\Illuminate\\Foundation\\Bootstrap\\HandleExceptions.php(225): Illuminate\\Foundation\\Exceptions\\Handler->render()
#29 D:\\Fork\\hypnotoad\\backend\\vendor\\laravel\\framework\\src\\Illuminate\\Foundation\\Bootstrap\\HandleExceptions.php(202): Illuminate\\Foundation\\Bootstrap\\HandleExceptions->renderHttpResponse()
#30 D:\\Fork\\hypnotoad\\backend\\vendor\\laravel\\framework\\src\\Illuminate\\Foundation\\Bootstrap\\HandleExceptions.php(262): Illuminate\\Foundation\\Bootstrap\\HandleExceptions->handleException()
#31 [internal function]: Illuminate\\Foundation\\Bootstrap\\HandleExceptions->{closure:Illuminate\\Foundation\\Bootstrap\\HandleExceptions::forwardsTo():261}()
#32 {main}
  thrown at D:/Fork/hypnotoad/backend/vendor/laravel/framework/src/Illuminate/Support/Str.php:1722)
[stacktrace]
#0 {main}
"} 
[2026-09-28 23:10:51] local.ERROR: Call to undefined function Illuminate\Support\mb_split() {"exception":"[object] (Error(code: 0): Call to undefined function Illuminate\\Support\\mb_split() at D:/Fork/hypnotoad/backend/vendor/laravel/framework/src/Illuminate/Support/Str.php:1722)
[stacktrace]
#0 D:/Fork/hypnotoad/backend/vendor/laravel/framework/src/Illuminate/Support/Manager.php(98): Illuminate/Support/Str::studly()
#1 D:/Fork/hypnotoad/backend/vendor/laravel/framework/src/Illuminate/Support/Manager.php(78): Illuminate/Support/Manager->createDriver()
#2 D:/Fork/hypnotoad/backend/vendor/laravel/framework/src/Illuminate/Foundation/Providers/FoundationServiceProvider.php(293): Illuminate/Support/Manager->driver()
#3 D:/Fork/hypnotoad/backend/vendor/laravel/framework/src/Illuminate/Container/Container.php(1115): Illuminate/Foundation/Providers/FoundationServiceProvider->{closure:Illuminate/Foundation/Providers/FoundationServiceProvider::registerMaintenanceModeManager():293}()
#4 D:/Fork/hypnotoad/backend/vendor/laravel/framework/src/Illuminate/Container/Container.php(933): Illuminate/Container/Container->build()
#5 D:/Fork/hypnotoad/backend/vendor/laravel/framework/src/Illuminate/Foundation/Application.php(1078): Illuminate/Container/Container->resolve()
#6 D:/Fork/hypnotoad/backend/vendor/laravel/framework/src/Illuminate/Container/Container.php(864): Illuminate/Foundation/Application->resolve()
#7 D:/Fork/hypnotoad/backend/vendor/laravel/framework/src/Illuminate/Foundation/Application.php(1058): Illuminate/Container/Container->make()
#8 D:/Fork/hypnotoad/backend/vendor/laravel/framework/src/Illuminate/Foundation/Application.php(1410): Illuminate/Foundation/Application->make()
#9 D:/Fork/hypnotoad/backend/vendor/laravel/framework/src/Illuminate/Foundation/Http/Middleware/PreventRequestsDuringMaintenance.php(64): Illuminate/Foundation/Application->maintenanceMode()
#10 D:/Fork/hypnotoad/backend/vendor/laravel/framework/src/Illuminate/Pipeline/Pipeline.php(219): Illuminate/Foundation/Http/Middleware/PreventRequestsDuringMaintenance->handle()
#11 D:/Fork/hypnotoad/backend/vendor/laravel/framework/src/Illuminate/Http/Middleware/HandleCors.php(74): Illuminate/Pipeline/Pipeline->{closure:{closure:Illuminate/Pipeline/Pipeline::carry():194}:195}()
#12 D:/Fork/hypnotoad/backend/vendor/laravel/framework/src/Illuminate/Pipeline/Pipeline.php(219): Illuminate/Http/Middleware/HandleCors->handle()
#13 D:/Fork/hypnotoad/backend/vendor/laravel/framework/src/Illuminate/Http/Middleware/TrustProxies.php(58): Illuminate/Pipeline/Pipeline->{closure:{closure:Illuminate/Pipeline/Pipeline::carry():194}:195}()
#14 D:/Fork/hypnotoad/backend/vendor/laravel/framework/src/Illuminate/Pipeline/Pipeline.php(219): Illuminate/Http/Middleware/TrustProxies->handle()
#15 D:/Fork/hypnotoad/backend/vendor/laravel/framework/src/Illuminate/Foundation/Http/Middleware/InvokeDeferredCallbacks.php(22): Illuminate/Pipeline/Pipeline->{closure:{closure:Illuminate/Pipeline/Pipeline::carry():194}:195}()
#16 D:/Fork/hypnotoad/backend/vendor/laravel/framework/src/Illuminate/Pipeline/Pipeline.php(219): Illuminate/Foundation/Http/Middleware/InvokeDeferredCallbacks->handle()
#17 D:/Fork/hypnotoad/backend/vendor/laravel/framework/src/Illuminate/Http/Middleware/ValidatePathEncoding.php(26): Illuminate/Pipeline/Pipeline->{closure:{closure:Illuminate/Pipeline/Pipeline::carry():194}:195}()
#18 D:/Fork/hypnotoad/backend/vendor/laravel/framework/src/Illuminate/Pipeline/Pipeline.php(219): Illuminate/Http/Middleware/ValidatePathEncoding->handle()
#19 D:/Fork/hypnotoad/backend/vendor/laravel/framework/src/Illuminate/Pipeline/Pipeline.php(137): Illuminate/Pipeline/Pipeline->{closure:{closure:Illuminate/Pipeline/Pipeline::carry():194}:195}()
#20 D:/Fork/hypnotoad/backend/vendor/laravel/framework/src/Illuminate/Foundation/Http/Kernel.php(175): Illuminate/Pipeline/Pipeline->then()
#21 D:/Fork/hypnotoad/backend/vendor/laravel/framework/src/Illuminate/Foundation/Http/Kernel.php(144): Illuminate/Foundation/Http/Kernel->sendRequestThroughRouter()
#22 D:/Fork/hypnotoad/backend/public/index.php(16): Illuminate/Foundation/Http/Kernel->handle()
#23 D:/Fork/hypnotoad/backend/vendor/laravel/framework/src/Illuminate/Foundation/resources/server.php(23): require_once('...')
#24 {main}
"} 
[2026-09-28 23:10:51] local.ERROR: Call to undefined function Illuminate\Support\mb_split() {"exception":"[object] (Error(code: 0): Call to undefined function Illuminate\\Support\\mb_split() at D:/Fork/hypnotoad/backend/vendor/laravel/framework/src/Illuminate/Support/Str.php:1722)
[stacktrace]
#0 D:/Fork/hypnotoad/backend/vendor/laravel/framework/src/Illuminate/Support/Manager.php(98): Illuminate/Support/Str::studly()
#1 D:/Fork/hypnotoad/backend/vendor/laravel/framework/src/Illuminate/Support/Manager.php(78): Illuminate/Support/Manager->createDriver()
#2 D:/Fork/hypnotoad/backend/vendor/laravel/framework/src/Illuminate/Session/SessionServiceProvider.php(52): Illuminate/Support/Manager->driver()
#3 D:/Fork/hypnotoad/backend/vendor/laravel/framework/src/Illuminate/Container/Container.php(1115): Illuminate/Session/SessionServiceProvider->{closure:Illuminate/Session/SessionServiceProvider::registerSessionDriver():48}()
#4 D:/Fork/hypnotoad/backend/vendor/laravel/framework/src/Illuminate/Container/Container.php(933): Illuminate/Container/Container->build()
#5 D:/Fork/hypnotoad/backend/vendor/laravel/framework/src/Illuminate/Foundation/Application.php(1078): Illuminate/Container/Container->resolve()
#6 D:/Fork/hypnotoad/backend/vendor/laravel/framework/src/Illuminate/Container/Container.php(864): Illuminate/Foundation/Application->resolve()
#7 D:/Fork/hypnotoad/backend/vendor/laravel/framework/src/Illuminate/Foundation/Application.php(1058): Illuminate/Container/Container->make()
#8 D:/Fork/hypnotoad/backend/vendor/laravel/framework/src/Illuminate/Container/Container.php(1805): Illuminate/Foundation/Application->make()
#9 D:/Fork/hypnotoad/backend/vendor/laravel/framework/src/Illuminate/Routing/RoutingServiceProvider.php(121): Illuminate/Container/Container->offsetGet()
#10 D:/Fork/hypnotoad/backend/vendor/laravel/framework/src/Illuminate/Container/Container.php(1115): Illuminate/Routing/RoutingServiceProvider->{closure:Illuminate/Routing/RoutingServiceProvider::registerRedirector():114}()
#11 D:/Fork/hypnotoad/backend/vendor/laravel/framework/src/Illuminate/Container/Container.php(933): Illuminate/Container/Container->build()
#12 D:/Fork/hypnotoad/backend/vendor/laravel/framework/src/Illuminate/Foundation/Application.php(1078): Illuminate/Container/Container->resolve()
#13 D:/Fork/hypnotoad/backend/vendor/laravel/framework/src/Illuminate/Container/Container.php(864): Illuminate/Foundation/Application->resolve()
#14 D:/Fork/hypnotoad/backend/vendor/laravel/framework/src/Illuminate/Foundation/Application.php(1058): Illuminate/Container/Container->make()
#15 D:/Fork/hypnotoad/backend/vendor/laravel/framework/src/Illuminate/Container/Container.php(1805): Illuminate/Foundation/Application->make()
#16 D:/Fork/hypnotoad/backend/vendor/laravel/framework/src/Illuminate/Routing/RoutingServiceProvider.php(177): Illuminate/Container/Container->offsetGet()
#17 D:/Fork/hypnotoad/backend/vendor/laravel/framework/src/Illuminate/Container/Container.php(1115): Illuminate/Routing/RoutingServiceProvider->{closure:Illuminate/Routing/RoutingServiceProvider::registerResponseFactory():176}()
#18 D:/Fork/hypnotoad/backend/vendor/laravel/framework/src/Illuminate/Container/Container.php(933): Illuminate/Container/Container->build()
#19 D:/Fork/hypnotoad/backend/vendor/laravel/framework/src/Illuminate/Foundation/Application.php(1078): Illuminate/Container/Container->resolve()
#20 D:/Fork/hypnotoad/backend/vendor/laravel/framework/src/Illuminate/Container/Container.php(864): Illuminate/Foundation/Application->resolve()
#21 D:/Fork/hypnotoad/backend/vendor/laravel/framework/src/Illuminate/Foundation/Application.php(1058): Illuminate/Container/Container->make()
#22 D:/Fork/hypnotoad/backend/vendor/laravel/framework/src/Illuminate/Foundation/helpers.php(138): Illuminate/Foundation/Application->make()
#23 D:/Fork/hypnotoad/backend/vendor/laravel/framework/src/Illuminate/Foundation/helpers.php(850): app()
#24 D:/Fork/hypnotoad/backend/vendor/laravel/framework/src/Illuminate/Foundation/Exceptions/Handler.php(987): response()
#25 D:/Fork/hypnotoad/backend/vendor/laravel/framework/src/Illuminate/Foundation/Exceptions/Handler.php(839): Illuminate/Foundation/Exceptions/Handler->toIlluminateResponse()
#26 D:/Fork/hypnotoad/backend/vendor/laravel/framework/src/Illuminate/Foundation/Exceptions/Handler.php(738): Illuminate/Foundation/Exceptions/Handler->prepareResponse()
#27 D:/Fork/hypnotoad/backend/vendor/laravel/framework/src/Illuminate/Foundation/Exceptions/Handler.php(626): Illuminate/Foundation/Exceptions/Handler->renderExceptionResponse()
#28 D:/Fork/hypnotoad/backend/vendor/laravel/framework/src/Illuminate/Routing/Pipeline.php(51): Illuminate/Foundation/Exceptions/Handler->render()
#29 D:/Fork/hypnotoad/backend/vendor/laravel/framework/src/Illuminate/Pipeline/Pipeline.php(224): Illuminate/Routing/Pipeline->handleException()
#30 D:/Fork/hypnotoad/backend/vendor/laravel/framework/src/Illuminate/Http/Middleware/HandleCors.php(74): Illuminate/Pipeline/Pipeline->{closure:{closure:Illuminate/Pipeline/Pipeline::carry():194}:195}()
#31 D:/Fork/hypnotoad/backend/vendor/laravel/framework/src/Illuminate/Pipeline/Pipeline.php(219): Illuminate/Http/Middleware/HandleCors->handle()
#32 D:/Fork/hypnotoad/backend/vendor/laravel/framework/src/Illuminate/Http/Middleware/TrustProxies.php(58): Illuminate/Pipeline/Pipeline->{closure:{closure:Illuminate/Pipeline/Pipeline::carry():194}:195}()
#33 D:/Fork/hypnotoad/backend/vendor/laravel/framework/src/Illuminate/Pipeline/Pipeline.php(219): Illuminate/Http/Middleware/TrustProxies->handle()
#34 D:/Fork/hypnotoad/backend/vendor/laravel/framework/src/Illuminate/Foundation/Http/Middleware/InvokeDeferredCallbacks.php(22): Illuminate/Pipeline/Pipeline->{closure:{closure:Illuminate/Pipeline/Pipeline::carry():194}:195}()
#35 D:/Fork/hypnotoad/backend/vendor/laravel/framework/src/Illuminate/Pipeline/Pipeline.php(219): Illuminate/Foundation/Http/Middleware/InvokeDeferredCallbacks->handle()
#36 D:/Fork/hypnotoad/backend/vendor/laravel/framework/src/Illuminate/Http/Middleware/ValidatePathEncoding.php(26): Illuminate/Pipeline/Pipeline->{closure:{closure:Illuminate/Pipeline/Pipeline::carry():194}:195}()
#37 D:/Fork/hypnotoad/backend/vendor/laravel/framework/src/Illuminate/Pipeline/Pipeline.php(219): Illuminate/Http/Middleware/ValidatePathEncoding->handle()
#38 D:/Fork/hypnotoad/backend/vendor/laravel/framework/src/Illuminate/Pipeline/Pipeline.php(137): Illuminate/Pipeline/Pipeline->{closure:{closure:Illuminate/Pipeline/Pipeline::carry():194}:195}()
#39 D:/Fork/hypnotoad/backend/vendor/laravel/framework/src/Illuminate/Foundation/Http/Kernel.php(175): Illuminate/Pipeline/Pipeline->then()
#40 D:/Fork/hypnotoad/backend/vendor/laravel/framework/src/Illuminate/Foundation/Http/Kernel.php(144): Illuminate/Foundation/Http/Kernel->sendRequestThroughRouter()
#41 D:/Fork/hypnotoad/backend/public/index.php(16): Illuminate/Foundation/Http/Kernel->handle()
#42 D:/Fork/hypnotoad/backend/vendor/laravel/framework/src/Illuminate/Foundation/resources/server.php(23): require_once('...')
#43 {main}
"} 
[2026-09-28 23:10:51] local.ERROR: Call to undefined function Illuminate\Support\mb_split() {"exception":"[object] (Error(code: 0): Call to undefined function Illuminate\\Support\\mb_split() at D:/Fork/hypnotoad/backend/vendor/laravel/framework/src/Illuminate/Support/Str.php:1722)
[stacktrace]
#0 D:/Fork/hypnotoad/backend/vendor/laravel/framework/src/Illuminate/Support/Manager.php(98): Illuminate/Support/Str::studly()
#1 D:/Fork/hypnotoad/backend/vendor/laravel/framework/src/Illuminate/Support/Manager.php(78): Illuminate/Support/Manager->createDriver()
#2 D:/Fork/hypnotoad/backend/vendor/laravel/framework/src/Illuminate/Session/SessionServiceProvider.php(52): Illuminate/Support/Manager->driver()
#3 D:/Fork/hypnotoad/backend/vendor/laravel/framework/src/Illuminate/Container/Container.php(1115): Illuminate/Session/SessionServiceProvider->{closure:Illuminate/Session/SessionServiceProvider::registerSessionDriver():48}()
#4 D:/Fork/hypnotoad/backend/vendor/laravel/framework/src/Illuminate/Container/Container.php(933): Illuminate/Container/Container->build()
#5 D:/Fork/hypnotoad/backend/vendor/laravel/framework/src/Illuminate/Foundation/Application.php(1078): Illuminate/Container/Container->resolve()
#6 D:/Fork/hypnotoad/backend/vendor/laravel/framework/src/Illuminate/Container/Container.php(864): Illuminate/Foundation/Application->resolve()
#7 D:/Fork/hypnotoad/backend/vendor/laravel/framework/src/Illuminate/Foundation/Application.php(1058): Illuminate/Container/Container->make()
#8 D:/Fork/hypnotoad/backend/vendor/laravel/framework/src/Illuminate/Container/Container.php(1805): Illuminate/Foundation/Application->make()
#9 D:/Fork/hypnotoad/backend/vendor/laravel/framework/src/Illuminate/Routing/RoutingServiceProvider.php(121): Illuminate/Container/Container->offsetGet()
#10 D:/Fork/hypnotoad/backend/vendor/laravel/framework/src/Illuminate/Container/Container.php(1115): Illuminate/Routing/RoutingServiceProvider->{closure:Illuminate/Routing/RoutingServiceProvider::registerRedirector():114}()
#11 D:/Fork/hypnotoad/backend/vendor/laravel/framework/src/Illuminate/Container/Container.php(933): Illuminate/Container/Container->build()
#12 D:/Fork/hypnotoad/backend/vendor/laravel/framework/src/Illuminate/Foundation/Application.php(1078): Illuminate/Container/Container->resolve()
#13 D:/Fork/hypnotoad/backend/vendor/laravel/framework/src/Illuminate/Container/Container.php(864): Illuminate/Foundation/Application->resolve()
#14 D:/Fork/hypnotoad/backend/vendor/laravel/framework/src/Illuminate/Foundation/Application.php(1058): Illuminate/Container/Container->make()
#15 D:/Fork/hypnotoad/backend/vendor/laravel/framework/src/Illuminate/Container/Container.php(1805): Illuminate/Foundation/Application->make()
#16 D:/Fork/hypnotoad/backend/vendor/laravel/framework/src/Illuminate/Routing/RoutingServiceProvider.php(177): Illuminate/Container/Container->offsetGet()
#17 D:/Fork/hypnotoad/backend/vendor/laravel/framework/src/Illuminate/Container/Container.php(1115): Illuminate/Routing/RoutingServiceProvider->{closure:Illuminate/Routing/RoutingServiceProvider::registerResponseFactory():176}()
#18 D:/Fork/hypnotoad/backend/vendor/laravel/framework/src/Illuminate/Container/Container.php(933): Illuminate/Container/Container->build()
#19 D:/Fork/hypnotoad/backend/vendor/laravel/framework/src/Illuminate/Foundation/Application.php(1078): Illuminate/Container/Container->resolve()
#20 D:/Fork/hypnotoad/backend/vendor/laravel/framework/src/Illuminate/Container/Container.php(864): Illuminate/Foundation/Application->resolve()
#21 D:/Fork/hypnotoad/backend/vendor/laravel/framework/src/Illuminate/Foundation/Application.php(1058): Illuminate/Container/Container->make()
#22 D:/Fork/hypnotoad/backend/vendor/laravel/framework/src/Illuminate/Foundation/helpers.php(138): Illuminate/Foundation/Application->make()
#23 D:/Fork/hypnotoad/backend/vendor/laravel/framework/src/Illuminate/Foundation/helpers.php(850): app()
#24 D:/Fork/hypnotoad/backend/vendor/laravel/framework/src/Illuminate/Foundation/Exceptions/Handler.php(987): response()
#25 D:/Fork/hypnotoad/backend/vendor/laravel/framework/src/Illuminate/Foundation/Exceptions/Handler.php(839): Illuminate/Foundation/Exceptions/Handler->toIlluminateResponse()
#26 D:/Fork/hypnotoad/backend/vendor/laravel/framework/src/Illuminate/Foundation/Exceptions/Handler.php(738): Illuminate/Foundation/Exceptions/Handler->prepareResponse()
#27 D:/Fork/hypnotoad/backend/vendor/laravel/framework/src/Illuminate/Foundation/Exceptions/Handler.php(626): Illuminate/Foundation/Exceptions/Handler->renderExceptionResponse()
#28 D:/Fork/hypnotoad/backend/vendor/laravel/framework/src/Illuminate/Routing/Pipeline.php(51): Illuminate/Foundation/Exceptions/Handler->render()
#29 D:/Fork/hypnotoad/backend/vendor/laravel/framework/src/Illuminate/Pipeline/Pipeline.php(224): Illuminate/Routing/Pipeline->handleException()
#30 D:/Fork/hypnotoad/backend/vendor/laravel/framework/src/Illuminate/Http/Middleware/TrustProxies.php(58): Illuminate/Pipeline/Pipeline->{closure:{closure:Illuminate/Pipeline/Pipeline::carry():194}:195}()
#31 D:/Fork/hypnotoad/backend/vendor/laravel/framework/src/Illuminate/Pipeline/Pipeline.php(219): Illuminate/Http/Middleware/TrustProxies->handle()
#32 D:/Fork/hypnotoad/backend/vendor/laravel/framework/src/Illuminate/Foundation/Http/Middleware/InvokeDeferredCallbacks.php(22): Illuminate/Pipeline/Pipeline->{closure:{closure:Illuminate/Pipeline/Pipeline::carry():194}:195}()
#33 D:/Fork/hypnotoad/backend/vendor/laravel/framework/src/Illuminate/Pipeline/Pipeline.php(219): Illuminate/Foundation/Http/Middleware/InvokeDeferredCallbacks->handle()
#34 D:/Fork/hypnotoad/backend/vendor/laravel/framework/src/Illuminate/Http/Middleware/ValidatePathEncoding.php(26): Illuminate/Pipeline/Pipeline->{closure:{closure:Illuminate/Pipeline/Pipeline::carry():194}:195}()
#35 D:/Fork/hypnotoad/backend/vendor/laravel/framework/src/Illuminate/Pipeline/Pipeline.php(219): Illuminate/Http/Middleware/ValidatePathEncoding->handle()
#36 D:/Fork/hypnotoad/backend/vendor/laravel/framework/src/Illuminate/Pipeline/Pipeline.php(137): Illuminate/Pipeline/Pipeline->{closure:{closure:Illuminate/Pipeline/Pipeline::carry():194}:195}()
#37 D:/Fork/hypnotoad/backend/vendor/laravel/framework/src/Illuminate/Foundation/Http/Kernel.php(175): Illuminate/Pipeline/Pipeline->then()
#38 D:/Fork/hypnotoad/backend/vendor/laravel/framework/src/Illuminate/Foundation/Http/Kernel.php(144): Illuminate/Foundation/Http/Kernel->sendRequestThroughRouter()
#39 D:/Fork/hypnotoad/backend/public/index.php(16): Illuminate/Foundation/Http/Kernel->handle()
#40 D:/Fork/hypnotoad/backend/vendor/laravel/framework/src/Illuminate/Foundation/resources/server.php(23): require_once('...')
#41 {main}
"} 
[2026-09-28 23:10:51] local.ERROR: Call to undefined function Illuminate\Support\mb_split() {"exception":"[object] (Error(code: 0): Call to undefined function Illuminate\\Support\\mb_split() at D:/Fork/hypnotoad/backend/vendor/laravel/framework/src/Illuminate/Support/Str.php:1722)
[stacktrace]
#0 D:/Fork/hypnotoad/backend/vendor/laravel/framework/src/Illuminate/Support/Manager.php(98): Illuminate/Support/Str::studly()
#1 D:/Fork/hypnotoad/backend/vendor/laravel/framework/src/Illuminate/Support/Manager.php(78): Illuminate/Support/Manager->createDriver()
#2 D:/Fork/hypnotoad/backend/vendor/laravel/framework/src/Illuminate/Session/SessionServiceProvider.php(52): Illuminate/Support/Manager->driver()
#3 D:/Fork/hypnotoad/backend/vendor/laravel/framework/src/Illuminate/Container/Container.php(1115): Illuminate/Session/SessionServiceProvider->{closure:Illuminate/Session/SessionServiceProvider::registerSessionDriver():48}()
#4 D:/Fork/hypnotoad/backend/vendor/laravel/framework/src/Illuminate/Container/Container.php(933): Illuminate/Container/Container->build()
#5 D:/Fork/hypnotoad/backend/vendor/laravel/framework/src/Illuminate/Foundation/Application.php(1078): Illuminate/Container/Container->resolve()
#6 D:/Fork/hypnotoad/backend/vendor/laravel/framework/src/Illuminate/Container/Container.php(864): Illuminate/Foundation/Application->resolve()
#7 D:/Fork/hypnotoad/backend/vendor/laravel/framework/src/Illuminate/Foundation/Application.php(1058): Illuminate/Container/Container->make()
#8 D:/Fork/hypnotoad/backend/vendor/laravel/framework/src/Illuminate/Container/Container.php(1805): Illuminate/Foundation/Application->make()
#9 D:/Fork/hypnotoad/backend/vendor/laravel/framework/src/Illuminate/Routing/RoutingServiceProvider.php(121): Illuminate/Container/Container->offsetGet()
#10 D:/Fork/hypnotoad/backend/vendor/laravel/framework/src/Illuminate/Container/Container.php(1115): Illuminate/Routing/RoutingServiceProvider->{closure:Illuminate/Routing/RoutingServiceProvider::registerRedirector():114}()
#11 D:/Fork/hypnotoad/backend/vendor/laravel/framework/src/Illuminate/Container/Container.php(933): Illuminate/Container/Container->build()
#12 D:/Fork/hypnotoad/backend/vendor/laravel/framework/src/Illuminate/Foundation/Application.php(1078): Illuminate/Container/Container->resolve()
#13 D:/Fork/hypnotoad/backend/vendor/laravel/framework/src/Illuminate/Container/Container.php(864): Illuminate/Foundation/Application->resolve()
#14 D:/Fork/hypnotoad/backend/vendor/laravel/framework/src/Illuminate/Foundation/Application.php(1058): Illuminate/Container/Container->make()
#15 D:/Fork/hypnotoad/backend/vendor/laravel/framework/src/Illuminate/Container/Container.php(1805): Illuminate/Foundation/Application->make()
#16 D:/Fork/hypnotoad/backend/vendor/laravel/framework/src/Illuminate/Routing/RoutingServiceProvider.php(177): Illuminate/Container/Container->offsetGet()
#17 D:/Fork/hypnotoad/backend/vendor/laravel/framework/src/Illuminate/Container/Container.php(1115): Illuminate/Routing/RoutingServiceProvider->{closure:Illuminate/Routing/RoutingServiceProvider::registerResponseFactory():176}()
#18 D:/Fork/hypnotoad/backend/vendor/laravel/framework/src/Illuminate/Container/Container.php(933): Illuminate/Container/Container->build()
#19 D:/Fork/hypnotoad/backend/vendor/laravel/framework/src/Illuminate/Foundation/Application.php(1078): Illuminate/Container/Container->resolve()
#20 D:/Fork/hypnotoad/backend/vendor/laravel/framework/src/Illuminate/Container/Container.php(864): Illuminate/Foundation/Application->resolve()
#21 D:/Fork/hypnotoad/backend/vendor/laravel/framework/src/Illuminate/Foundation/Application.php(1058): Illuminate/Container/Container->make()
#22 D:/Fork/hypnotoad/backend/vendor/laravel/framework/src/Illuminate/Foundation/helpers.php(138): Illuminate/Foundation/Application->make()
#23 D:/Fork/hypnotoad/backend/vendor/laravel/framework/src/Illuminate/Foundation/helpers.php(850): app()
#24 D:/Fork/hypnotoad/backend/vendor/laravel/framework/src/Illuminate/Foundation/Exceptions/Handler.php(987): response()
#25 D:/Fork/hypnotoad/backend/vendor/laravel/framework/src/Illuminate/Foundation/Exceptions/Handler.php(839): Illuminate/Foundation/Exceptions/Handler->toIlluminateResponse()
#26 D:/Fork/hypnotoad/backend/vendor/laravel/framework/src/Illuminate/Foundation/Exceptions/Handler.php(738): Illuminate/Foundation/Exceptions/Handler->prepareResponse()
#27 D:/Fork/hypnotoad/backend/vendor/laravel/framework/src/Illuminate/Foundation/Exceptions/Handler.php(626): Illuminate/Foundation/Exceptions/Handler->renderExceptionResponse()
#28 D:/Fork/hypnotoad/backend/vendor/laravel/framework/src/Illuminate/Routing/Pipeline.php(51): Illuminate/Foundation/Exceptions/Handler->render()
#29 D:/Fork/hypnotoad/backend/vendor/laravel/framework/src/Illuminate/Pipeline/Pipeline.php(224): Illuminate/Routing/Pipeline->handleException()
#30 D:/Fork/hypnotoad/backend/vendor/laravel/framework/src/Illuminate/Foundation/Http/Middleware/InvokeDeferredCallbacks.php(22): Illuminate/Pipeline/Pipeline->{closure:{closure:Illuminate/Pipeline/Pipeline::carry():194}:195}()
#31 D:/Fork/hypnotoad/backend/vendor/laravel/framework/src/Illuminate/Pipeline/Pipeline.php(219): Illuminate/Foundation/Http/Middleware/InvokeDeferredCallbacks->handle()
#32 D:/Fork/hypnotoad/backend/vendor/laravel/framework/src/Illuminate/Http/Middleware/ValidatePathEncoding.php(26): Illuminate/Pipeline/Pipeline->{closure:{closure:Illuminate/Pipeline/Pipeline::carry():194}:195}()
#33 D:/Fork/hypnotoad/backend/vendor/laravel/framework/src/Illuminate/Pipeline/Pipeline.php(219): Illuminate/Http/Middleware/ValidatePathEncoding->handle()
#34 D:/Fork/hypnotoad/backend/vendor/laravel/framework/src/Illuminate/Pipeline/Pipeline.php(137): Illuminate/Pipeline/Pipeline->{closure:{closure:Illuminate/Pipeline/Pipeline::carry():194}:195}()
#35 D:/Fork/hypnotoad/backend/vendor/laravel/framework/src/Illuminate/Foundation/Http/Kernel.php(175): Illuminate/Pipeline/Pipeline->then()
#36 D:/Fork/hypnotoad/backend/vendor/laravel/framework/src/Illuminate/Foundation/Http/Kernel.php(144): Illuminate/Foundation/Http/Kernel->sendRequestThroughRouter()
#37 D:/Fork/hypnotoad/backend/public/index.php(16): Illuminate/Foundation/Http/Kernel->handle()
#38 D:/Fork/hypnotoad/backend/vendor/laravel/framework/src/Illuminate/Foundation/resources/server.php(23): require_once('...')
#39 {main}
"} 
[2026-09-28 23:10:51] local.ERROR: Call to undefined function Illuminate\Support\mb_split() {"exception":"[object] (Error(code: 0): Call to undefined function Illuminate\\Support\\mb_split() at D:/Fork/hypnotoad/backend/vendor/laravel/framework/src/Illuminate/Support/Str.php:1722)
[stacktrace]
#0 D:/Fork/hypnotoad/backend/vendor/laravel/framework/src/Illuminate/Support/Manager.php(98): Illuminate/Support/Str::studly()
#1 D:/Fork/hypnotoad/backend/vendor/laravel/framework/src/Illuminate/Support/Manager.php(78): Illuminate/Support/Manager->createDriver()
#2 D:/Fork/hypnotoad/backend/vendor/laravel/framework/src/Illuminate/Session/SessionServiceProvider.php(52): Illuminate/Support/Manager->driver()
#3 D:/Fork/hypnotoad/backend/vendor/laravel/framework/src/Illuminate/Container/Container.php(1115): Illuminate/Session/SessionServiceProvider->{closure:Illuminate/Session/SessionServiceProvider::registerSessionDriver():48}()
#4 D:/Fork/hypnotoad/backend/vendor/laravel/framework/src/Illuminate/Container/Container.php(933): Illuminate/Container/Container->build()
#5 D:/Fork/hypnotoad/backend/vendor/laravel/framework/src/Illuminate/Foundation/Application.php(1078): Illuminate/Container/Container->resolve()
#6 D:/Fork/hypnotoad/backend/vendor/laravel/framework/src/Illuminate/Container/Container.php(864): Illuminate/Foundation/Application->resolve()
#7 D:/Fork/hypnotoad/backend/vendor/laravel/framework/src/Illuminate/Foundation/Application.php(1058): Illuminate/Container/Container->make()
#8 D:/Fork/hypnotoad/backend/vendor/laravel/framework/src/Illuminate/Container/Container.php(1805): Illuminate/Foundation/Application->make()
#9 D:/Fork/hypnotoad/backend/vendor/laravel/framework/src/Illuminate/Routing/RoutingServiceProvider.php(121): Illuminate/Container/Container->offsetGet()
#10 D:/Fork/hypnotoad/backend/vendor/laravel/framework/src/Illuminate/Container/Container.php(1115): Illuminate/Routing/RoutingServiceProvider->{closure:Illuminate/Routing/RoutingServiceProvider::registerRedirector():114}()
#11 D:/Fork/hypnotoad/backend/vendor/laravel/framework/src/Illuminate/Container/Container.php(933): Illuminate/Container/Container->build()
#12 D:/Fork/hypnotoad/backend/vendor/laravel/framework/src/Illuminate/Foundation/Application.php(1078): Illuminate/Container/Container->resolve()
#13 D:/Fork/hypnotoad/backend/vendor/laravel/framework/src/Illuminate/Container/Container.php(864): Illuminate/Foundation/Application->resolve()
#14 D:/Fork/hypnotoad/backend/vendor/laravel/framework/src/Illuminate/Foundation/Application.php(1058): Illuminate/Container/Container->make()
#15 D:/Fork/hypnotoad/backend/vendor/laravel/framework/src/Illuminate/Container/Container.php(1805): Illuminate/Foundation/Application->make()
#16 D:/Fork/hypnotoad/backend/vendor/laravel/framework/src/Illuminate/Routing/RoutingServiceProvider.php(177): Illuminate/Container/Container->offsetGet()
#17 D:/Fork/hypnotoad/backend/vendor/laravel/framework/src/Illuminate/Container/Container.php(1115): Illuminate/Routing/RoutingServiceProvider->{closure:Illuminate/Routing/RoutingServiceProvider::registerResponseFactory():176}()
#18 D:/Fork/hypnotoad/backend/vendor/laravel/framework/src/Illuminate/Container/Container.php(933): Illuminate/Container/Container->build()
#19 D:/Fork/hypnotoad/backend/vendor/laravel/framework/src/Illuminate/Foundation/Application.php(1078): Illuminate/Container/Container->resolve()
#20 D:/Fork/hypnotoad/backend/vendor/laravel/framework/src/Illuminate/Container/Container.php(864): Illuminate/Foundation/Application->resolve()
#21 D:/Fork/hypnotoad/backend/vendor/laravel/framework/src/Illuminate/Foundation/Application.php(1058): Illuminate/Container/Container->make()
#22 D:/Fork/hypnotoad/backend/vendor/laravel/framework/src/Illuminate/Foundation/helpers.php(138): Illuminate/Foundation/Application->make()
#23 D:/Fork/hypnotoad/backend/vendor/laravel/framework/src/Illuminate/Foundation/helpers.php(850): app()
#24 D:/Fork/hypnotoad/backend/vendor/laravel/framework/src/Illuminate/Foundation/Exceptions/Handler.php(987): response()
#25 D:/Fork/hypnotoad/backend/vendor/laravel/framework/src/Illuminate/Foundation/Exceptions/Handler.php(839): Illuminate/Foundation/Exceptions/Handler->toIlluminateResponse()
#26 D:/Fork/hypnotoad/backend/vendor/laravel/framework/src/Illuminate/Foundation/Exceptions/Handler.php(738): Illuminate/Foundation/Exceptions/Handler->prepareResponse()
#27 D:/Fork/hypnotoad/backend/vendor/laravel/framework/src/Illuminate/Foundation/Exceptions/Handler.php(626): Illuminate/Foundation/Exceptions/Handler->renderExceptionResponse()
#28 D:/Fork/hypnotoad/backend/vendor/laravel/framework/src/Illuminate/Routing/Pipeline.php(51): Illuminate/Foundation/Exceptions/Handler->render()
#29 D:/Fork/hypnotoad/backend/vendor/laravel/framework/src/Illuminate/Pipeline/Pipeline.php(224): Illuminate/Routing/Pipeline->handleException()
#30 D:/Fork/hypnotoad/backend/vendor/laravel/framework/src/Illuminate/Http/Middleware/ValidatePathEncoding.php(26): Illuminate/Pipeline/Pipeline->{closure:{closure:Illuminate/Pipeline/Pipeline::carry():194}:195}()
#31 D:/Fork/hypnotoad/backend/vendor/laravel/framework/src/Illuminate/Pipeline/Pipeline.php(219): Illuminate/Http/Middleware/ValidatePathEncoding->handle()
#32 D:/Fork/hypnotoad/backend/vendor/laravel/framework/src/Illuminate/Pipeline/Pipeline.php(137): Illuminate/Pipeline/Pipeline->{closure:{closure:Illuminate/Pipeline/Pipeline::carry():194}:195}()
#33 D:/Fork/hypnotoad/backend/vendor/laravel/framework/src/Illuminate/Foundation/Http/Kernel.php(175): Illuminate/Pipeline/Pipeline->then()
#34 D:/Fork/hypnotoad/backend/vendor/laravel/framework/src/Illuminate/Foundation/Http/Kernel.php(144): Illuminate/Foundation/Http/Kernel->sendRequestThroughRouter()
#35 D:/Fork/hypnotoad/backend/public/index.php(16): Illuminate/Foundation/Http/Kernel->handle()
#36 D:/Fork/hypnotoad/backend/vendor/laravel/framework/src/Illuminate/Foundation/resources/server.php(23): require_once('...')
#37 {main}
"} 
[2026-09-28 23:10:51] local.ERROR: Call to undefined function Illuminate\Support\mb_split() {"exception":"[object] (Error(code: 0): Call to undefined function Illuminate\\Support\\mb_split() at D:/Fork/hypnotoad/backend/vendor/laravel/framework/src/Illuminate/Support/Str.php:1722)
[stacktrace]
#0 D:/Fork/hypnotoad/backend/vendor/laravel/framework/src/Illuminate/Support/Manager.php(98): Illuminate/Support/Str::studly()
#1 D:/Fork/hypnotoad/backend/vendor/laravel/framework/src/Illuminate/Support/Manager.php(78): Illuminate/Support/Manager->createDriver()
#2 D:/Fork/hypnotoad/backend/vendor/laravel/framework/src/Illuminate/Session/SessionServiceProvider.php(52): Illuminate/Support/Manager->driver()
#3 D:/Fork/hypnotoad/backend/vendor/laravel/framework/src/Illuminate/Container/Container.php(1115): Illuminate/Session/SessionServiceProvider->{closure:Illuminate/Session/SessionServiceProvider::registerSessionDriver():48}()
#4 D:/Fork/hypnotoad/backend/vendor/laravel/framework/src/Illuminate/Container/Container.php(933): Illuminate/Container/Container->build()
#5 D:/Fork/hypnotoad/backend/vendor/laravel/framework/src/Illuminate/Foundation/Application.php(1078): Illuminate/Container/Container->resolve()
#6 D:/Fork/hypnotoad/backend/vendor/laravel/framework/src/Illuminate/Container/Container.php(864): Illuminate/Foundation/Application->resolve()
#7 D:/Fork/hypnotoad/backend/vendor/laravel/framework/src/Illuminate/Foundation/Application.php(1058): Illuminate/Container/Container->make()
#8 D:/Fork/hypnotoad/backend/vendor/laravel/framework/src/Illuminate/Container/Container.php(1805): Illuminate/Foundation/Application->make()
#9 D:/Fork/hypnotoad/backend/vendor/laravel/framework/src/Illuminate/Routing/RoutingServiceProvider.php(121): Illuminate/Container/Container->offsetGet()
#10 D:/Fork/hypnotoad/backend/vendor/laravel/framework/src/Illuminate/Container/Container.php(1115): Illuminate/Routing/RoutingServiceProvider->{closure:Illuminate/Routing/RoutingServiceProvider::registerRedirector():114}()
#11 D:/Fork/hypnotoad/backend/vendor/laravel/framework/src/Illuminate/Container/Container.php(933): Illuminate/Container/Container->build()
#12 D:/Fork/hypnotoad/backend/vendor/laravel/framework/src/Illuminate/Foundation/Application.php(1078): Illuminate/Container/Container->resolve()
#13 D:/Fork/hypnotoad/backend/vendor/laravel/framework/src/Illuminate/Container/Container.php(864): Illuminate/Foundation/Application->resolve()
#14 D:/Fork/hypnotoad/backend/vendor/laravel/framework/src/Illuminate/Foundation/Application.php(1058): Illuminate/Container/Container->make()
#15 D:/Fork/hypnotoad/backend/vendor/laravel/framework/src/Illuminate/Container/Container.php(1805): Illuminate/Foundation/Application->make()
#16 D:/Fork/hypnotoad/backend/vendor/laravel/framework/src/Illuminate/Routing/RoutingServiceProvider.php(177): Illuminate/Container/Container->offsetGet()
#17 D:/Fork/hypnotoad/backend/vendor/laravel/framework/src/Illuminate/Container/Container.php(1115): Illuminate/Routing/RoutingServiceProvider->{closure:Illuminate/Routing/RoutingServiceProvider::registerResponseFactory():176}()
#18 D:/Fork/hypnotoad/backend/vendor/laravel/framework/src/Illuminate/Container/Container.php(933): Illuminate/Container/Container->build()
#19 D:/Fork/hypnotoad/backend/vendor/laravel/framework/src/Illuminate/Foundation/Application.php(1078): Illuminate/Container/Container->resolve()
#20 D:/Fork/hypnotoad/backend/vendor/laravel/framework/src/Illuminate/Container/Container.php(864): Illuminate/Foundation/Application->resolve()
#21 D:/Fork/hypnotoad/backend/vendor/laravel/framework/src/Illuminate/Foundation/Application.php(1058): Illuminate/Container/Container->make()
#22 D:/Fork/hypnotoad/backend/vendor/laravel/framework/src/Illuminate/Foundation/helpers.php(138): Illuminate/Foundation/Application->make()
#23 D:/Fork/hypnotoad/backend/vendor/laravel/framework/src/Illuminate/Foundation/helpers.php(850): app()
#24 D:/Fork/hypnotoad/backend/vendor/laravel/framework/src/Illuminate/Foundation/Exceptions/Handler.php(987): response()
#25 D:/Fork/hypnotoad/backend/vendor/laravel/framework/src/Illuminate/Foundation/Exceptions/Handler.php(839): Illuminate/Foundation/Exceptions/Handler->toIlluminateResponse()
#26 D:/Fork/hypnotoad/backend/vendor/laravel/framework/src/Illuminate/Foundation/Exceptions/Handler.php(738): Illuminate/Foundation/Exceptions/Handler->prepareResponse()
#27 D:/Fork/hypnotoad/backend/vendor/laravel/framework/src/Illuminate/Foundation/Exceptions/Handler.php(626): Illuminate/Foundation/Exceptions/Handler->renderExceptionResponse()
#28 D:/Fork/hypnotoad/backend/vendor/laravel/framework/src/Illuminate/Routing/Pipeline.php(51): Illuminate/Foundation/Exceptions/Handler->render()
#29 D:/Fork/hypnotoad/backend/vendor/laravel/framework/src/Illuminate/Pipeline/Pipeline.php(224): Illuminate/Routing/Pipeline->handleException()
#30 D:/Fork/hypnotoad/backend/vendor/laravel/framework/src/Illuminate/Pipeline/Pipeline.php(137): Illuminate/Pipeline/Pipeline->{closure:{closure:Illuminate/Pipeline/Pipeline::carry():194}:195}()
#31 D:/Fork/hypnotoad/backend/vendor/laravel/framework/src/Illuminate/Foundation/Http/Kernel.php(175): Illuminate/Pipeline/Pipeline->then()
#32 D:/Fork/hypnotoad/backend/vendor/laravel/framework/src/Illuminate/Foundation/Http/Kernel.php(144): Illuminate/Foundation/Http/Kernel->sendRequestThroughRouter()
#33 D:/Fork/hypnotoad/backend/public/index.php(16): Illuminate/Foundation/Http/Kernel->handle()
#34 D:/Fork/hypnotoad/backend/vendor/laravel/framework/src/Illuminate/Foundation/resources/server.php(23): require_once('...')
#35 {main}
"} 
[2026-09-28 23:10:51] local.ERROR: Call to undefined function Illuminate\Support\mb_split() {"exception":"[object] (Error(code: 0): Call to undefined function Illuminate\\Support\\mb_split() at D:/Fork/hypnotoad/backend/vendor/laravel/framework/src/Illuminate/Support/Str.php:1722)
[stacktrace]
#0 D:/Fork/hypnotoad/backend/vendor/laravel/framework/src/Illuminate/Support/Manager.php(98): Illuminate/Support/Str::studly()
#1 D:/Fork/hypnotoad/backend/vendor/laravel/framework/src/Illuminate/Support/Manager.php(78): Illuminate/Support/Manager->createDriver()
#2 D:/Fork/hypnotoad/backend/vendor/laravel/framework/src/Illuminate/Session/SessionServiceProvider.php(52): Illuminate/Support/Manager->driver()
#3 D:/Fork/hypnotoad/backend/vendor/laravel/framework/src/Illuminate/Container/Container.php(1115): Illuminate/Session/SessionServiceProvider->{closure:Illuminate/Session/SessionServiceProvider::registerSessionDriver():48}()
#4 D:/Fork/hypnotoad/backend/vendor/laravel/framework/src/Illuminate/Container/Container.php(933): Illuminate/Container/Container->build()
#5 D:/Fork/hypnotoad/backend/vendor/laravel/framework/src/Illuminate/Foundation/Application.php(1078): Illuminate/Container/Container->resolve()
#6 D:/Fork/hypnotoad/backend/vendor/laravel/framework/src/Illuminate/Container/Container.php(864): Illuminate/Foundation/Application->resolve()
#7 D:/Fork/hypnotoad/backend/vendor/laravel/framework/src/Illuminate/Foundation/Application.php(1058): Illuminate/Container/Container->make()
#8 D:/Fork/hypnotoad/backend/vendor/laravel/framework/src/Illuminate/Container/Container.php(1805): Illuminate/Foundation/Application->make()
#9 D:/Fork/hypnotoad/backend/vendor/laravel/framework/src/Illuminate/Routing/RoutingServiceProvider.php(121): Illuminate/Container/Container->offsetGet()
#10 D:/Fork/hypnotoad/backend/vendor/laravel/framework/src/Illuminate/Container/Container.php(1115): Illuminate/Routing/RoutingServiceProvider->{closure:Illuminate/Routing/RoutingServiceProvider::registerRedirector():114}()
#11 D:/Fork/hypnotoad/backend/vendor/laravel/framework/src/Illuminate/Container/Container.php(933): Illuminate/Container/Container->build()
#12 D:/Fork/hypnotoad/backend/vendor/laravel/framework/src/Illuminate/Foundation/Application.php(1078): Illuminate/Container/Container->resolve()
#13 D:/Fork/hypnotoad/backend/vendor/laravel/framework/src/Illuminate/Container/Container.php(864): Illuminate/Foundation/Application->resolve()
#14 D:/Fork/hypnotoad/backend/vendor/laravel/framework/src/Illuminate/Foundation/Application.php(1058): Illuminate/Container/Container->make()
#15 D:/Fork/hypnotoad/backend/vendor/laravel/framework/src/Illuminate/Container/Container.php(1805): Illuminate/Foundation/Application->make()
#16 D:/Fork/hypnotoad/backend/vendor/laravel/framework/src/Illuminate/Routing/RoutingServiceProvider.php(177): Illuminate/Container/Container->offsetGet()
#17 D:/Fork/hypnotoad/backend/vendor/laravel/framework/src/Illuminate/Container/Container.php(1115): Illuminate/Routing/RoutingServiceProvider->{closure:Illuminate/Routing/RoutingServiceProvider::registerResponseFactory():176}()
#18 D:/Fork/hypnotoad/backend/vendor/laravel/framework/src/Illuminate/Container/Container.php(933): Illuminate/Container/Container->build()
#19 D:/Fork/hypnotoad/backend/vendor/laravel/framework/src/Illuminate/Foundation/Application.php(1078): Illuminate/Container/Container->resolve()
#20 D:/Fork/hypnotoad/backend/vendor/laravel/framework/src/Illuminate/Container/Container.php(864): Illuminate/Foundation/Application->resolve()
#21 D:/Fork/hypnotoad/backend/vendor/laravel/framework/src/Illuminate/Foundation/Application.php(1058): Illuminate/Container/Container->make()
#22 D:/Fork/hypnotoad/backend/vendor/laravel/framework/src/Illuminate/Foundation/helpers.php(138): Illuminate/Foundation/Application->make()
#23 D:/Fork/hypnotoad/backend/vendor/laravel/framework/src/Illuminate/Foundation/helpers.php(850): app()
#24 D:/Fork/hypnotoad/backend/vendor/laravel/framework/src/Illuminate/Foundation/Exceptions/Handler.php(987): response()
#25 D:/Fork/hypnotoad/backend/vendor/laravel/framework/src/Illuminate/Foundation/Exceptions/Handler.php(839): Illuminate/Foundation/Exceptions/Handler->toIlluminateResponse()
#26 D:/Fork/hypnotoad/backend/vendor/laravel/framework/src/Illuminate/Foundation/Exceptions/Handler.php(738): Illuminate/Foundation/Exceptions/Handler->prepareResponse()
#27 D:/Fork/hypnotoad/backend/vendor/laravel/framework/src/Illuminate/Foundation/Exceptions/Handler.php(626): Illuminate/Foundation/Exceptions/Handler->renderExceptionResponse()
#28 D:/Fork/hypnotoad/backend/vendor/laravel/framework/src/Illuminate/Foundation/Http/Kernel.php(574): Illuminate/Foundation/Exceptions/Handler->render()
#29 D:/Fork/hypnotoad/backend/vendor/laravel/framework/src/Illuminate/Foundation/Http/Kernel.php(148): Illuminate/Foundation/Http/Kernel->renderException()
#30 D:/Fork/hypnotoad/backend/public/index.php(16): Illuminate/Foundation/Http/Kernel->handle()
#31 D:/Fork/hypnotoad/backend/vendor/laravel/framework/src/Illuminate/Foundation/resources/server.php(23): require_once('...')
#32 {main}
"} 
[2026-09-28 23:10:52] local.ERROR: Uncaught Error: Call to undefined function Illuminate\Support\mb_split() in D:\Fork\hypnotoad\backend\vendor\laravel\framework\src\Illuminate\Support\Str.php:1722
Stack trace:
#0 D:\Fork\hypnotoad\backend\vendor\laravel\framework\src\Illuminate\Support\Manager.php(98): Illuminate\Support\Str::studly()
#1 D:\Fork\hypnotoad\backend\vendor\laravel\framework\src\Illuminate\Support\Manager.php(78): Illuminate\Support\Manager->createDriver()
#2 D:\Fork\hypnotoad\backend\vendor\laravel\framework\src\Illuminate\Session\SessionServiceProvider.php(52): Illuminate\Support\Manager->driver()
#3 D:\Fork\hypnotoad\backend\vendor\laravel\framework\src\Illuminate\Container\Container.php(1115): Illuminate\Session\SessionServiceProvider->{closure:Illuminate\Session\SessionServiceProvider::registerSessionDriver():48}()
#4 D:\Fork\hypnotoad\backend\vendor\laravel\framework\src\Illuminate\Container\Container.php(933): Illuminate\Container\Container->build()
#5 D:\Fork\hypnotoad\backend\vendor\laravel\framework\src\Illuminate\Foundation\Application.php(1078): Illuminate\Container\Container->resolve()
#6 D:\Fork\hypnotoad\backend\vendor\laravel\framework\src\Illuminate\Container\Container.php(864): Illuminate\Foundation\Application->resolve()
#7 D:\Fork\hypnotoad\backend\vendor\laravel\framework\src\Illuminate\Foundation\Application.php(1058): Illuminate\Container\Container->make()
#8 D:\Fork\hypnotoad\backend\vendor\laravel\framework\src\Illuminate\Container\Container.php(1805): Illuminate\Foundation\Application->make()
#9 D:\Fork\hypnotoad\backend\vendor\laravel\framework\src\Illuminate\Routing\RoutingServiceProvider.php(121): Illuminate\Container\Container->offsetGet()
#10 D:\Fork\hypnotoad\backend\vendor\laravel\framework\src\Illuminate\Container\Container.php(1115): Illuminate\Routing\RoutingServiceProvider->{closure:Illuminate\Routing\RoutingServiceProvider::registerRedirector():114}()
#11 D:\Fork\hypnotoad\backend\vendor\laravel\framework\src\Illuminate\Container\Container.php(933): Illuminate\Container\Container->build()
#12 D:\Fork\hypnotoad\backend\vendor\laravel\framework\src\Illuminate\Foundation\Application.php(1078): Illuminate\Container\Container->resolve()
#13 D:\Fork\hypnotoad\backend\vendor\laravel\framework\src\Illuminate\Container\Container.php(864): Illuminate\Foundation\Application->resolve()
#14 D:\Fork\hypnotoad\backend\vendor\laravel\framework\src\Illuminate\Foundation\Application.php(1058): Illuminate\Container\Container->make()
#15 D:\Fork\hypnotoad\backend\vendor\laravel\framework\src\Illuminate\Container\Container.php(1805): Illuminate\Foundation\Application->make()
#16 D:\Fork\hypnotoad\backend\vendor\laravel\framework\src\Illuminate\Routing\RoutingServiceProvider.php(177): Illuminate\Container\Container->offsetGet()
#17 D:\Fork\hypnotoad\backend\vendor\laravel\framework\src\Illuminate\Container\Container.php(1115): Illuminate\Routing\RoutingServiceProvider->{closure:Illuminate\Routing\RoutingServiceProvider::registerResponseFactory():176}()
#18 D:\Fork\hypnotoad\backend\vendor\laravel\framework\src\Illuminate\Container\Container.php(933): Illuminate\Container\Container->build()
#19 D:\Fork\hypnotoad\backend\vendor\laravel\framework\src\Illuminate\Foundation\Application.php(1078): Illuminate\Container\Container->resolve()
#20 D:\Fork\hypnotoad\backend\vendor\laravel\framework\src\Illuminate\Container\Container.php(864): Illuminate\Foundation\Application->resolve()
#21 D:\Fork\hypnotoad\backend\vendor\laravel\framework\src\Illuminate\Foundation\Application.php(1058): Illuminate\Container\Container->make()
#22 D:\Fork\hypnotoad\backend\vendor\laravel\framework\src\Illuminate\Foundation\helpers.php(138): Illuminate\Foundation\Application->make()
#23 D:\Fork\hypnotoad\backend\vendor\laravel\framework\src\Illuminate\Foundation\helpers.php(850): app()
#24 D:\Fork\hypnotoad\backend\vendor\laravel\framework\src\Illuminate\Foundation\Exceptions\Handler.php(987): response()
#25 D:\Fork\hypnotoad\backend\vendor\laravel\framework\src\Illuminate\Foundation\Exceptions\Handler.php(839): Illuminate\Foundation\Exceptions\Handler->toIlluminateResponse()
#26 D:\Fork\hypnotoad\backend\vendor\laravel\framework\src\Illuminate\Foundation\Exceptions\Handler.php(738): Illuminate\Foundation\Exceptions\Handler->prepareResponse()
#27 D:\Fork\hypnotoad\backend\vendor\laravel\framework\src\Illuminate\Foundation\Exceptions\Handler.php(626): Illuminate\Foundation\Exceptions\Handler->renderExceptionResponse()
#28 D:\Fork\hypnotoad\backend\vendor\laravel\framework\src\Illuminate\Foundation\Bootstrap\HandleExceptions.php(225): Illuminate\Foundation\Exceptions\Handler->render()
#29 D:\Fork\hypnotoad\backend\vendor\laravel\framework\src\Illuminate\Foundation\Bootstrap\HandleExceptions.php(202): Illuminate\Foundation\Bootstrap\HandleExceptions->renderHttpResponse()
#30 D:\Fork\hypnotoad\backend\vendor\laravel\framework\src\Illuminate\Foundation\Bootstrap\HandleExceptions.php(262): Illuminate\Foundation\Bootstrap\HandleExceptions->handleException()
#31 [internal function]: Illuminate\Foundation\Bootstrap\HandleExceptions->{closure:Illuminate\Foundation\Bootstrap\HandleExceptions::forwardsTo():261}()
#32 {main}
  thrown {"exception":"[object] (Symfony\\Component\\ErrorHandler\\Error\\FatalError(code: 0): Uncaught Error: Call to undefined function Illuminate\\Support\\mb_split() in D:\\Fork\\hypnotoad\\backend\\vendor\\laravel\\framework\\src\\Illuminate\\Support\\Str.php:1722
Stack trace:
#0 D:\\Fork\\hypnotoad\\backend\\vendor\\laravel\\framework\\src\\Illuminate\\Support\\Manager.php(98): Illuminate\\Support\\Str::studly()
#1 D:\\Fork\\hypnotoad\\backend\\vendor\\laravel\\framework\\src\\Illuminate\\Support\\Manager.php(78): Illuminate\\Support\\Manager->createDriver()
#2 D:\\Fork\\hypnotoad\\backend\\vendor\\laravel\\framework\\src\\Illuminate\\Session\\SessionServiceProvider.php(52): Illuminate\\Support\\Manager->driver()
#3 D:\\Fork\\hypnotoad\\backend\\vendor\\laravel\\framework\\src\\Illuminate\\Container\\Container.php(1115): Illuminate\\Session\\SessionServiceProvider->{closure:Illuminate\\Session\\SessionServiceProvider::registerSessionDriver():48}()
#4 D:\\Fork\\hypnotoad\\backend\\vendor\\laravel\\framework\\src\\Illuminate\\Container\\Container.php(933): Illuminate\\Container\\Container->build()
#5 D:\\Fork\\hypnotoad\\backend\\vendor\\laravel\\framework\\src\\Illuminate\\Foundation\\Application.php(1078): Illuminate\\Container\\Container->resolve()
#6 D:\\Fork\\hypnotoad\\backend\\vendor\\laravel\\framework\\src\\Illuminate\\Container\\Container.php(864): Illuminate\\Foundation\\Application->resolve()
#7 D:\\Fork\\hypnotoad\\backend\\vendor\\laravel\\framework\\src\\Illuminate\\Foundation\\Application.php(1058): Illuminate\\Container\\Container->make()
#8 D:\\Fork\\hypnotoad\\backend\\vendor\\laravel\\framework\\src\\Illuminate\\Container\\Container.php(1805): Illuminate\\Foundation\\Application->make()
#9 D:\\Fork\\hypnotoad\\backend\\vendor\\laravel\\framework\\src\\Illuminate\\Routing\\RoutingServiceProvider.php(121): Illuminate\\Container\\Container->offsetGet()
#10 D:\\Fork\\hypnotoad\\backend\\vendor\\laravel\\framework\\src\\Illuminate\\Container\\Container.php(1115): Illuminate\\Routing\\RoutingServiceProvider->{closure:Illuminate\\Routing\\RoutingServiceProvider::registerRedirector():114}()
#11 D:\\Fork\\hypnotoad\\backend\\vendor\\laravel\\framework\\src\\Illuminate\\Container\\Container.php(933): Illuminate\\Container\\Container->build()
#12 D:\\Fork\\hypnotoad\\backend\\vendor\\laravel\\framework\\src\\Illuminate\\Foundation\\Application.php(1078): Illuminate\\Container\\Container->resolve()
#13 D:\\Fork\\hypnotoad\\backend\\vendor\\laravel\\framework\\src\\Illuminate\\Container\\Container.php(864): Illuminate\\Foundation\\Application->resolve()
#14 D:\\Fork\\hypnotoad\\backend\\vendor\\laravel\\framework\\src\\Illuminate\\Foundation\\Application.php(1058): Illuminate\\Container\\Container->make()
#15 D:\\Fork\\hypnotoad\\backend\\vendor\\laravel\\framework\\src\\Illuminate\\Container\\Container.php(1805): Illuminate\\Foundation\\Application->make()
#16 D:\\Fork\\hypnotoad\\backend\\vendor\\laravel\\framework\\src\\Illuminate\\Routing\\RoutingServiceProvider.php(177): Illuminate\\Container\\Container->offsetGet()
#17 D:\\Fork\\hypnotoad\\backend\\vendor\\laravel\\framework\\src\\Illuminate\\Container\\Container.php(1115): Illuminate\\Routing\\RoutingServiceProvider->{closure:Illuminate\\Routing\\RoutingServiceProvider::registerResponseFactory():176}()
#18 D:\\Fork\\hypnotoad\\backend\\vendor\\laravel\\framework\\src\\Illuminate\\Container\\Container.php(933): Illuminate\\Container\\Container->build()
#19 D:\\Fork\\hypnotoad\\backend\\vendor\\laravel\\framework\\src\\Illuminate\\Foundation\\Application.php(1078): Illuminate\\Container\\Container->resolve()
#20 D:\\Fork\\hypnotoad\\backend\\vendor\\laravel\\framework\\src\\Illuminate\\Container\\Container.php(864): Illuminate\\Foundation\\Application->resolve()
#21 D:\\Fork\\hypnotoad\\backend\\vendor\\laravel\\framework\\src\\Illuminate\\Foundation\\Application.php(1058): Illuminate\\Container\\Container->make()
#22 D:\\Fork\\hypnotoad\\backend\\vendor\\laravel\\framework\\src\\Illuminate\\Foundation\\helpers.php(138): Illuminate\\Foundation\\Application->make()
#23 D:\\Fork\\hypnotoad\\backend\\vendor\\laravel\\framework\\src\\Illuminate\\Foundation\\helpers.php(850): app()
#24 D:\\Fork\\hypnotoad\\backend\\vendor\\laravel\\framework\\src\\Illuminate\\Foundation\\Exceptions\\Handler.php(987): response()
#25 D:\\Fork\\hypnotoad\\backend\\vendor\\laravel\\framework\\src\\Illuminate\\Foundation\\Exceptions\\Handler.php(839): Illuminate\\Foundation\\Exceptions\\Handler->toIlluminateResponse()
#26 D:\\Fork\\hypnotoad\\backend\\vendor\\laravel\\framework\\src\\Illuminate\\Foundation\\Exceptions\\Handler.php(738): Illuminate\\Foundation\\Exceptions\\Handler->prepareResponse()
#27 D:\\Fork\\hypnotoad\\backend\\vendor\\laravel\\framework\\src\\Illuminate\\Foundation\\Exceptions\\Handler.php(626): Illuminate\\Foundation\\Exceptions\\Handler->renderExceptionResponse()
#28 D:\\Fork\\hypnotoad\\backend\\vendor\\laravel\\framework\\src\\Illuminate\\Foundation\\Bootstrap\\HandleExceptions.php(225): Illuminate\\Foundation\\Exceptions\\Handler->render()
#29 D:\\Fork\\hypnotoad\\backend\\vendor\\laravel\\framework\\src\\Illuminate\\Foundation\\Bootstrap\\HandleExceptions.php(202): Illuminate\\Foundation\\Bootstrap\\HandleExceptions->renderHttpResponse()
#30 D:\\Fork\\hypnotoad\\backend\\vendor\\laravel\\framework\\src\\Illuminate\\Foundation\\Bootstrap\\HandleExceptions.php(262): Illuminate\\Foundation\\Bootstrap\\HandleExceptions->handleException()
#31 [internal function]: Illuminate\\Foundation\\Bootstrap\\HandleExceptions->{closure:Illuminate\\Foundation\\Bootstrap\\HandleExceptions::forwardsTo():261}()
#32 {main}
  thrown at D:/Fork/hypnotoad/backend/vendor/laravel/framework/src/Illuminate/Support/Str.php:1722)
[stacktrace]
#0 {main}
"} 
[2026-09-28 23:10:52] local.ERROR: Call to undefined function Illuminate\Support\mb_split() {"exception":"[object] (Error(code: 0): Call to undefined function Illuminate\\Support\\mb_split() at D:/Fork/hypnotoad/backend/vendor/laravel/framework/src/Illuminate/Support/Str.php:1722)
[stacktrace]
#0 D:/Fork/hypnotoad/backend/vendor/laravel/framework/src/Illuminate/Support/Manager.php(98): Illuminate/Support/Str::studly()
#1 D:/Fork/hypnotoad/backend/vendor/laravel/framework/src/Illuminate/Support/Manager.php(78): Illuminate/Support/Manager->createDriver()
#2 D:/Fork/hypnotoad/backend/vendor/laravel/framework/src/Illuminate/Foundation/Providers/FoundationServiceProvider.php(293): Illuminate/Support/Manager->driver()
#3 D:/Fork/hypnotoad/backend/vendor/laravel/framework/src/Illuminate/Container/Container.php(1115): Illuminate/Foundation/Providers/FoundationServiceProvider->{closure:Illuminate/Foundation/Providers/FoundationServiceProvider::registerMaintenanceModeManager():293}()
#4 D:/Fork/hypnotoad/backend/vendor/laravel/framework/src/Illuminate/Container/Container.php(933): Illuminate/Container/Container->build()
#5 D:/Fork/hypnotoad/backend/vendor/laravel/framework/src/Illuminate/Foundation/Application.php(1078): Illuminate/Container/Container->resolve()
#6 D:/Fork/hypnotoad/backend/vendor/laravel/framework/src/Illuminate/Container/Container.php(864): Illuminate/Foundation/Application->resolve()
#7 D:/Fork/hypnotoad/backend/vendor/laravel/framework/src/Illuminate/Foundation/Application.php(1058): Illuminate/Container/Container->make()
#8 D:/Fork/hypnotoad/backend/vendor/laravel/framework/src/Illuminate/Foundation/Application.php(1410): Illuminate/Foundation/Application->make()
#9 D:/Fork/hypnotoad/backend/vendor/laravel/framework/src/Illuminate/Foundation/Http/Middleware/PreventRequestsDuringMaintenance.php(64): Illuminate/Foundation/Application->maintenanceMode()
#10 D:/Fork/hypnotoad/backend/vendor/laravel/framework/src/Illuminate/Pipeline/Pipeline.php(219): Illuminate/Foundation/Http/Middleware/PreventRequestsDuringMaintenance->handle()
#11 D:/Fork/hypnotoad/backend/vendor/laravel/framework/src/Illuminate/Http/Middleware/HandleCors.php(61): Illuminate/Pipeline/Pipeline->{closure:{closure:Illuminate/Pipeline/Pipeline::carry():194}:195}()
#12 D:/Fork/hypnotoad/backend/vendor/laravel/framework/src/Illuminate/Pipeline/Pipeline.php(219): Illuminate/Http/Middleware/HandleCors->handle()
#13 D:/Fork/hypnotoad/backend/vendor/laravel/framework/src/Illuminate/Http/Middleware/TrustProxies.php(58): Illuminate/Pipeline/Pipeline->{closure:{closure:Illuminate/Pipeline/Pipeline::carry():194}:195}()
#14 D:/Fork/hypnotoad/backend/vendor/laravel/framework/src/Illuminate/Pipeline/Pipeline.php(219): Illuminate/Http/Middleware/TrustProxies->handle()
#15 D:/Fork/hypnotoad/backend/vendor/laravel/framework/src/Illuminate/Foundation/Http/Middleware/InvokeDeferredCallbacks.php(22): Illuminate/Pipeline/Pipeline->{closure:{closure:Illuminate/Pipeline/Pipeline::carry():194}:195}()
#16 D:/Fork/hypnotoad/backend/vendor/laravel/framework/src/Illuminate/Pipeline/Pipeline.php(219): Illuminate/Foundation/Http/Middleware/InvokeDeferredCallbacks->handle()
#17 D:/Fork/hypnotoad/backend/vendor/laravel/framework/src/Illuminate/Http/Middleware/ValidatePathEncoding.php(26): Illuminate/Pipeline/Pipeline->{closure:{closure:Illuminate/Pipeline/Pipeline::carry():194}:195}()
#18 D:/Fork/hypnotoad/backend/vendor/laravel/framework/src/Illuminate/Pipeline/Pipeline.php(219): Illuminate/Http/Middleware/ValidatePathEncoding->handle()
#19 D:/Fork/hypnotoad/backend/vendor/laravel/framework/src/Illuminate/Pipeline/Pipeline.php(137): Illuminate/Pipeline/Pipeline->{closure:{closure:Illuminate/Pipeline/Pipeline::carry():194}:195}()
#20 D:/Fork/hypnotoad/backend/vendor/laravel/framework/src/Illuminate/Foundation/Http/Kernel.php(175): Illuminate/Pipeline/Pipeline->then()
#21 D:/Fork/hypnotoad/backend/vendor/laravel/framework/src/Illuminate/Foundation/Http/Kernel.php(144): Illuminate/Foundation/Http/Kernel->sendRequestThroughRouter()
#22 D:/Fork/hypnotoad/backend/public/index.php(16): Illuminate/Foundation/Http/Kernel->handle()
#23 D:/Fork/hypnotoad/backend/vendor/laravel/framework/src/Illuminate/Foundation/resources/server.php(23): require_once('...')
#24 {main}
"} 
[2026-09-28 23:10:52] local.ERROR: Call to undefined function Illuminate\Support\mb_split() {"exception":"[object] (Error(code: 0): Call to undefined function Illuminate\\Support\\mb_split() at D:/Fork/hypnotoad/backend/vendor/laravel/framework/src/Illuminate/Support/Str.php:1722)
[stacktrace]
#0 D:/Fork/hypnotoad/backend/vendor/laravel/framework/src/Illuminate/Support/Manager.php(98): Illuminate/Support/Str::studly()
#1 D:/Fork/hypnotoad/backend/vendor/laravel/framework/src/Illuminate/Support/Manager.php(78): Illuminate/Support/Manager->createDriver()
#2 D:/Fork/hypnotoad/backend/vendor/laravel/framework/src/Illuminate/Session/SessionServiceProvider.php(52): Illuminate/Support/Manager->driver()
#3 D:/Fork/hypnotoad/backend/vendor/laravel/framework/src/Illuminate/Container/Container.php(1115): Illuminate/Session/SessionServiceProvider->{closure:Illuminate/Session/SessionServiceProvider::registerSessionDriver():48}()
#4 D:/Fork/hypnotoad/backend/vendor/laravel/framework/src/Illuminate/Container/Container.php(933): Illuminate/Container/Container->build()
#5 D:/Fork/hypnotoad/backend/vendor/laravel/framework/src/Illuminate/Foundation/Application.php(1078): Illuminate/Container/Container->resolve()
#6 D:/Fork/hypnotoad/backend/vendor/laravel/framework/src/Illuminate/Container/Container.php(864): Illuminate/Foundation/Application->resolve()
#7 D:/Fork/hypnotoad/backend/vendor/laravel/framework/src/Illuminate/Foundation/Application.php(1058): Illuminate/Container/Container->make()
#8 D:/Fork/hypnotoad/backend/vendor/laravel/framework/src/Illuminate/Container/Container.php(1805): Illuminate/Foundation/Application->make()
#9 D:/Fork/hypnotoad/backend/vendor/laravel/framework/src/Illuminate/Routing/RoutingServiceProvider.php(121): Illuminate/Container/Container->offsetGet()
#10 D:/Fork/hypnotoad/backend/vendor/laravel/framework/src/Illuminate/Container/Container.php(1115): Illuminate/Routing/RoutingServiceProvider->{closure:Illuminate/Routing/RoutingServiceProvider::registerRedirector():114}()
#11 D:/Fork/hypnotoad/backend/vendor/laravel/framework/src/Illuminate/Container/Container.php(933): Illuminate/Container/Container->build()
#12 D:/Fork/hypnotoad/backend/vendor/laravel/framework/src/Illuminate/Foundation/Application.php(1078): Illuminate/Container/Container->resolve()
#13 D:/Fork/hypnotoad/backend/vendor/laravel/framework/src/Illuminate/Container/Container.php(864): Illuminate/Foundation/Application->resolve()
#14 D:/Fork/hypnotoad/backend/vendor/laravel/framework/src/Illuminate/Foundation/Application.php(1058): Illuminate/Container/Container->make()
#15 D:/Fork/hypnotoad/backend/vendor/laravel/framework/src/Illuminate/Container/Container.php(1805): Illuminate/Foundation/Application->make()
#16 D:/Fork/hypnotoad/backend/vendor/laravel/framework/src/Illuminate/Routing/RoutingServiceProvider.php(177): Illuminate/Container/Container->offsetGet()
#17 D:/Fork/hypnotoad/backend/vendor/laravel/framework/src/Illuminate/Container/Container.php(1115): Illuminate/Routing/RoutingServiceProvider->{closure:Illuminate/Routing/RoutingServiceProvider::registerResponseFactory():176}()
#18 D:/Fork/hypnotoad/backend/vendor/laravel/framework/src/Illuminate/Container/Container.php(933): Illuminate/Container/Container->build()
#19 D:/Fork/hypnotoad/backend/vendor/laravel/framework/src/Illuminate/Foundation/Application.php(1078): Illuminate/Container/Container->resolve()
#20 D:/Fork/hypnotoad/backend/vendor/laravel/framework/src/Illuminate/Container/Container.php(864): Illuminate/Foundation/Application->resolve()
#21 D:/Fork/hypnotoad/backend/vendor/laravel/framework/src/Illuminate/Foundation/Application.php(1058): Illuminate/Container/Container->make()
#22 D:/Fork/hypnotoad/backend/vendor/laravel/framework/src/Illuminate/Foundation/helpers.php(138): Illuminate/Foundation/Application->make()
#23 D:/Fork/hypnotoad/backend/vendor/laravel/framework/src/Illuminate/Foundation/helpers.php(850): app()
#24 D:/Fork/hypnotoad/backend/vendor/laravel/framework/src/Illuminate/Foundation/Exceptions/Handler.php(987): response()
#25 D:/Fork/hypnotoad/backend/vendor/laravel/framework/src/Illuminate/Foundation/Exceptions/Handler.php(839): Illuminate/Foundation/Exceptions/Handler->toIlluminateResponse()
#26 D:/Fork/hypnotoad/backend/vendor/laravel/framework/src/Illuminate/Foundation/Exceptions/Handler.php(738): Illuminate/Foundation/Exceptions/Handler->prepareResponse()
#27 D:/Fork/hypnotoad/backend/vendor/laravel/framework/src/Illuminate/Foundation/Exceptions/Handler.php(626): Illuminate/Foundation/Exceptions/Handler->renderExceptionResponse()
#28 D:/Fork/hypnotoad/backend/vendor/laravel/framework/src/Illuminate/Routing/Pipeline.php(51): Illuminate/Foundation/Exceptions/Handler->render()
#29 D:/Fork/hypnotoad/backend/vendor/laravel/framework/src/Illuminate/Pipeline/Pipeline.php(224): Illuminate/Routing/Pipeline->handleException()
#30 D:/Fork/hypnotoad/backend/vendor/laravel/framework/src/Illuminate/Http/Middleware/HandleCors.php(61): Illuminate/Pipeline/Pipeline->{closure:{closure:Illuminate/Pipeline/Pipeline::carry():194}:195}()
#31 D:/Fork/hypnotoad/backend/vendor/laravel/framework/src/Illuminate/Pipeline/Pipeline.php(219): Illuminate/Http/Middleware/HandleCors->handle()
#32 D:/Fork/hypnotoad/backend/vendor/laravel/framework/src/Illuminate/Http/Middleware/TrustProxies.php(58): Illuminate/Pipeline/Pipeline->{closure:{closure:Illuminate/Pipeline/Pipeline::carry():194}:195}()
#33 D:/Fork/hypnotoad/backend/vendor/laravel/framework/src/Illuminate/Pipeline/Pipeline.php(219): Illuminate/Http/Middleware/TrustProxies->handle()
#34 D:/Fork/hypnotoad/backend/vendor/laravel/framework/src/Illuminate/Foundation/Http/Middleware/InvokeDeferredCallbacks.php(22): Illuminate/Pipeline/Pipeline->{closure:{closure:Illuminate/Pipeline/Pipeline::carry():194}:195}()
#35 D:/Fork/hypnotoad/backend/vendor/laravel/framework/src/Illuminate/Pipeline/Pipeline.php(219): Illuminate/Foundation/Http/Middleware/InvokeDeferredCallbacks->handle()
#36 D:/Fork/hypnotoad/backend/vendor/laravel/framework/src/Illuminate/Http/Middleware/ValidatePathEncoding.php(26): Illuminate/Pipeline/Pipeline->{closure:{closure:Illuminate/Pipeline/Pipeline::carry():194}:195}()
#37 D:/Fork/hypnotoad/backend/vendor/laravel/framework/src/Illuminate/Pipeline/Pipeline.php(219): Illuminate/Http/Middleware/ValidatePathEncoding->handle()
#38 D:/Fork/hypnotoad/backend/vendor/laravel/framework/src/Illuminate/Pipeline/Pipeline.php(137): Illuminate/Pipeline/Pipeline->{closure:{closure:Illuminate/Pipeline/Pipeline::carry():194}:195}()
#39 D:/Fork/hypnotoad/backend/vendor/laravel/framework/src/Illuminate/Foundation/Http/Kernel.php(175): Illuminate/Pipeline/Pipeline->then()
#40 D:/Fork/hypnotoad/backend/vendor/laravel/framework/src/Illuminate/Foundation/Http/Kernel.php(144): Illuminate/Foundation/Http/Kernel->sendRequestThroughRouter()
#41 D:/Fork/hypnotoad/backend/public/index.php(16): Illuminate/Foundation/Http/Kernel->handle()
#42 D:/Fork/hypnotoad/backend/vendor/laravel/framework/src/Illuminate/Foundation/resources/server.php(23): require_once('...')
#43 {main}
"} 
[2026-09-28 23:10:52] local.ERROR: Call to undefined function Illuminate\Support\mb_split() {"exception":"[object] (Error(code: 0): Call to undefined function Illuminate\\Support\\mb_split() at D:/Fork/hypnotoad/backend/vendor/laravel/framework/src/Illuminate/Support/Str.php:1722)
[stacktrace]
#0 D:/Fork/hypnotoad/backend/vendor/laravel/framework/src/Illuminate/Support/Manager.php(98): Illuminate/Support/Str::studly()
#1 D:/Fork/hypnotoad/backend/vendor/laravel/framework/src/Illuminate/Support/Manager.php(78): Illuminate/Support/Manager->createDriver()
#2 D:/Fork/hypnotoad/backend/vendor/laravel/framework/src/Illuminate/Session/SessionServiceProvider.php(52): Illuminate/Support/Manager->driver()
#3 D:/Fork/hypnotoad/backend/vendor/laravel/framework/src/Illuminate/Container/Container.php(1115): Illuminate/Session/SessionServiceProvider->{closure:Illuminate/Session/SessionServiceProvider::registerSessionDriver():48}()
#4 D:/Fork/hypnotoad/backend/vendor/laravel/framework/src/Illuminate/Container/Container.php(933): Illuminate/Container/Container->build()
#5 D:/Fork/hypnotoad/backend/vendor/laravel/framework/src/Illuminate/Foundation/Application.php(1078): Illuminate/Container/Container->resolve()
#6 D:/Fork/hypnotoad/backend/vendor/laravel/framework/src/Illuminate/Container/Container.php(864): Illuminate/Foundation/Application->resolve()
#7 D:/Fork/hypnotoad/backend/vendor/laravel/framework/src/Illuminate/Foundation/Application.php(1058): Illuminate/Container/Container->make()
#8 D:/Fork/hypnotoad/backend/vendor/laravel/framework/src/Illuminate/Container/Container.php(1805): Illuminate/Foundation/Application->make()
#9 D:/Fork/hypnotoad/backend/vendor/laravel/framework/src/Illuminate/Routing/RoutingServiceProvider.php(121): Illuminate/Container/Container->offsetGet()
#10 D:/Fork/hypnotoad/backend/vendor/laravel/framework/src/Illuminate/Container/Container.php(1115): Illuminate/Routing/RoutingServiceProvider->{closure:Illuminate/Routing/RoutingServiceProvider::registerRedirector():114}()
#11 D:/Fork/hypnotoad/backend/vendor/laravel/framework/src/Illuminate/Container/Container.php(933): Illuminate/Container/Container->build()
#12 D:/Fork/hypnotoad/backend/vendor/laravel/framework/src/Illuminate/Foundation/Application.php(1078): Illuminate/Container/Container->resolve()
#13 D:/Fork/hypnotoad/backend/vendor/laravel/framework/src/Illuminate/Container/Container.php(864): Illuminate/Foundation/Application->resolve()
#14 D:/Fork/hypnotoad/backend/vendor/laravel/framework/src/Illuminate/Foundation/Application.php(1058): Illuminate/Container/Container->make()
#15 D:/Fork/hypnotoad/backend/vendor/laravel/framework/src/Illuminate/Container/Container.php(1805): Illuminate/Foundation/Application->make()
#16 D:/Fork/hypnotoad/backend/vendor/laravel/framework/src/Illuminate/Routing/RoutingServiceProvider.php(177): Illuminate/Container/Container->offsetGet()
#17 D:/Fork/hypnotoad/backend/vendor/laravel/framework/src/Illuminate/Container/Container.php(1115): Illuminate/Routing/RoutingServiceProvider->{closure:Illuminate/Routing/RoutingServiceProvider::registerResponseFactory():176}()
#18 D:/Fork/hypnotoad/backend/vendor/laravel/framework/src/Illuminate/Container/Container.php(933): Illuminate/Container/Container->build()
#19 D:/Fork/hypnotoad/backend/vendor/laravel/framework/src/Illuminate/Foundation/Application.php(1078): Illuminate/Container/Container->resolve()
#20 D:/Fork/hypnotoad/backend/vendor/laravel/framework/src/Illuminate/Container/Container.php(864): Illuminate/Foundation/Application->resolve()
#21 D:/Fork/hypnotoad/backend/vendor/laravel/framework/src/Illuminate/Foundation/Application.php(1058): Illuminate/Container/Container->make()
#22 D:/Fork/hypnotoad/backend/vendor/laravel/framework/src/Illuminate/Foundation/helpers.php(138): Illuminate/Foundation/Application->make()
#23 D:/Fork/hypnotoad/backend/vendor/laravel/framework/src/Illuminate/Foundation/helpers.php(850): app()
#24 D:/Fork/hypnotoad/backend/vendor/laravel/framework/src/Illuminate/Foundation/Exceptions/Handler.php(987): response()
#25 D:/Fork/hypnotoad/backend/vendor/laravel/framework/src/Illuminate/Foundation/Exceptions/Handler.php(839): Illuminate/Foundation/Exceptions/Handler->toIlluminateResponse()
#26 D:/Fork/hypnotoad/backend/vendor/laravel/framework/src/Illuminate/Foundation/Exceptions/Handler.php(738): Illuminate/Foundation/Exceptions/Handler->prepareResponse()
#27 D:/Fork/hypnotoad/backend/vendor/laravel/framework/src/Illuminate/Foundation/Exceptions/Handler.php(626): Illuminate/Foundation/Exceptions/Handler->renderExceptionResponse()
#28 D:/Fork/hypnotoad/backend/vendor/laravel/framework/src/Illuminate/Routing/Pipeline.php(51): Illuminate/Foundation/Exceptions/Handler->render()
#29 D:/Fork/hypnotoad/backend/vendor/laravel/framework/src/Illuminate/Pipeline/Pipeline.php(224): Illuminate/Routing/Pipeline->handleException()
#30 D:/Fork/hypnotoad/backend/vendor/laravel/framework/src/Illuminate/Http/Middleware/TrustProxies.php(58): Illuminate/Pipeline/Pipeline->{closure:{closure:Illuminate/Pipeline/Pipeline::carry():194}:195}()
#31 D:/Fork/hypnotoad/backend/vendor/laravel/framework/src/Illuminate/Pipeline/Pipeline.php(219): Illuminate/Http/Middleware/TrustProxies->handle()
#32 D:/Fork/hypnotoad/backend/vendor/laravel/framework/src/Illuminate/Foundation/Http/Middleware/InvokeDeferredCallbacks.php(22): Illuminate/Pipeline/Pipeline->{closure:{closure:Illuminate/Pipeline/Pipeline::carry():194}:195}()
#33 D:/Fork/hypnotoad/backend/vendor/laravel/framework/src/Illuminate/Pipeline/Pipeline.php(219): Illuminate/Foundation/Http/Middleware/InvokeDeferredCallbacks->handle()
#34 D:/Fork/hypnotoad/backend/vendor/laravel/framework/src/Illuminate/Http/Middleware/ValidatePathEncoding.php(26): Illuminate/Pipeline/Pipeline->{closure:{closure:Illuminate/Pipeline/Pipeline::carry():194}:195}()
#35 D:/Fork/hypnotoad/backend/vendor/laravel/framework/src/Illuminate/Pipeline/Pipeline.php(219): Illuminate/Http/Middleware/ValidatePathEncoding->handle()
#36 D:/Fork/hypnotoad/backend/vendor/laravel/framework/src/Illuminate/Pipeline/Pipeline.php(137): Illuminate/Pipeline/Pipeline->{closure:{closure:Illuminate/Pipeline/Pipeline::carry():194}:195}()
#37 D:/Fork/hypnotoad/backend/vendor/laravel/framework/src/Illuminate/Foundation/Http/Kernel.php(175): Illuminate/Pipeline/Pipeline->then()
#38 D:/Fork/hypnotoad/backend/vendor/laravel/framework/src/Illuminate/Foundation/Http/Kernel.php(144): Illuminate/Foundation/Http/Kernel->sendRequestThroughRouter()
#39 D:/Fork/hypnotoad/backend/public/index.php(16): Illuminate/Foundation/Http/Kernel->handle()
#40 D:/Fork/hypnotoad/backend/vendor/laravel/framework/src/Illuminate/Foundation/resources/server.php(23): require_once('...')
#41 {main}
"} 
[2026-09-28 23:10:52] local.ERROR: Call to undefined function Illuminate\Support\mb_split() {"exception":"[object] (Error(code: 0): Call to undefined function Illuminate\\Support\\mb_split() at D:/Fork/hypnotoad/backend/vendor/laravel/framework/src/Illuminate/Support/Str.php:1722)
[stacktrace]
#0 D:/Fork/hypnotoad/backend/vendor/laravel/framework/src/Illuminate/Support/Manager.php(98): Illuminate/Support/Str::studly()
#1 D:/Fork/hypnotoad/backend/vendor/laravel/framework/src/Illuminate/Support/Manager.php(78): Illuminate/Support/Manager->createDriver()
#2 D:/Fork/hypnotoad/backend/vendor/laravel/framework/src/Illuminate/Session/SessionServiceProvider.php(52): Illuminate/Support/Manager->driver()
#3 D:/Fork/hypnotoad/backend/vendor/laravel/framework/src/Illuminate/Container/Container.php(1115): Illuminate/Session/SessionServiceProvider->{closure:Illuminate/Session/SessionServiceProvider::registerSessionDriver():48}()
#4 D:/Fork/hypnotoad/backend/vendor/laravel/framework/src/Illuminate/Container/Container.php(933): Illuminate/Container/Container->build()
#5 D:/Fork/hypnotoad/backend/vendor/laravel/framework/src/Illuminate/Foundation/Application.php(1078): Illuminate/Container/Container->resolve()
#6 D:/Fork/hypnotoad/backend/vendor/laravel/framework/src/Illuminate/Container/Container.php(864): Illuminate/Foundation/Application->resolve()
#7 D:/Fork/hypnotoad/backend/vendor/laravel/framework/src/Illuminate/Foundation/Application.php(1058): Illuminate/Container/Container->make()
#8 D:/Fork/hypnotoad/backend/vendor/laravel/framework/src/Illuminate/Container/Container.php(1805): Illuminate/Foundation/Application->make()
#9 D:/Fork/hypnotoad/backend/vendor/laravel/framework/src/Illuminate/Routing/RoutingServiceProvider.php(121): Illuminate/Container/Container->offsetGet()
#10 D:/Fork/hypnotoad/backend/vendor/laravel/framework/src/Illuminate/Container/Container.php(1115): Illuminate/Routing/RoutingServiceProvider->{closure:Illuminate/Routing/RoutingServiceProvider::registerRedirector():114}()
#11 D:/Fork/hypnotoad/backend/vendor/laravel/framework/src/Illuminate/Container/Container.php(933): Illuminate/Container/Container->build()
#12 D:/Fork/hypnotoad/backend/vendor/laravel/framework/src/Illuminate/Foundation/Application.php(1078): Illuminate/Container/Container->resolve()
#13 D:/Fork/hypnotoad/backend/vendor/laravel/framework/src/Illuminate/Container/Container.php(864): Illuminate/Foundation/Application->resolve()
#14 D:/Fork/hypnotoad/backend/vendor/laravel/framework/src/Illuminate/Foundation/Application.php(1058): Illuminate/Container/Container->make()
#15 D:/Fork/hypnotoad/backend/vendor/laravel/framework/src/Illuminate/Container/Container.php(1805): Illuminate/Foundation/Application->make()
#16 D:/Fork/hypnotoad/backend/vendor/laravel/framework/src/Illuminate/Routing/RoutingServiceProvider.php(177): Illuminate/Container/Container->offsetGet()
#17 D:/Fork/hypnotoad/backend/vendor/laravel/framework/src/Illuminate/Container/Container.php(1115): Illuminate/Routing/RoutingServiceProvider->{closure:Illuminate/Routing/RoutingServiceProvider::registerResponseFactory():176}()
#18 D:/Fork/hypnotoad/backend/vendor/laravel/framework/src/Illuminate/Container/Container.php(933): Illuminate/Container/Container->build()
#19 D:/Fork/hypnotoad/backend/vendor/laravel/framework/src/Illuminate/Foundation/Application.php(1078): Illuminate/Container/Container->resolve()
#20 D:/Fork/hypnotoad/backend/vendor/laravel/framework/src/Illuminate/Container/Container.php(864): Illuminate/Foundation/Application->resolve()
#21 D:/Fork/hypnotoad/backend/vendor/laravel/framework/src/Illuminate/Foundation/Application.php(1058): Illuminate/Container/Container->make()
#22 D:/Fork/hypnotoad/backend/vendor/laravel/framework/src/Illuminate/Foundation/helpers.php(138): Illuminate/Foundation/Application->make()
#23 D:/Fork/hypnotoad/backend/vendor/laravel/framework/src/Illuminate/Foundation/helpers.php(850): app()
#24 D:/Fork/hypnotoad/backend/vendor/laravel/framework/src/Illuminate/Foundation/Exceptions/Handler.php(987): response()
#25 D:/Fork/hypnotoad/backend/vendor/laravel/framework/src/Illuminate/Foundation/Exceptions/Handler.php(839): Illuminate/Foundation/Exceptions/Handler->toIlluminateResponse()
#26 D:/Fork/hypnotoad/backend/vendor/laravel/framework/src/Illuminate/Foundation/Exceptions/Handler.php(738): Illuminate/Foundation/Exceptions/Handler->prepareResponse()
#27 D:/Fork/hypnotoad/backend/vendor/laravel/framework/src/Illuminate/Foundation/Exceptions/Handler.php(626): Illuminate/Foundation/Exceptions/Handler->renderExceptionResponse()
#28 D:/Fork/hypnotoad/backend/vendor/laravel/framework/src/Illuminate/Routing/Pipeline.php(51): Illuminate/Foundation/Exceptions/Handler->render()
#29 D:/Fork/hypnotoad/backend/vendor/laravel/framework/src/Illuminate/Pipeline/Pipeline.php(224): Illuminate/Routing/Pipeline->handleException()
#30 D:/Fork/hypnotoad/backend/vendor/laravel/framework/src/Illuminate/Foundation/Http/Middleware/InvokeDeferredCallbacks.php(22): Illuminate/Pipeline/Pipeline->{closure:{closure:Illuminate/Pipeline/Pipeline::carry():194}:195}()
#31 D:/Fork/hypnotoad/backend/vendor/laravel/framework/src/Illuminate/Pipeline/Pipeline.php(219): Illuminate/Foundation/Http/Middleware/InvokeDeferredCallbacks->handle()
#32 D:/Fork/hypnotoad/backend/vendor/laravel/framework/src/Illuminate/Http/Middleware/ValidatePathEncoding.php(26): Illuminate/Pipeline/Pipeline->{closure:{closure:Illuminate/Pipeline/Pipeline::carry():194}:195}()
#33 D:/Fork/hypnotoad/backend/vendor/laravel/framework/src/Illuminate/Pipeline/Pipeline.php(219): Illuminate/Http/Middleware/ValidatePathEncoding->handle()
#34 D:/Fork/hypnotoad/backend/vendor/laravel/framework/src/Illuminate/Pipeline/Pipeline.php(137): Illuminate/Pipeline/Pipeline->{closure:{closure:Illuminate/Pipeline/Pipeline::carry():194}:195}()
#35 D:/Fork/hypnotoad/backend/vendor/laravel/framework/src/Illuminate/Foundation/Http/Kernel.php(175): Illuminate/Pipeline/Pipeline->then()
#36 D:/Fork/hypnotoad/backend/vendor/laravel/framework/src/Illuminate/Foundation/Http/Kernel.php(144): Illuminate/Foundation/Http/Kernel->sendRequestThroughRouter()
#37 D:/Fork/hypnotoad/backend/public/index.php(16): Illuminate/Foundation/Http/Kernel->handle()
#38 D:/Fork/hypnotoad/backend/vendor/laravel/framework/src/Illuminate/Foundation/resources/server.php(23): require_once('...')
#39 {main}
"} 
[2026-09-28 23:10:52] local.ERROR: Call to undefined function Illuminate\Support\mb_split() {"exception":"[object] (Error(code: 0): Call to undefined function Illuminate\\Support\\mb_split() at D:/Fork/hypnotoad/backend/vendor/laravel/framework/src/Illuminate/Support/Str.php:1722)
[stacktrace]
#0 D:/Fork/hypnotoad/backend/vendor/laravel/framework/src/Illuminate/Support/Manager.php(98): Illuminate/Support/Str::studly()
#1 D:/Fork/hypnotoad/backend/vendor/laravel/framework/src/Illuminate/Support/Manager.php(78): Illuminate/Support/Manager->createDriver()
#2 D:/Fork/hypnotoad/backend/vendor/laravel/framework/src/Illuminate/Session/SessionServiceProvider.php(52): Illuminate/Support/Manager->driver()
#3 D:/Fork/hypnotoad/backend/vendor/laravel/framework/src/Illuminate/Container/Container.php(1115): Illuminate/Session/SessionServiceProvider->{closure:Illuminate/Session/SessionServiceProvider::registerSessionDriver():48}()
#4 D:/Fork/hypnotoad/backend/vendor/laravel/framework/src/Illuminate/Container/Container.php(933): Illuminate/Container/Container->build()
#5 D:/Fork/hypnotoad/backend/vendor/laravel/framework/src/Illuminate/Foundation/Application.php(1078): Illuminate/Container/Container->resolve()
#6 D:/Fork/hypnotoad/backend/vendor/laravel/framework/src/Illuminate/Container/Container.php(864): Illuminate/Foundation/Application->resolve()
#7 D:/Fork/hypnotoad/backend/vendor/laravel/framework/src/Illuminate/Foundation/Application.php(1058): Illuminate/Container/Container->make()
#8 D:/Fork/hypnotoad/backend/vendor/laravel/framework/src/Illuminate/Container/Container.php(1805): Illuminate/Foundation/Application->make()
#9 D:/Fork/hypnotoad/backend/vendor/laravel/framework/src/Illuminate/Routing/RoutingServiceProvider.php(121): Illuminate/Container/Container->offsetGet()
#10 D:/Fork/hypnotoad/backend/vendor/laravel/framework/src/Illuminate/Container/Container.php(1115): Illuminate/Routing/RoutingServiceProvider->{closure:Illuminate/Routing/RoutingServiceProvider::registerRedirector():114}()
#11 D:/Fork/hypnotoad/backend/vendor/laravel/framework/src/Illuminate/Container/Container.php(933): Illuminate/Container/Container->build()
#12 D:/Fork/hypnotoad/backend/vendor/laravel/framework/src/Illuminate/Foundation/Application.php(1078): Illuminate/Container/Container->resolve()
#13 D:/Fork/hypnotoad/backend/vendor/laravel/framework/src/Illuminate/Container/Container.php(864): Illuminate/Foundation/Application->resolve()
#14 D:/Fork/hypnotoad/backend/vendor/laravel/framework/src/Illuminate/Foundation/Application.php(1058): Illuminate/Container/Container->make()
#15 D:/Fork/hypnotoad/backend/vendor/laravel/framework/src/Illuminate/Container/Container.php(1805): Illuminate/Foundation/Application->make()
#16 D:/Fork/hypnotoad/backend/vendor/laravel/framework/src/Illuminate/Routing/RoutingServiceProvider.php(177): Illuminate/Container/Container->offsetGet()
#17 D:/Fork/hypnotoad/backend/vendor/laravel/framework/src/Illuminate/Container/Container.php(1115): Illuminate/Routing/RoutingServiceProvider->{closure:Illuminate/Routing/RoutingServiceProvider::registerResponseFactory():176}()
#18 D:/Fork/hypnotoad/backend/vendor/laravel/framework/src/Illuminate/Container/Container.php(933): Illuminate/Container/Container->build()
#19 D:/Fork/hypnotoad/backend/vendor/laravel/framework/src/Illuminate/Foundation/Application.php(1078): Illuminate/Container/Container->resolve()
#20 D:/Fork/hypnotoad/backend/vendor/laravel/framework/src/Illuminate/Container/Container.php(864): Illuminate/Foundation/Application->resolve()
#21 D:/Fork/hypnotoad/backend/vendor/laravel/framework/src/Illuminate/Foundation/Application.php(1058): Illuminate/Container/Container->make()
#22 D:/Fork/hypnotoad/backend/vendor/laravel/framework/src/Illuminate/Foundation/helpers.php(138): Illuminate/Foundation/Application->make()
#23 D:/Fork/hypnotoad/backend/vendor/laravel/framework/src/Illuminate/Foundation/helpers.php(850): app()
#24 D:/Fork/hypnotoad/backend/vendor/laravel/framework/src/Illuminate/Foundation/Exceptions/Handler.php(987): response()
#25 D:/Fork/hypnotoad/backend/vendor/laravel/framework/src/Illuminate/Foundation/Exceptions/Handler.php(839): Illuminate/Foundation/Exceptions/Handler->toIlluminateResponse()
#26 D:/Fork/hypnotoad/backend/vendor/laravel/framework/src/Illuminate/Foundation/Exceptions/Handler.php(738): Illuminate/Foundation/Exceptions/Handler->prepareResponse()
#27 D:/Fork/hypnotoad/backend/vendor/laravel/framework/src/Illuminate/Foundation/Exceptions/Handler.php(626): Illuminate/Foundation/Exceptions/Handler->renderExceptionResponse()
#28 D:/Fork/hypnotoad/backend/vendor/laravel/framework/src/Illuminate/Routing/Pipeline.php(51): Illuminate/Foundation/Exceptions/Handler->render()
#29 D:/Fork/hypnotoad/backend/vendor/laravel/framework/src/Illuminate/Pipeline/Pipeline.php(224): Illuminate/Routing/Pipeline->handleException()
#30 D:/Fork/hypnotoad/backend/vendor/laravel/framework/src/Illuminate/Http/Middleware/ValidatePathEncoding.php(26): Illuminate/Pipeline/Pipeline->{closure:{closure:Illuminate/Pipeline/Pipeline::carry():194}:195}()
#31 D:/Fork/hypnotoad/backend/vendor/laravel/framework/src/Illuminate/Pipeline/Pipeline.php(219): Illuminate/Http/Middleware/ValidatePathEncoding->handle()
#32 D:/Fork/hypnotoad/backend/vendor/laravel/framework/src/Illuminate/Pipeline/Pipeline.php(137): Illuminate/Pipeline/Pipeline->{closure:{closure:Illuminate/Pipeline/Pipeline::carry():194}:195}()
#33 D:/Fork/hypnotoad/backend/vendor/laravel/framework/src/Illuminate/Foundation/Http/Kernel.php(175): Illuminate/Pipeline/Pipeline->then()
#34 D:/Fork/hypnotoad/backend/vendor/laravel/framework/src/Illuminate/Foundation/Http/Kernel.php(144): Illuminate/Foundation/Http/Kernel->sendRequestThroughRouter()
#35 D:/Fork/hypnotoad/backend/public/index.php(16): Illuminate/Foundation/Http/Kernel->handle()
#36 D:/Fork/hypnotoad/backend/vendor/laravel/framework/src/Illuminate/Foundation/resources/server.php(23): require_once('...')
#37 {main}
"} 
[2026-09-28 23:10:53] local.ERROR: Call to undefined function Illuminate\Support\mb_split() {"exception":"[object] (Error(code: 0): Call to undefined function Illuminate\\Support\\mb_split() at D:/Fork/hypnotoad/backend/vendor/laravel/framework/src/Illuminate/Support/Str.php:1722)
[stacktrace]
#0 D:/Fork/hypnotoad/backend/vendor/laravel/framework/src/Illuminate/Support/Manager.php(98): Illuminate/Support/Str::studly()
#1 D:/Fork/hypnotoad/backend/vendor/laravel/framework/src/Illuminate/Support/Manager.php(78): Illuminate/Support/Manager->createDriver()
#2 D:/Fork/hypnotoad/backend/vendor/laravel/framework/src/Illuminate/Session/SessionServiceProvider.php(52): Illuminate/Support/Manager->driver()
#3 D:/Fork/hypnotoad/backend/vendor/laravel/framework/src/Illuminate/Container/Container.php(1115): Illuminate/Session/SessionServiceProvider->{closure:Illuminate/Session/SessionServiceProvider::registerSessionDriver():48}()
#4 D:/Fork/hypnotoad/backend/vendor/laravel/framework/src/Illuminate/Container/Container.php(933): Illuminate/Container/Container->build()
#5 D:/Fork/hypnotoad/backend/vendor/laravel/framework/src/Illuminate/Foundation/Application.php(1078): Illuminate/Container/Container->resolve()
#6 D:/Fork/hypnotoad/backend/vendor/laravel/framework/src/Illuminate/Container/Container.php(864): Illuminate/Foundation/Application->resolve()
#7 D:/Fork/hypnotoad/backend/vendor/laravel/framework/src/Illuminate/Foundation/Application.php(1058): Illuminate/Container/Container->make()
#8 D:/Fork/hypnotoad/backend/vendor/laravel/framework/src/Illuminate/Container/Container.php(1805): Illuminate/Foundation/Application->make()
#9 D:/Fork/hypnotoad/backend/vendor/laravel/framework/src/Illuminate/Routing/RoutingServiceProvider.php(121): Illuminate/Container/Container->offsetGet()
#10 D:/Fork/hypnotoad/backend/vendor/laravel/framework/src/Illuminate/Container/Container.php(1115): Illuminate/Routing/RoutingServiceProvider->{closure:Illuminate/Routing/RoutingServiceProvider::registerRedirector():114}()
#11 D:/Fork/hypnotoad/backend/vendor/laravel/framework/src/Illuminate/Container/Container.php(933): Illuminate/Container/Container->build()
#12 D:/Fork/hypnotoad/backend/vendor/laravel/framework/src/Illuminate/Foundation/Application.php(1078): Illuminate/Container/Container->resolve()
#13 D:/Fork/hypnotoad/backend/vendor/laravel/framework/src/Illuminate/Container/Container.php(864): Illuminate/Foundation/Application->resolve()
#14 D:/Fork/hypnotoad/backend/vendor/laravel/framework/src/Illuminate/Foundation/Application.php(1058): Illuminate/Container/Container->make()
#15 D:/Fork/hypnotoad/backend/vendor/laravel/framework/src/Illuminate/Container/Container.php(1805): Illuminate/Foundation/Application->make()
#16 D:/Fork/hypnotoad/backend/vendor/laravel/framework/src/Illuminate/Routing/RoutingServiceProvider.php(177): Illuminate/Container/Container->offsetGet()
#17 D:/Fork/hypnotoad/backend/vendor/laravel/framework/src/Illuminate/Container/Container.php(1115): Illuminate/Routing/RoutingServiceProvider->{closure:Illuminate/Routing/RoutingServiceProvider::registerResponseFactory():176}()
#18 D:/Fork/hypnotoad/backend/vendor/laravel/framework/src/Illuminate/Container/Container.php(933): Illuminate/Container/Container->build()
#19 D:/Fork/hypnotoad/backend/vendor/laravel/framework/src/Illuminate/Foundation/Application.php(1078): Illuminate/Container/Container->resolve()
#20 D:/Fork/hypnotoad/backend/vendor/laravel/framework/src/Illuminate/Container/Container.php(864): Illuminate/Foundation/Application->resolve()
#21 D:/Fork/hypnotoad/backend/vendor/laravel/framework/src/Illuminate/Foundation/Application.php(1058): Illuminate/Container/Container->make()
#22 D:/Fork/hypnotoad/backend/vendor/laravel/framework/src/Illuminate/Foundation/helpers.php(138): Illuminate/Foundation/Application->make()
#23 D:/Fork/hypnotoad/backend/vendor/laravel/framework/src/Illuminate/Foundation/helpers.php(850): app()
#24 D:/Fork/hypnotoad/backend/vendor/laravel/framework/src/Illuminate/Foundation/Exceptions/Handler.php(987): response()
#25 D:/Fork/hypnotoad/backend/vendor/laravel/framework/src/Illuminate/Foundation/Exceptions/Handler.php(839): Illuminate/Foundation/Exceptions/Handler->toIlluminateResponse()
#26 D:/Fork/hypnotoad/backend/vendor/laravel/framework/src/Illuminate/Foundation/Exceptions/Handler.php(738): Illuminate/Foundation/Exceptions/Handler->prepareResponse()
#27 D:/Fork/hypnotoad/backend/vendor/laravel/framework/src/Illuminate/Foundation/Exceptions/Handler.php(626): Illuminate/Foundation/Exceptions/Handler->renderExceptionResponse()
#28 D:/Fork/hypnotoad/backend/vendor/laravel/framework/src/Illuminate/Routing/Pipeline.php(51): Illuminate/Foundation/Exceptions/Handler->render()
#29 D:/Fork/hypnotoad/backend/vendor/laravel/framework/src/Illuminate/Pipeline/Pipeline.php(224): Illuminate/Routing/Pipeline->handleException()
#30 D:/Fork/hypnotoad/backend/vendor/laravel/framework/src/Illuminate/Pipeline/Pipeline.php(137): Illuminate/Pipeline/Pipeline->{closure:{closure:Illuminate/Pipeline/Pipeline::carry():194}:195}()
#31 D:/Fork/hypnotoad/backend/vendor/laravel/framework/src/Illuminate/Foundation/Http/Kernel.php(175): Illuminate/Pipeline/Pipeline->then()
#32 D:/Fork/hypnotoad/backend/vendor/laravel/framework/src/Illuminate/Foundation/Http/Kernel.php(144): Illuminate/Foundation/Http/Kernel->sendRequestThroughRouter()
#33 D:/Fork/hypnotoad/backend/public/index.php(16): Illuminate/Foundation/Http/Kernel->handle()
#34 D:/Fork/hypnotoad/backend/vendor/laravel/framework/src/Illuminate/Foundation/resources/server.php(23): require_once('...')
#35 {main}
"} 
[2026-09-28 23:10:53] local.ERROR: Call to undefined function Illuminate\Support\mb_split() {"exception":"[object] (Error(code: 0): Call to undefined function Illuminate\\Support\\mb_split() at D:/Fork/hypnotoad/backend/vendor/laravel/framework/src/Illuminate/Support/Str.php:1722)
[stacktrace]
#0 D:/Fork/hypnotoad/backend/vendor/laravel/framework/src/Illuminate/Support/Manager.php(98): Illuminate/Support/Str::studly()
#1 D:/Fork/hypnotoad/backend/vendor/laravel/framework/src/Illuminate/Support/Manager.php(78): Illuminate/Support/Manager->createDriver()
#2 D:/Fork/hypnotoad/backend/vendor/laravel/framework/src/Illuminate/Session/SessionServiceProvider.php(52): Illuminate/Support/Manager->driver()
#3 D:/Fork/hypnotoad/backend/vendor/laravel/framework/src/Illuminate/Container/Container.php(1115): Illuminate/Session/SessionServiceProvider->{closure:Illuminate/Session/SessionServiceProvider::registerSessionDriver():48}()
#4 D:/Fork/hypnotoad/backend/vendor/laravel/framework/src/Illuminate/Container/Container.php(933): Illuminate/Container/Container->build()
#5 D:/Fork/hypnotoad/backend/vendor/laravel/framework/src/Illuminate/Foundation/Application.php(1078): Illuminate/Container/Container->resolve()
#6 D:/Fork/hypnotoad/backend/vendor/laravel/framework/src/Illuminate/Container/Container.php(864): Illuminate/Foundation/Application->resolve()
#7 D:/Fork/hypnotoad/backend/vendor/laravel/framework/src/Illuminate/Foundation/Application.php(1058): Illuminate/Container/Container->make()
#8 D:/Fork/hypnotoad/backend/vendor/laravel/framework/src/Illuminate/Container/Container.php(1805): Illuminate/Foundation/Application->make()
#9 D:/Fork/hypnotoad/backend/vendor/laravel/framework/src/Illuminate/Routing/RoutingServiceProvider.php(121): Illuminate/Container/Container->offsetGet()
#10 D:/Fork/hypnotoad/backend/vendor/laravel/framework/src/Illuminate/Container/Container.php(1115): Illuminate/Routing/RoutingServiceProvider->{closure:Illuminate/Routing/RoutingServiceProvider::registerRedirector():114}()
#11 D:/Fork/hypnotoad/backend/vendor/laravel/framework/src/Illuminate/Container/Container.php(933): Illuminate/Container/Container->build()
#12 D:/Fork/hypnotoad/backend/vendor/laravel/framework/src/Illuminate/Foundation/Application.php(1078): Illuminate/Container/Container->resolve()
#13 D:/Fork/hypnotoad/backend/vendor/laravel/framework/src/Illuminate/Container/Container.php(864): Illuminate/Foundation/Application->resolve()
#14 D:/Fork/hypnotoad/backend/vendor/laravel/framework/src/Illuminate/Foundation/Application.php(1058): Illuminate/Container/Container->make()
#15 D:/Fork/hypnotoad/backend/vendor/laravel/framework/src/Illuminate/Container/Container.php(1805): Illuminate/Foundation/Application->make()
#16 D:/Fork/hypnotoad/backend/vendor/laravel/framework/src/Illuminate/Routing/RoutingServiceProvider.php(177): Illuminate/Container/Container->offsetGet()
#17 D:/Fork/hypnotoad/backend/vendor/laravel/framework/src/Illuminate/Container/Container.php(1115): Illuminate/Routing/RoutingServiceProvider->{closure:Illuminate/Routing/RoutingServiceProvider::registerResponseFactory():176}()
#18 D:/Fork/hypnotoad/backend/vendor/laravel/framework/src/Illuminate/Container/Container.php(933): Illuminate/Container/Container->build()
#19 D:/Fork/hypnotoad/backend/vendor/laravel/framework/src/Illuminate/Foundation/Application.php(1078): Illuminate/Container/Container->resolve()
#20 D:/Fork/hypnotoad/backend/vendor/laravel/framework/src/Illuminate/Container/Container.php(864): Illuminate/Foundation/Application->resolve()
#21 D:/Fork/hypnotoad/backend/vendor/laravel/framework/src/Illuminate/Foundation/Application.php(1058): Illuminate/Container/Container->make()
#22 D:/Fork/hypnotoad/backend/vendor/laravel/framework/src/Illuminate/Foundation/helpers.php(138): Illuminate/Foundation/Application->make()
#23 D:/Fork/hypnotoad/backend/vendor/laravel/framework/src/Illuminate/Foundation/helpers.php(850): app()
#24 D:/Fork/hypnotoad/backend/vendor/laravel/framework/src/Illuminate/Foundation/Exceptions/Handler.php(987): response()
#25 D:/Fork/hypnotoad/backend/vendor/laravel/framework/src/Illuminate/Foundation/Exceptions/Handler.php(839): Illuminate/Foundation/Exceptions/Handler->toIlluminateResponse()
#26 D:/Fork/hypnotoad/backend/vendor/laravel/framework/src/Illuminate/Foundation/Exceptions/Handler.php(738): Illuminate/Foundation/Exceptions/Handler->prepareResponse()
#27 D:/Fork/hypnotoad/backend/vendor/laravel/framework/src/Illuminate/Foundation/Exceptions/Handler.php(626): Illuminate/Foundation/Exceptions/Handler->renderExceptionResponse()
#28 D:/Fork/hypnotoad/backend/vendor/laravel/framework/src/Illuminate/Foundation/Http/Kernel.php(574): Illuminate/Foundation/Exceptions/Handler->render()
#29 D:/Fork/hypnotoad/backend/vendor/laravel/framework/src/Illuminate/Foundation/Http/Kernel.php(148): Illuminate/Foundation/Http/Kernel->renderException()
#30 D:/Fork/hypnotoad/backend/public/index.php(16): Illuminate/Foundation/Http/Kernel->handle()
#31 D:/Fork/hypnotoad/backend/vendor/laravel/framework/src/Illuminate/Foundation/resources/server.php(23): require_once('...')
#32 {main}
"} 
[2026-09-28 23:10:53] local.ERROR: Uncaught Error: Call to undefined function Illuminate\Support\mb_split() in D:\Fork\hypnotoad\backend\vendor\laravel\framework\src\Illuminate\Support\Str.php:1722
Stack trace:
#0 D:\Fork\hypnotoad\backend\vendor\laravel\framework\src\Illuminate\Support\Manager.php(98): Illuminate\Support\Str::studly()
#1 D:\Fork\hypnotoad\backend\vendor\laravel\framework\src\Illuminate\Support\Manager.php(78): Illuminate\Support\Manager->createDriver()
#2 D:\Fork\hypnotoad\backend\vendor\laravel\framework\src\Illuminate\Session\SessionServiceProvider.php(52): Illuminate\Support\Manager->driver()
#3 D:\Fork\hypnotoad\backend\vendor\laravel\framework\src\Illuminate\Container\Container.php(1115): Illuminate\Session\SessionServiceProvider->{closure:Illuminate\Session\SessionServiceProvider::registerSessionDriver():48}()
#4 D:\Fork\hypnotoad\backend\vendor\laravel\framework\src\Illuminate\Container\Container.php(933): Illuminate\Container\Container->build()
#5 D:\Fork\hypnotoad\backend\vendor\laravel\framework\src\Illuminate\Foundation\Application.php(1078): Illuminate\Container\Container->resolve()
#6 D:\Fork\hypnotoad\backend\vendor\laravel\framework\src\Illuminate\Container\Container.php(864): Illuminate\Foundation\Application->resolve()
#7 D:\Fork\hypnotoad\backend\vendor\laravel\framework\src\Illuminate\Foundation\Application.php(1058): Illuminate\Container\Container->make()
#8 D:\Fork\hypnotoad\backend\vendor\laravel\framework\src\Illuminate\Container\Container.php(1805): Illuminate\Foundation\Application->make()
#9 D:\Fork\hypnotoad\backend\vendor\laravel\framework\src\Illuminate\Routing\RoutingServiceProvider.php(121): Illuminate\Container\Container->offsetGet()
#10 D:\Fork\hypnotoad\backend\vendor\laravel\framework\src\Illuminate\Container\Container.php(1115): Illuminate\Routing\RoutingServiceProvider->{closure:Illuminate\Routing\RoutingServiceProvider::registerRedirector():114}()
#11 D:\Fork\hypnotoad\backend\vendor\laravel\framework\src\Illuminate\Container\Container.php(933): Illuminate\Container\Container->build()
#12 D:\Fork\hypnotoad\backend\vendor\laravel\framework\src\Illuminate\Foundation\Application.php(1078): Illuminate\Container\Container->resolve()
#13 D:\Fork\hypnotoad\backend\vendor\laravel\framework\src\Illuminate\Container\Container.php(864): Illuminate\Foundation\Application->resolve()
#14 D:\Fork\hypnotoad\backend\vendor\laravel\framework\src\Illuminate\Foundation\Application.php(1058): Illuminate\Container\Container->make()
#15 D:\Fork\hypnotoad\backend\vendor\laravel\framework\src\Illuminate\Container\Container.php(1805): Illuminate\Foundation\Application->make()
#16 D:\Fork\hypnotoad\backend\vendor\laravel\framework\src\Illuminate\Routing\RoutingServiceProvider.php(177): Illuminate\Container\Container->offsetGet()
#17 D:\Fork\hypnotoad\backend\vendor\laravel\framework\src\Illuminate\Container\Container.php(1115): Illuminate\Routing\RoutingServiceProvider->{closure:Illuminate\Routing\RoutingServiceProvider::registerResponseFactory():176}()
#18 D:\Fork\hypnotoad\backend\vendor\laravel\framework\src\Illuminate\Container\Container.php(933): Illuminate\Container\Container->build()
#19 D:\Fork\hypnotoad\backend\vendor\laravel\framework\src\Illuminate\Foundation\Application.php(1078): Illuminate\Container\Container->resolve()
#20 D:\Fork\hypnotoad\backend\vendor\laravel\framework\src\Illuminate\Container\Container.php(864): Illuminate\Foundation\Application->resolve()
#21 D:\Fork\hypnotoad\backend\vendor\laravel\framework\src\Illuminate\Foundation\Application.php(1058): Illuminate\Container\Container->make()
#22 D:\Fork\hypnotoad\backend\vendor\laravel\framework\src\Illuminate\Foundation\helpers.php(138): Illuminate\Foundation\Application->make()
#23 D:\Fork\hypnotoad\backend\vendor\laravel\framework\src\Illuminate\Foundation\helpers.php(850): app()
#24 D:\Fork\hypnotoad\backend\vendor\laravel\framework\src\Illuminate\Foundation\Exceptions\Handler.php(987): response()
#25 D:\Fork\hypnotoad\backend\vendor\laravel\framework\src\Illuminate\Foundation\Exceptions\Handler.php(839): Illuminate\Foundation\Exceptions\Handler->toIlluminateResponse()
#26 D:\Fork\hypnotoad\backend\vendor\laravel\framework\src\Illuminate\Foundation\Exceptions\Handler.php(738): Illuminate\Foundation\Exceptions\Handler->prepareResponse()
#27 D:\Fork\hypnotoad\backend\vendor\laravel\framework\src\Illuminate\Foundation\Exceptions\Handler.php(626): Illuminate\Foundation\Exceptions\Handler->renderExceptionResponse()
#28 D:\Fork\hypnotoad\backend\vendor\laravel\framework\src\Illuminate\Foundation\Bootstrap\HandleExceptions.php(225): Illuminate\Foundation\Exceptions\Handler->render()
#29 D:\Fork\hypnotoad\backend\vendor\laravel\framework\src\Illuminate\Foundation\Bootstrap\HandleExceptions.php(202): Illuminate\Foundation\Bootstrap\HandleExceptions->renderHttpResponse()
#30 D:\Fork\hypnotoad\backend\vendor\laravel\framework\src\Illuminate\Foundation\Bootstrap\HandleExceptions.php(262): Illuminate\Foundation\Bootstrap\HandleExceptions->handleException()
#31 [internal function]: Illuminate\Foundation\Bootstrap\HandleExceptions->{closure:Illuminate\Foundation\Bootstrap\HandleExceptions::forwardsTo():261}()
#32 {main}
  thrown {"exception":"[object] (Symfony\\Component\\ErrorHandler\\Error\\FatalError(code: 0): Uncaught Error: Call to undefined function Illuminate\\Support\\mb_split() in D:\\Fork\\hypnotoad\\backend\\vendor\\laravel\\framework\\src\\Illuminate\\Support\\Str.php:1722
Stack trace:
#0 D:\\Fork\\hypnotoad\\backend\\vendor\\laravel\\framework\\src\\Illuminate\\Support\\Manager.php(98): Illuminate\\Support\\Str::studly()
#1 D:\\Fork\\hypnotoad\\backend\\vendor\\laravel\\framework\\src\\Illuminate\\Support\\Manager.php(78): Illuminate\\Support\\Manager->createDriver()
#2 D:\\Fork\\hypnotoad\\backend\\vendor\\laravel\\framework\\src\\Illuminate\\Session\\SessionServiceProvider.php(52): Illuminate\\Support\\Manager->driver()
#3 D:\\Fork\\hypnotoad\\backend\\vendor\\laravel\\framework\\src\\Illuminate\\Container\\Container.php(1115): Illuminate\\Session\\SessionServiceProvider->{closure:Illuminate\\Session\\SessionServiceProvider::registerSessionDriver():48}()
#4 D:\\Fork\\hypnotoad\\backend\\vendor\\laravel\\framework\\src\\Illuminate\\Container\\Container.php(933): Illuminate\\Container\\Container->build()
#5 D:\\Fork\\hypnotoad\\backend\\vendor\\laravel\\framework\\src\\Illuminate\\Foundation\\Application.php(1078): Illuminate\\Container\\Container->resolve()
#6 D:\\Fork\\hypnotoad\\backend\\vendor\\laravel\\framework\\src\\Illuminate\\Container\\Container.php(864): Illuminate\\Foundation\\Application->resolve()
#7 D:\\Fork\\hypnotoad\\backend\\vendor\\laravel\\framework\\src\\Illuminate\\Foundation\\Application.php(1058): Illuminate\\Container\\Container->make()
#8 D:\\Fork\\hypnotoad\\backend\\vendor\\laravel\\framework\\src\\Illuminate\\Container\\Container.php(1805): Illuminate\\Foundation\\Application->make()
#9 D:\\Fork\\hypnotoad\\backend\\vendor\\laravel\\framework\\src\\Illuminate\\Routing\\RoutingServiceProvider.php(121): Illuminate\\Container\\Container->offsetGet()
#10 D:\\Fork\\hypnotoad\\backend\\vendor\\laravel\\framework\\src\\Illuminate\\Container\\Container.php(1115): Illuminate\\Routing\\RoutingServiceProvider->{closure:Illuminate\\Routing\\RoutingServiceProvider::registerRedirector():114}()
#11 D:\\Fork\\hypnotoad\\backend\\vendor\\laravel\\framework\\src\\Illuminate\\Container\\Container.php(933): Illuminate\\Container\\Container->build()
#12 D:\\Fork\\hypnotoad\\backend\\vendor\\laravel\\framework\\src\\Illuminate\\Foundation\\Application.php(1078): Illuminate\\Container\\Container->resolve()
#13 D:\\Fork\\hypnotoad\\backend\\vendor\\laravel\\framework\\src\\Illuminate\\Container\\Container.php(864): Illuminate\\Foundation\\Application->resolve()
#14 D:\\Fork\\hypnotoad\\backend\\vendor\\laravel\\framework\\src\\Illuminate\\Foundation\\Application.php(1058): Illuminate\\Container\\Container->make()
#15 D:\\Fork\\hypnotoad\\backend\\vendor\\laravel\\framework\\src\\Illuminate\\Container\\Container.php(1805): Illuminate\\Foundation\\Application->make()
#16 D:\\Fork\\hypnotoad\\backend\\vendor\\laravel\\framework\\src\\Illuminate\\Routing\\RoutingServiceProvider.php(177): Illuminate\\Container\\Container->offsetGet()
#17 D:\\Fork\\hypnotoad\\backend\\vendor\\laravel\\framework\\src\\Illuminate\\Container\\Container.php(1115): Illuminate\\Routing\\RoutingServiceProvider->{closure:Illuminate\\Routing\\RoutingServiceProvider::registerResponseFactory():176}()
#18 D:\\Fork\\hypnotoad\\backend\\vendor\\laravel\\framework\\src\\Illuminate\\Container\\Container.php(933): Illuminate\\Container\\Container->build()
#19 D:\\Fork\\hypnotoad\\backend\\vendor\\laravel\\framework\\src\\Illuminate\\Foundation\\Application.php(1078): Illuminate\\Container\\Container->resolve()
#20 D:\\Fork\\hypnotoad\\backend\\vendor\\laravel\\framework\\src\\Illuminate\\Container\\Container.php(864): Illuminate\\Foundation\\Application->resolve()
#21 D:\\Fork\\hypnotoad\\backend\\vendor\\laravel\\framework\\src\\Illuminate\\Foundation\\Application.php(1058): Illuminate\\Container\\Container->make()
#22 D:\\Fork\\hypnotoad\\backend\\vendor\\laravel\\framework\\src\\Illuminate\\Foundation\\helpers.php(138): Illuminate\\Foundation\\Application->make()
#23 D:\\Fork\\hypnotoad\\backend\\vendor\\laravel\\framework\\src\\Illuminate\\Foundation\\helpers.php(850): app()
#24 D:\\Fork\\hypnotoad\\backend\\vendor\\laravel\\framework\\src\\Illuminate\\Foundation\\Exceptions\\Handler.php(987): response()
#25 D:\\Fork\\hypnotoad\\backend\\vendor\\laravel\\framework\\src\\Illuminate\\Foundation\\Exceptions\\Handler.php(839): Illuminate\\Foundation\\Exceptions\\Handler->toIlluminateResponse()
#26 D:\\Fork\\hypnotoad\\backend\\vendor\\laravel\\framework\\src\\Illuminate\\Foundation\\Exceptions\\Handler.php(738): Illuminate\\Foundation\\Exceptions\\Handler->prepareResponse()
#27 D:\\Fork\\hypnotoad\\backend\\vendor\\laravel\\framework\\src\\Illuminate\\Foundation\\Exceptions\\Handler.php(626): Illuminate\\Foundation\\Exceptions\\Handler->renderExceptionResponse()
#28 D:\\Fork\\hypnotoad\\backend\\vendor\\laravel\\framework\\src\\Illuminate\\Foundation\\Bootstrap\\HandleExceptions.php(225): Illuminate\\Foundation\\Exceptions\\Handler->render()
#29 D:\\Fork\\hypnotoad\\backend\\vendor\\laravel\\framework\\src\\Illuminate\\Foundation\\Bootstrap\\HandleExceptions.php(202): Illuminate\\Foundation\\Bootstrap\\HandleExceptions->renderHttpResponse()
#30 D:\\Fork\\hypnotoad\\backend\\vendor\\laravel\\framework\\src\\Illuminate\\Foundation\\Bootstrap\\HandleExceptions.php(262): Illuminate\\Foundation\\Bootstrap\\HandleExceptions->handleException()
#31 [internal function]: Illuminate\\Foundation\\Bootstrap\\HandleExceptions->{closure:Illuminate\\Foundation\\Bootstrap\\HandleExceptions::forwardsTo():261}()
#32 {main}
  thrown at D:/Fork/hypnotoad/backend/vendor/laravel/framework/src/Illuminate/Support/Str.php:1722)
[stacktrace]
#0 {main}
"} 
[2026-09-28 23:11:21] local.ERROR: Call to undefined function Illuminate\Support\mb_split() {"exception":"[object] (Error(code: 0): Call to undefined function Illuminate\\Support\\mb_split() at D:/Fork/hypnotoad/backend/vendor/laravel/framework/src/Illuminate/Support/Str.php:1722)
[stacktrace]
#0 D:/Fork/hypnotoad/backend/vendor/laravel/framework/src/Illuminate/Support/Manager.php(98): Illuminate/Support/Str::studly()
#1 D:/Fork/hypnotoad/backend/vendor/laravel/framework/src/Illuminate/Support/Manager.php(78): Illuminate/Support/Manager->createDriver()
#2 D:/Fork/hypnotoad/backend/vendor/laravel/framework/src/Illuminate/Foundation/Providers/FoundationServiceProvider.php(293): Illuminate/Support/Manager->driver()
#3 D:/Fork/hypnotoad/backend/vendor/laravel/framework/src/Illuminate/Container/Container.php(1115): Illuminate/Foundation/Providers/FoundationServiceProvider->{closure:Illuminate/Foundation/Providers/FoundationServiceProvider::registerMaintenanceModeManager():293}()
#4 D:/Fork/hypnotoad/backend/vendor/laravel/framework/src/Illuminate/Container/Container.php(933): Illuminate/Container/Container->build()
#5 D:/Fork/hypnotoad/backend/vendor/laravel/framework/src/Illuminate/Foundation/Application.php(1078): Illuminate/Container/Container->resolve()
#6 D:/Fork/hypnotoad/backend/vendor/laravel/framework/src/Illuminate/Container/Container.php(864): Illuminate/Foundation/Application->resolve()
#7 D:/Fork/hypnotoad/backend/vendor/laravel/framework/src/Illuminate/Foundation/Application.php(1058): Illuminate/Container/Container->make()
#8 D:/Fork/hypnotoad/backend/vendor/laravel/framework/src/Illuminate/Foundation/Application.php(1410): Illuminate/Foundation/Application->make()
#9 D:/Fork/hypnotoad/backend/vendor/laravel/framework/src/Illuminate/Foundation/Http/Middleware/PreventRequestsDuringMaintenance.php(64): Illuminate/Foundation/Application->maintenanceMode()
#10 D:/Fork/hypnotoad/backend/vendor/laravel/framework/src/Illuminate/Pipeline/Pipeline.php(219): Illuminate/Foundation/Http/Middleware/PreventRequestsDuringMaintenance->handle()
#11 D:/Fork/hypnotoad/backend/vendor/laravel/framework/src/Illuminate/Http/Middleware/HandleCors.php(74): Illuminate/Pipeline/Pipeline->{closure:{closure:Illuminate/Pipeline/Pipeline::carry():194}:195}()
#12 D:/Fork/hypnotoad/backend/vendor/laravel/framework/src/Illuminate/Pipeline/Pipeline.php(219): Illuminate/Http/Middleware/HandleCors->handle()
#13 D:/Fork/hypnotoad/backend/vendor/laravel/framework/src/Illuminate/Http/Middleware/TrustProxies.php(58): Illuminate/Pipeline/Pipeline->{closure:{closure:Illuminate/Pipeline/Pipeline::carry():194}:195}()
#14 D:/Fork/hypnotoad/backend/vendor/laravel/framework/src/Illuminate/Pipeline/Pipeline.php(219): Illuminate/Http/Middleware/TrustProxies->handle()
#15 D:/Fork/hypnotoad/backend/vendor/laravel/framework/src/Illuminate/Foundation/Http/Middleware/InvokeDeferredCallbacks.php(22): Illuminate/Pipeline/Pipeline->{closure:{closure:Illuminate/Pipeline/Pipeline::carry():194}:195}()
#16 D:/Fork/hypnotoad/backend/vendor/laravel/framework/src/Illuminate/Pipeline/Pipeline.php(219): Illuminate/Foundation/Http/Middleware/InvokeDeferredCallbacks->handle()
#17 D:/Fork/hypnotoad/backend/vendor/laravel/framework/src/Illuminate/Http/Middleware/ValidatePathEncoding.php(26): Illuminate/Pipeline/Pipeline->{closure:{closure:Illuminate/Pipeline/Pipeline::carry():194}:195}()
#18 D:/Fork/hypnotoad/backend/vendor/laravel/framework/src/Illuminate/Pipeline/Pipeline.php(219): Illuminate/Http/Middleware/ValidatePathEncoding->handle()
#19 D:/Fork/hypnotoad/backend/vendor/laravel/framework/src/Illuminate/Pipeline/Pipeline.php(137): Illuminate/Pipeline/Pipeline->{closure:{closure:Illuminate/Pipeline/Pipeline::carry():194}:195}()
#20 D:/Fork/hypnotoad/backend/vendor/laravel/framework/src/Illuminate/Foundation/Http/Kernel.php(175): Illuminate/Pipeline/Pipeline->then()
#21 D:/Fork/hypnotoad/backend/vendor/laravel/framework/src/Illuminate/Foundation/Http/Kernel.php(144): Illuminate/Foundation/Http/Kernel->sendRequestThroughRouter()
#22 D:/Fork/hypnotoad/backend/public/index.php(16): Illuminate/Foundation/Http/Kernel->handle()
#23 D:/Fork/hypnotoad/backend/vendor/laravel/framework/src/Illuminate/Foundation/resources/server.php(23): require_once('...')
#24 {main}
"} 
[2026-09-28 23:11:21] local.ERROR: Call to undefined function Illuminate\Support\mb_split() {"exception":"[object] (Error(code: 0): Call to undefined function Illuminate\\Support\\mb_split() at D:/Fork/hypnotoad/backend/vendor/laravel/framework/src/Illuminate/Support/Str.php:1722)
[stacktrace]
#0 D:/Fork/hypnotoad/backend/vendor/laravel/framework/src/Illuminate/Support/Manager.php(98): Illuminate/Support/Str::studly()
#1 D:/Fork/hypnotoad/backend/vendor/laravel/framework/src/Illuminate/Support/Manager.php(78): Illuminate/Support/Manager->createDriver()
#2 D:/Fork/hypnotoad/backend/vendor/laravel/framework/src/Illuminate/Session/SessionServiceProvider.php(52): Illuminate/Support/Manager->driver()
#3 D:/Fork/hypnotoad/backend/vendor/laravel/framework/src/Illuminate/Container/Container.php(1115): Illuminate/Session/SessionServiceProvider->{closure:Illuminate/Session/SessionServiceProvider::registerSessionDriver():48}()
#4 D:/Fork/hypnotoad/backend/vendor/laravel/framework/src/Illuminate/Container/Container.php(933): Illuminate/Container/Container->build()
#5 D:/Fork/hypnotoad/backend/vendor/laravel/framework/src/Illuminate/Foundation/Application.php(1078): Illuminate/Container/Container->resolve()
#6 D:/Fork/hypnotoad/backend/vendor/laravel/framework/src/Illuminate/Container/Container.php(864): Illuminate/Foundation/Application->resolve()
#7 D:/Fork/hypnotoad/backend/vendor/laravel/framework/src/Illuminate/Foundation/Application.php(1058): Illuminate/Container/Container->make()
#8 D:/Fork/hypnotoad/backend/vendor/laravel/framework/src/Illuminate/Container/Container.php(1805): Illuminate/Foundation/Application->make()
#9 D:/Fork/hypnotoad/backend/vendor/laravel/framework/src/Illuminate/Routing/RoutingServiceProvider.php(121): Illuminate/Container/Container->offsetGet()
#10 D:/Fork/hypnotoad/backend/vendor/laravel/framework/src/Illuminate/Container/Container.php(1115): Illuminate/Routing/RoutingServiceProvider->{closure:Illuminate/Routing/RoutingServiceProvider::registerRedirector():114}()
#11 D:/Fork/hypnotoad/backend/vendor/laravel/framework/src/Illuminate/Container/Container.php(933): Illuminate/Container/Container->build()
#12 D:/Fork/hypnotoad/backend/vendor/laravel/framework/src/Illuminate/Foundation/Application.php(1078): Illuminate/Container/Container->resolve()
#13 D:/Fork/hypnotoad/backend/vendor/laravel/framework/src/Illuminate/Container/Container.php(864): Illuminate/Foundation/Application->resolve()
#14 D:/Fork/hypnotoad/backend/vendor/laravel/framework/src/Illuminate/Foundation/Application.php(1058): Illuminate/Container/Container->make()
#15 D:/Fork/hypnotoad/backend/vendor/laravel/framework/src/Illuminate/Container/Container.php(1805): Illuminate/Foundation/Application->make()
#16 D:/Fork/hypnotoad/backend/vendor/laravel/framework/src/Illuminate/Routing/RoutingServiceProvider.php(177): Illuminate/Container/Container->offsetGet()
#17 D:/Fork/hypnotoad/backend/vendor/laravel/framework/src/Illuminate/Container/Container.php(1115): Illuminate/Routing/RoutingServiceProvider->{closure:Illuminate/Routing/RoutingServiceProvider::registerResponseFactory():176}()
#18 D:/Fork/hypnotoad/backend/vendor/laravel/framework/src/Illuminate/Container/Container.php(933): Illuminate/Container/Container->build()
#19 D:/Fork/hypnotoad/backend/vendor/laravel/framework/src/Illuminate/Foundation/Application.php(1078): Illuminate/Container/Container->resolve()
#20 D:/Fork/hypnotoad/backend/vendor/laravel/framework/src/Illuminate/Container/Container.php(864): Illuminate/Foundation/Application->resolve()
#21 D:/Fork/hypnotoad/backend/vendor/laravel/framework/src/Illuminate/Foundation/Application.php(1058): Illuminate/Container/Container->make()
#22 D:/Fork/hypnotoad/backend/vendor/laravel/framework/src/Illuminate/Foundation/helpers.php(138): Illuminate/Foundation/Application->make()
#23 D:/Fork/hypnotoad/backend/vendor/laravel/framework/src/Illuminate/Foundation/helpers.php(850): app()
#24 D:/Fork/hypnotoad/backend/vendor/laravel/framework/src/Illuminate/Foundation/Exceptions/Handler.php(987): response()
#25 D:/Fork/hypnotoad/backend/vendor/laravel/framework/src/Illuminate/Foundation/Exceptions/Handler.php(839): Illuminate/Foundation/Exceptions/Handler->toIlluminateResponse()
#26 D:/Fork/hypnotoad/backend/vendor/laravel/framework/src/Illuminate/Foundation/Exceptions/Handler.php(738): Illuminate/Foundation/Exceptions/Handler->prepareResponse()
#27 D:/Fork/hypnotoad/backend/vendor/laravel/framework/src/Illuminate/Foundation/Exceptions/Handler.php(626): Illuminate/Foundation/Exceptions/Handler->renderExceptionResponse()
#28 D:/Fork/hypnotoad/backend/vendor/laravel/framework/src/Illuminate/Routing/Pipeline.php(51): Illuminate/Foundation/Exceptions/Handler->render()
#29 D:/Fork/hypnotoad/backend/vendor/laravel/framework/src/Illuminate/Pipeline/Pipeline.php(224): Illuminate/Routing/Pipeline->handleException()
#30 D:/Fork/hypnotoad/backend/vendor/laravel/framework/src/Illuminate/Http/Middleware/HandleCors.php(74): Illuminate/Pipeline/Pipeline->{closure:{closure:Illuminate/Pipeline/Pipeline::carry():194}:195}()
#31 D:/Fork/hypnotoad/backend/vendor/laravel/framework/src/Illuminate/Pipeline/Pipeline.php(219): Illuminate/Http/Middleware/HandleCors->handle()
#32 D:/Fork/hypnotoad/backend/vendor/laravel/framework/src/Illuminate/Http/Middleware/TrustProxies.php(58): Illuminate/Pipeline/Pipeline->{closure:{closure:Illuminate/Pipeline/Pipeline::carry():194}:195}()
#33 D:/Fork/hypnotoad/backend/vendor/laravel/framework/src/Illuminate/Pipeline/Pipeline.php(219): Illuminate/Http/Middleware/TrustProxies->handle()
#34 D:/Fork/hypnotoad/backend/vendor/laravel/framework/src/Illuminate/Foundation/Http/Middleware/InvokeDeferredCallbacks.php(22): Illuminate/Pipeline/Pipeline->{closure:{closure:Illuminate/Pipeline/Pipeline::carry():194}:195}()
#35 D:/Fork/hypnotoad/backend/vendor/laravel/framework/src/Illuminate/Pipeline/Pipeline.php(219): Illuminate/Foundation/Http/Middleware/InvokeDeferredCallbacks->handle()
#36 D:/Fork/hypnotoad/backend/vendor/laravel/framework/src/Illuminate/Http/Middleware/ValidatePathEncoding.php(26): Illuminate/Pipeline/Pipeline->{closure:{closure:Illuminate/Pipeline/Pipeline::carry():194}:195}()
#37 D:/Fork/hypnotoad/backend/vendor/laravel/framework/src/Illuminate/Pipeline/Pipeline.php(219): Illuminate/Http/Middleware/ValidatePathEncoding->handle()
#38 D:/Fork/hypnotoad/backend/vendor/laravel/framework/src/Illuminate/Pipeline/Pipeline.php(137): Illuminate/Pipeline/Pipeline->{closure:{closure:Illuminate/Pipeline/Pipeline::carry():194}:195}()
#39 D:/Fork/hypnotoad/backend/vendor/laravel/framework/src/Illuminate/Foundation/Http/Kernel.php(175): Illuminate/Pipeline/Pipeline->then()
#40 D:/Fork/hypnotoad/backend/vendor/laravel/framework/src/Illuminate/Foundation/Http/Kernel.php(144): Illuminate/Foundation/Http/Kernel->sendRequestThroughRouter()
#41 D:/Fork/hypnotoad/backend/public/index.php(16): Illuminate/Foundation/Http/Kernel->handle()
#42 D:/Fork/hypnotoad/backend/vendor/laravel/framework/src/Illuminate/Foundation/resources/server.php(23): require_once('...')
#43 {main}
"} 
[2026-09-28 23:11:21] local.ERROR: Call to undefined function Illuminate\Support\mb_split() {"exception":"[object] (Error(code: 0): Call to undefined function Illuminate\\Support\\mb_split() at D:/Fork/hypnotoad/backend/vendor/laravel/framework/src/Illuminate/Support/Str.php:1722)
[stacktrace]
#0 D:/Fork/hypnotoad/backend/vendor/laravel/framework/src/Illuminate/Support/Manager.php(98): Illuminate/Support/Str::studly()
#1 D:/Fork/hypnotoad/backend/vendor/laravel/framework/src/Illuminate/Support/Manager.php(78): Illuminate/Support/Manager->createDriver()
#2 D:/Fork/hypnotoad/backend/vendor/laravel/framework/src/Illuminate/Session/SessionServiceProvider.php(52): Illuminate/Support/Manager->driver()
#3 D:/Fork/hypnotoad/backend/vendor/laravel/framework/src/Illuminate/Container/Container.php(1115): Illuminate/Session/SessionServiceProvider->{closure:Illuminate/Session/SessionServiceProvider::registerSessionDriver():48}()
#4 D:/Fork/hypnotoad/backend/vendor/laravel/framework/src/Illuminate/Container/Container.php(933): Illuminate/Container/Container->build()
#5 D:/Fork/hypnotoad/backend/vendor/laravel/framework/src/Illuminate/Foundation/Application.php(1078): Illuminate/Container/Container->resolve()
#6 D:/Fork/hypnotoad/backend/vendor/laravel/framework/src/Illuminate/Container/Container.php(864): Illuminate/Foundation/Application->resolve()
#7 D:/Fork/hypnotoad/backend/vendor/laravel/framework/src/Illuminate/Foundation/Application.php(1058): Illuminate/Container/Container->make()
#8 D:/Fork/hypnotoad/backend/vendor/laravel/framework/src/Illuminate/Container/Container.php(1805): Illuminate/Foundation/Application->make()
#9 D:/Fork/hypnotoad/backend/vendor/laravel/framework/src/Illuminate/Routing/RoutingServiceProvider.php(121): Illuminate/Container/Container->offsetGet()
#10 D:/Fork/hypnotoad/backend/vendor/laravel/framework/src/Illuminate/Container/Container.php(1115): Illuminate/Routing/RoutingServiceProvider->{closure:Illuminate/Routing/RoutingServiceProvider::registerRedirector():114}()
#11 D:/Fork/hypnotoad/backend/vendor/laravel/framework/src/Illuminate/Container/Container.php(933): Illuminate/Container/Container->build()
#12 D:/Fork/hypnotoad/backend/vendor/laravel/framework/src/Illuminate/Foundation/Application.php(1078): Illuminate/Container/Container->resolve()
#13 D:/Fork/hypnotoad/backend/vendor/laravel/framework/src/Illuminate/Container/Container.php(864): Illuminate/Foundation/Application->resolve()
#14 D:/Fork/hypnotoad/backend/vendor/laravel/framework/src/Illuminate/Foundation/Application.php(1058): Illuminate/Container/Container->make()
#15 D:/Fork/hypnotoad/backend/vendor/laravel/framework/src/Illuminate/Container/Container.php(1805): Illuminate/Foundation/Application->make()
#16 D:/Fork/hypnotoad/backend/vendor/laravel/framework/src/Illuminate/Routing/RoutingServiceProvider.php(177): Illuminate/Container/Container->offsetGet()
#17 D:/Fork/hypnotoad/backend/vendor/laravel/framework/src/Illuminate/Container/Container.php(1115): Illuminate/Routing/RoutingServiceProvider->{closure:Illuminate/Routing/RoutingServiceProvider::registerResponseFactory():176}()
#18 D:/Fork/hypnotoad/backend/vendor/laravel/framework/src/Illuminate/Container/Container.php(933): Illuminate/Container/Container->build()
#19 D:/Fork/hypnotoad/backend/vendor/laravel/framework/src/Illuminate/Foundation/Application.php(1078): Illuminate/Container/Container->resolve()
#20 D:/Fork/hypnotoad/backend/vendor/laravel/framework/src/Illuminate/Container/Container.php(864): Illuminate/Foundation/Application->resolve()
#21 D:/Fork/hypnotoad/backend/vendor/laravel/framework/src/Illuminate/Foundation/Application.php(1058): Illuminate/Container/Container->make()
#22 D:/Fork/hypnotoad/backend/vendor/laravel/framework/src/Illuminate/Foundation/helpers.php(138): Illuminate/Foundation/Application->make()
#23 D:/Fork/hypnotoad/backend/vendor/laravel/framework/src/Illuminate/Foundation/helpers.php(850): app()
#24 D:/Fork/hypnotoad/backend/vendor/laravel/framework/src/Illuminate/Foundation/Exceptions/Handler.php(987): response()
#25 D:/Fork/hypnotoad/backend/vendor/laravel/framework/src/Illuminate/Foundation/Exceptions/Handler.php(839): Illuminate/Foundation/Exceptions/Handler->toIlluminateResponse()
#26 D:/Fork/hypnotoad/backend/vendor/laravel/framework/src/Illuminate/Foundation/Exceptions/Handler.php(738): Illuminate/Foundation/Exceptions/Handler->prepareResponse()
#27 D:/Fork/hypnotoad/backend/vendor/laravel/framework/src/Illuminate/Foundation/Exceptions/Handler.php(626): Illuminate/Foundation/Exceptions/Handler->renderExceptionResponse()
#28 D:/Fork/hypnotoad/backend/vendor/laravel/framework/src/Illuminate/Routing/Pipeline.php(51): Illuminate/Foundation/Exceptions/Handler->render()
#29 D:/Fork/hypnotoad/backend/vendor/laravel/framework/src/Illuminate/Pipeline/Pipeline.php(224): Illuminate/Routing/Pipeline->handleException()
#30 D:/Fork/hypnotoad/backend/vendor/laravel/framework/src/Illuminate/Http/Middleware/TrustProxies.php(58): Illuminate/Pipeline/Pipeline->{closure:{closure:Illuminate/Pipeline/Pipeline::carry():194}:195}()
#31 D:/Fork/hypnotoad/backend/vendor/laravel/framework/src/Illuminate/Pipeline/Pipeline.php(219): Illuminate/Http/Middleware/TrustProxies->handle()
#32 D:/Fork/hypnotoad/backend/vendor/laravel/framework/src/Illuminate/Foundation/Http/Middleware/InvokeDeferredCallbacks.php(22): Illuminate/Pipeline/Pipeline->{closure:{closure:Illuminate/Pipeline/Pipeline::carry():194}:195}()
#33 D:/Fork/hypnotoad/backend/vendor/laravel/framework/src/Illuminate/Pipeline/Pipeline.php(219): Illuminate/Foundation/Http/Middleware/InvokeDeferredCallbacks->handle()
#34 D:/Fork/hypnotoad/backend/vendor/laravel/framework/src/Illuminate/Http/Middleware/ValidatePathEncoding.php(26): Illuminate/Pipeline/Pipeline->{closure:{closure:Illuminate/Pipeline/Pipeline::carry():194}:195}()
#35 D:/Fork/hypnotoad/backend/vendor/laravel/framework/src/Illuminate/Pipeline/Pipeline.php(219): Illuminate/Http/Middleware/ValidatePathEncoding->handle()
#36 D:/Fork/hypnotoad/backend/vendor/laravel/framework/src/Illuminate/Pipeline/Pipeline.php(137): Illuminate/Pipeline/Pipeline->{closure:{closure:Illuminate/Pipeline/Pipeline::carry():194}:195}()
#37 D:/Fork/hypnotoad/backend/vendor/laravel/framework/src/Illuminate/Foundation/Http/Kernel.php(175): Illuminate/Pipeline/Pipeline->then()
#38 D:/Fork/hypnotoad/backend/vendor/laravel/framework/src/Illuminate/Foundation/Http/Kernel.php(144): Illuminate/Foundation/Http/Kernel->sendRequestThroughRouter()
#39 D:/Fork/hypnotoad/backend/public/index.php(16): Illuminate/Foundation/Http/Kernel->handle()
#40 D:/Fork/hypnotoad/backend/vendor/laravel/framework/src/Illuminate/Foundation/resources/server.php(23): require_once('...')
#41 {main}
"} 
[2026-09-28 23:11:21] local.ERROR: Call to undefined function Illuminate\Support\mb_split() {"exception":"[object] (Error(code: 0): Call to undefined function Illuminate\\Support\\mb_split() at D:/Fork/hypnotoad/backend/vendor/laravel/framework/src/Illuminate/Support/Str.php:1722)
[stacktrace]
#0 D:/Fork/hypnotoad/backend/vendor/laravel/framework/src/Illuminate/Support/Manager.php(98): Illuminate/Support/Str::studly()
#1 D:/Fork/hypnotoad/backend/vendor/laravel/framework/src/Illuminate/Support/Manager.php(78): Illuminate/Support/Manager->createDriver()
#2 D:/Fork/hypnotoad/backend/vendor/laravel/framework/src/Illuminate/Session/SessionServiceProvider.php(52): Illuminate/Support/Manager->driver()
#3 D:/Fork/hypnotoad/backend/vendor/laravel/framework/src/Illuminate/Container/Container.php(1115): Illuminate/Session/SessionServiceProvider->{closure:Illuminate/Session/SessionServiceProvider::registerSessionDriver():48}()
#4 D:/Fork/hypnotoad/backend/vendor/laravel/framework/src/Illuminate/Container/Container.php(933): Illuminate/Container/Container->build()
#5 D:/Fork/hypnotoad/backend/vendor/laravel/framework/src/Illuminate/Foundation/Application.php(1078): Illuminate/Container/Container->resolve()
#6 D:/Fork/hypnotoad/backend/vendor/laravel/framework/src/Illuminate/Container/Container.php(864): Illuminate/Foundation/Application->resolve()
#7 D:/Fork/hypnotoad/backend/vendor/laravel/framework/src/Illuminate/Foundation/Application.php(1058): Illuminate/Container/Container->make()
#8 D:/Fork/hypnotoad/backend/vendor/laravel/framework/src/Illuminate/Container/Container.php(1805): Illuminate/Foundation/Application->make()
#9 D:/Fork/hypnotoad/backend/vendor/laravel/framework/src/Illuminate/Routing/RoutingServiceProvider.php(121): Illuminate/Container/Container->offsetGet()
#10 D:/Fork/hypnotoad/backend/vendor/laravel/framework/src/Illuminate/Container/Container.php(1115): Illuminate/Routing/RoutingServiceProvider->{closure:Illuminate/Routing/RoutingServiceProvider::registerRedirector():114}()
#11 D:/Fork/hypnotoad/backend/vendor/laravel/framework/src/Illuminate/Container/Container.php(933): Illuminate/Container/Container->build()
#12 D:/Fork/hypnotoad/backend/vendor/laravel/framework/src/Illuminate/Foundation/Application.php(1078): Illuminate/Container/Container->resolve()
#13 D:/Fork/hypnotoad/backend/vendor/laravel/framework/src/Illuminate/Container/Container.php(864): Illuminate/Foundation/Application->resolve()
#14 D:/Fork/hypnotoad/backend/vendor/laravel/framework/src/Illuminate/Foundation/Application.php(1058): Illuminate/Container/Container->make()
#15 D:/Fork/hypnotoad/backend/vendor/laravel/framework/src/Illuminate/Container/Container.php(1805): Illuminate/Foundation/Application->make()
#16 D:/Fork/hypnotoad/backend/vendor/laravel/framework/src/Illuminate/Routing/RoutingServiceProvider.php(177): Illuminate/Container/Container->offsetGet()
#17 D:/Fork/hypnotoad/backend/vendor/laravel/framework/src/Illuminate/Container/Container.php(1115): Illuminate/Routing/RoutingServiceProvider->{closure:Illuminate/Routing/RoutingServiceProvider::registerResponseFactory():176}()
#18 D:/Fork/hypnotoad/backend/vendor/laravel/framework/src/Illuminate/Container/Container.php(933): Illuminate/Container/Container->build()
#19 D:/Fork/hypnotoad/backend/vendor/laravel/framework/src/Illuminate/Foundation/Application.php(1078): Illuminate/Container/Container->resolve()
#20 D:/Fork/hypnotoad/backend/vendor/laravel/framework/src/Illuminate/Container/Container.php(864): Illuminate/Foundation/Application->resolve()
#21 D:/Fork/hypnotoad/backend/vendor/laravel/framework/src/Illuminate/Foundation/Application.php(1058): Illuminate/Container/Container->make()
#22 D:/Fork/hypnotoad/backend/vendor/laravel/framework/src/Illuminate/Foundation/helpers.php(138): Illuminate/Foundation/Application->make()
#23 D:/Fork/hypnotoad/backend/vendor/laravel/framework/src/Illuminate/Foundation/helpers.php(850): app()
#24 D:/Fork/hypnotoad/backend/vendor/laravel/framework/src/Illuminate/Foundation/Exceptions/Handler.php(987): response()
#25 D:/Fork/hypnotoad/backend/vendor/laravel/framework/src/Illuminate/Foundation/Exceptions/Handler.php(839): Illuminate/Foundation/Exceptions/Handler->toIlluminateResponse()
#26 D:/Fork/hypnotoad/backend/vendor/laravel/framework/src/Illuminate/Foundation/Exceptions/Handler.php(738): Illuminate/Foundation/Exceptions/Handler->prepareResponse()
#27 D:/Fork/hypnotoad/backend/vendor/laravel/framework/src/Illuminate/Foundation/Exceptions/Handler.php(626): Illuminate/Foundation/Exceptions/Handler->renderExceptionResponse()
#28 D:/Fork/hypnotoad/backend/vendor/laravel/framework/src/Illuminate/Routing/Pipeline.php(51): Illuminate/Foundation/Exceptions/Handler->render()
#29 D:/Fork/hypnotoad/backend/vendor/laravel/framework/src/Illuminate/Pipeline/Pipeline.php(224): Illuminate/Routing/Pipeline->handleException()
#30 D:/Fork/hypnotoad/backend/vendor/laravel/framework/src/Illuminate/Foundation/Http/Middleware/InvokeDeferredCallbacks.php(22): Illuminate/Pipeline/Pipeline->{closure:{closure:Illuminate/Pipeline/Pipeline::carry():194}:195}()
#31 D:/Fork/hypnotoad/backend/vendor/laravel/framework/src/Illuminate/Pipeline/Pipeline.php(219): Illuminate/Foundation/Http/Middleware/InvokeDeferredCallbacks->handle()
#32 D:/Fork/hypnotoad/backend/vendor/laravel/framework/src/Illuminate/Http/Middleware/ValidatePathEncoding.php(26): Illuminate/Pipeline/Pipeline->{closure:{closure:Illuminate/Pipeline/Pipeline::carry():194}:195}()
#33 D:/Fork/hypnotoad/backend/vendor/laravel/framework/src/Illuminate/Pipeline/Pipeline.php(219): Illuminate/Http/Middleware/ValidatePathEncoding->handle()
#34 D:/Fork/hypnotoad/backend/vendor/laravel/framework/src/Illuminate/Pipeline/Pipeline.php(137): Illuminate/Pipeline/Pipeline->{closure:{closure:Illuminate/Pipeline/Pipeline::carry():194}:195}()
#35 D:/Fork/hypnotoad/backend/vendor/laravel/framework/src/Illuminate/Foundation/Http/Kernel.php(175): Illuminate/Pipeline/Pipeline->then()
#36 D:/Fork/hypnotoad/backend/vendor/laravel/framework/src/Illuminate/Foundation/Http/Kernel.php(144): Illuminate/Foundation/Http/Kernel->sendRequestThroughRouter()
#37 D:/Fork/hypnotoad/backend/public/index.php(16): Illuminate/Foundation/Http/Kernel->handle()
#38 D:/Fork/hypnotoad/backend/vendor/laravel/framework/src/Illuminate/Foundation/resources/server.php(23): require_once('...')
#39 {main}
"} 
[2026-09-28 23:11:22] local.ERROR: Call to undefined function Illuminate\Support\mb_split() {"exception":"[object] (Error(code: 0): Call to undefined function Illuminate\\Support\\mb_split() at D:/Fork/hypnotoad/backend/vendor/laravel/framework/src/Illuminate/Support/Str.php:1722)
[stacktrace]
#0 D:/Fork/hypnotoad/backend/vendor/laravel/framework/src/Illuminate/Support/Manager.php(98): Illuminate/Support/Str::studly()
#1 D:/Fork/hypnotoad/backend/vendor/laravel/framework/src/Illuminate/Support/Manager.php(78): Illuminate/Support/Manager->createDriver()
#2 D:/Fork/hypnotoad/backend/vendor/laravel/framework/src/Illuminate/Session/SessionServiceProvider.php(52): Illuminate/Support/Manager->driver()
#3 D:/Fork/hypnotoad/backend/vendor/laravel/framework/src/Illuminate/Container/Container.php(1115): Illuminate/Session/SessionServiceProvider->{closure:Illuminate/Session/SessionServiceProvider::registerSessionDriver():48}()
#4 D:/Fork/hypnotoad/backend/vendor/laravel/framework/src/Illuminate/Container/Container.php(933): Illuminate/Container/Container->build()
#5 D:/Fork/hypnotoad/backend/vendor/laravel/framework/src/Illuminate/Foundation/Application.php(1078): Illuminate/Container/Container->resolve()
#6 D:/Fork/hypnotoad/backend/vendor/laravel/framework/src/Illuminate/Container/Container.php(864): Illuminate/Foundation/Application->resolve()
#7 D:/Fork/hypnotoad/backend/vendor/laravel/framework/src/Illuminate/Foundation/Application.php(1058): Illuminate/Container/Container->make()
#8 D:/Fork/hypnotoad/backend/vendor/laravel/framework/src/Illuminate/Container/Container.php(1805): Illuminate/Foundation/Application->make()
#9 D:/Fork/hypnotoad/backend/vendor/laravel/framework/src/Illuminate/Routing/RoutingServiceProvider.php(121): Illuminate/Container/Container->offsetGet()
#10 D:/Fork/hypnotoad/backend/vendor/laravel/framework/src/Illuminate/Container/Container.php(1115): Illuminate/Routing/RoutingServiceProvider->{closure:Illuminate/Routing/RoutingServiceProvider::registerRedirector():114}()
#11 D:/Fork/hypnotoad/backend/vendor/laravel/framework/src/Illuminate/Container/Container.php(933): Illuminate/Container/Container->build()
#12 D:/Fork/hypnotoad/backend/vendor/laravel/framework/src/Illuminate/Foundation/Application.php(1078): Illuminate/Container/Container->resolve()
#13 D:/Fork/hypnotoad/backend/vendor/laravel/framework/src/Illuminate/Container/Container.php(864): Illuminate/Foundation/Application->resolve()
#14 D:/Fork/hypnotoad/backend/vendor/laravel/framework/src/Illuminate/Foundation/Application.php(1058): Illuminate/Container/Container->make()
#15 D:/Fork/hypnotoad/backend/vendor/laravel/framework/src/Illuminate/Container/Container.php(1805): Illuminate/Foundation/Application->make()
#16 D:/Fork/hypnotoad/backend/vendor/laravel/framework/src/Illuminate/Routing/RoutingServiceProvider.php(177): Illuminate/Container/Container->offsetGet()
#17 D:/Fork/hypnotoad/backend/vendor/laravel/framework/src/Illuminate/Container/Container.php(1115): Illuminate/Routing/RoutingServiceProvider->{closure:Illuminate/Routing/RoutingServiceProvider::registerResponseFactory():176}()
#18 D:/Fork/hypnotoad/backend/vendor/laravel/framework/src/Illuminate/Container/Container.php(933): Illuminate/Container/Container->build()
#19 D:/Fork/hypnotoad/backend/vendor/laravel/framework/src/Illuminate/Foundation/Application.php(1078): Illuminate/Container/Container->resolve()
#20 D:/Fork/hypnotoad/backend/vendor/laravel/framework/src/Illuminate/Container/Container.php(864): Illuminate/Foundation/Application->resolve()
#21 D:/Fork/hypnotoad/backend/vendor/laravel/framework/src/Illuminate/Foundation/Application.php(1058): Illuminate/Container/Container->make()
#22 D:/Fork/hypnotoad/backend/vendor/laravel/framework/src/Illuminate/Foundation/helpers.php(138): Illuminate/Foundation/Application->make()
#23 D:/Fork/hypnotoad/backend/vendor/laravel/framework/src/Illuminate/Foundation/helpers.php(850): app()
#24 D:/Fork/hypnotoad/backend/vendor/laravel/framework/src/Illuminate/Foundation/Exceptions/Handler.php(987): response()
#25 D:/Fork/hypnotoad/backend/vendor/laravel/framework/src/Illuminate/Foundation/Exceptions/Handler.php(839): Illuminate/Foundation/Exceptions/Handler->toIlluminateResponse()
#26 D:/Fork/hypnotoad/backend/vendor/laravel/framework/src/Illuminate/Foundation/Exceptions/Handler.php(738): Illuminate/Foundation/Exceptions/Handler->prepareResponse()
#27 D:/Fork/hypnotoad/backend/vendor/laravel/framework/src/Illuminate/Foundation/Exceptions/Handler.php(626): Illuminate/Foundation/Exceptions/Handler->renderExceptionResponse()
#28 D:/Fork/hypnotoad/backend/vendor/laravel/framework/src/Illuminate/Routing/Pipeline.php(51): Illuminate/Foundation/Exceptions/Handler->render()
#29 D:/Fork/hypnotoad/backend/vendor/laravel/framework/src/Illuminate/Pipeline/Pipeline.php(224): Illuminate/Routing/Pipeline->handleException()
#30 D:/Fork/hypnotoad/backend/vendor/laravel/framework/src/Illuminate/Http/Middleware/ValidatePathEncoding.php(26): Illuminate/Pipeline/Pipeline->{closure:{closure:Illuminate/Pipeline/Pipeline::carry():194}:195}()
#31 D:/Fork/hypnotoad/backend/vendor/laravel/framework/src/Illuminate/Pipeline/Pipeline.php(219): Illuminate/Http/Middleware/ValidatePathEncoding->handle()
#32 D:/Fork/hypnotoad/backend/vendor/laravel/framework/src/Illuminate/Pipeline/Pipeline.php(137): Illuminate/Pipeline/Pipeline->{closure:{closure:Illuminate/Pipeline/Pipeline::carry():194}:195}()
#33 D:/Fork/hypnotoad/backend/vendor/laravel/framework/src/Illuminate/Foundation/Http/Kernel.php(175): Illuminate/Pipeline/Pipeline->then()
#34 D:/Fork/hypnotoad/backend/vendor/laravel/framework/src/Illuminate/Foundation/Http/Kernel.php(144): Illuminate/Foundation/Http/Kernel->sendRequestThroughRouter()
#35 D:/Fork/hypnotoad/backend/public/index.php(16): Illuminate/Foundation/Http/Kernel->handle()
#36 D:/Fork/hypnotoad/backend/vendor/laravel/framework/src/Illuminate/Foundation/resources/server.php(23): require_once('...')
#37 {main}
"} 
[2026-09-28 23:11:22] local.ERROR: Call to undefined function Illuminate\Support\mb_split() {"exception":"[object] (Error(code: 0): Call to undefined function Illuminate\\Support\\mb_split() at D:/Fork/hypnotoad/backend/vendor/laravel/framework/src/Illuminate/Support/Str.php:1722)
[stacktrace]
#0 D:/Fork/hypnotoad/backend/vendor/laravel/framework/src/Illuminate/Support/Manager.php(98): Illuminate/Support/Str::studly()
#1 D:/Fork/hypnotoad/backend/vendor/laravel/framework/src/Illuminate/Support/Manager.php(78): Illuminate/Support/Manager->createDriver()
#2 D:/Fork/hypnotoad/backend/vendor/laravel/framework/src/Illuminate/Session/SessionServiceProvider.php(52): Illuminate/Support/Manager->driver()
#3 D:/Fork/hypnotoad/backend/vendor/laravel/framework/src/Illuminate/Container/Container.php(1115): Illuminate/Session/SessionServiceProvider->{closure:Illuminate/Session/SessionServiceProvider::registerSessionDriver():48}()
#4 D:/Fork/hypnotoad/backend/vendor/laravel/framework/src/Illuminate/Container/Container.php(933): Illuminate/Container/Container->build()
#5 D:/Fork/hypnotoad/backend/vendor/laravel/framework/src/Illuminate/Foundation/Application.php(1078): Illuminate/Container/Container->resolve()
#6 D:/Fork/hypnotoad/backend/vendor/laravel/framework/src/Illuminate/Container/Container.php(864): Illuminate/Foundation/Application->resolve()
#7 D:/Fork/hypnotoad/backend/vendor/laravel/framework/src/Illuminate/Foundation/Application.php(1058): Illuminate/Container/Container->make()
#8 D:/Fork/hypnotoad/backend/vendor/laravel/framework/src/Illuminate/Container/Container.php(1805): Illuminate/Foundation/Application->make()
#9 D:/Fork/hypnotoad/backend/vendor/laravel/framework/src/Illuminate/Routing/RoutingServiceProvider.php(121): Illuminate/Container/Container->offsetGet()
#10 D:/Fork/hypnotoad/backend/vendor/laravel/framework/src/Illuminate/Container/Container.php(1115): Illuminate/Routing/RoutingServiceProvider->{closure:Illuminate/Routing/RoutingServiceProvider::registerRedirector():114}()
#11 D:/Fork/hypnotoad/backend/vendor/laravel/framework/src/Illuminate/Container/Container.php(933): Illuminate/Container/Container->build()
#12 D:/Fork/hypnotoad/backend/vendor/laravel/framework/src/Illuminate/Foundation/Application.php(1078): Illuminate/Container/Container->resolve()
#13 D:/Fork/hypnotoad/backend/vendor/laravel/framework/src/Illuminate/Container/Container.php(864): Illuminate/Foundation/Application->resolve()
#14 D:/Fork/hypnotoad/backend/vendor/laravel/framework/src/Illuminate/Foundation/Application.php(1058): Illuminate/Container/Container->make()
#15 D:/Fork/hypnotoad/backend/vendor/laravel/framework/src/Illuminate/Container/Container.php(1805): Illuminate/Foundation/Application->make()
#16 D:/Fork/hypnotoad/backend/vendor/laravel/framework/src/Illuminate/Routing/RoutingServiceProvider.php(177): Illuminate/Container/Container->offsetGet()
#17 D:/Fork/hypnotoad/backend/vendor/laravel/framework/src/Illuminate/Container/Container.php(1115): Illuminate/Routing/RoutingServiceProvider->{closure:Illuminate/Routing/RoutingServiceProvider::registerResponseFactory():176}()
#18 D:/Fork/hypnotoad/backend/vendor/laravel/framework/src/Illuminate/Container/Container.php(933): Illuminate/Container/Container->build()
#19 D:/Fork/hypnotoad/backend/vendor/laravel/framework/src/Illuminate/Foundation/Application.php(1078): Illuminate/Container/Container->resolve()
#20 D:/Fork/hypnotoad/backend/vendor/laravel/framework/src/Illuminate/Container/Container.php(864): Illuminate/Foundation/Application->resolve()
#21 D:/Fork/hypnotoad/backend/vendor/laravel/framework/src/Illuminate/Foundation/Application.php(1058): Illuminate/Container/Container->make()
#22 D:/Fork/hypnotoad/backend/vendor/laravel/framework/src/Illuminate/Foundation/helpers.php(138): Illuminate/Foundation/Application->make()
#23 D:/Fork/hypnotoad/backend/vendor/laravel/framework/src/Illuminate/Foundation/helpers.php(850): app()
#24 D:/Fork/hypnotoad/backend/vendor/laravel/framework/src/Illuminate/Foundation/Exceptions/Handler.php(987): response()
#25 D:/Fork/hypnotoad/backend/vendor/laravel/framework/src/Illuminate/Foundation/Exceptions/Handler.php(839): Illuminate/Foundation/Exceptions/Handler->toIlluminateResponse()
#26 D:/Fork/hypnotoad/backend/vendor/laravel/framework/src/Illuminate/Foundation/Exceptions/Handler.php(738): Illuminate/Foundation/Exceptions/Handler->prepareResponse()
#27 D:/Fork/hypnotoad/backend/vendor/laravel/framework/src/Illuminate/Foundation/Exceptions/Handler.php(626): Illuminate/Foundation/Exceptions/Handler->renderExceptionResponse()
#28 D:/Fork/hypnotoad/backend/vendor/laravel/framework/src/Illuminate/Routing/Pipeline.php(51): Illuminate/Foundation/Exceptions/Handler->render()
#29 D:/Fork/hypnotoad/backend/vendor/laravel/framework/src/Illuminate/Pipeline/Pipeline.php(224): Illuminate/Routing/Pipeline->handleException()
#30 D:/Fork/hypnotoad/backend/vendor/laravel/framework/src/Illuminate/Pipeline/Pipeline.php(137): Illuminate/Pipeline/Pipeline->{closure:{closure:Illuminate/Pipeline/Pipeline::carry():194}:195}()
#31 D:/Fork/hypnotoad/backend/vendor/laravel/framework/src/Illuminate/Foundation/Http/Kernel.php(175): Illuminate/Pipeline/Pipeline->then()
#32 D:/Fork/hypnotoad/backend/vendor/laravel/framework/src/Illuminate/Foundation/Http/Kernel.php(144): Illuminate/Foundation/Http/Kernel->sendRequestThroughRouter()
#33 D:/Fork/hypnotoad/backend/public/index.php(16): Illuminate/Foundation/Http/Kernel->handle()
#34 D:/Fork/hypnotoad/backend/vendor/laravel/framework/src/Illuminate/Foundation/resources/server.php(23): require_once('...')
#35 {main}
"} 
[2026-09-28 23:11:22] local.ERROR: Call to undefined function Illuminate\Support\mb_split() {"exception":"[object] (Error(code: 0): Call to undefined function Illuminate\\Support\\mb_split() at D:/Fork/hypnotoad/backend/vendor/laravel/framework/src/Illuminate/Support/Str.php:1722)
[stacktrace]
#0 D:/Fork/hypnotoad/backend/vendor/laravel/framework/src/Illuminate/Support/Manager.php(98): Illuminate/Support/Str::studly()
#1 D:/Fork/hypnotoad/backend/vendor/laravel/framework/src/Illuminate/Support/Manager.php(78): Illuminate/Support/Manager->createDriver()
#2 D:/Fork/hypnotoad/backend/vendor/laravel/framework/src/Illuminate/Session/SessionServiceProvider.php(52): Illuminate/Support/Manager->driver()
#3 D:/Fork/hypnotoad/backend/vendor/laravel/framework/src/Illuminate/Container/Container.php(1115): Illuminate/Session/SessionServiceProvider->{closure:Illuminate/Session/SessionServiceProvider::registerSessionDriver():48}()
#4 D:/Fork/hypnotoad/backend/vendor/laravel/framework/src/Illuminate/Container/Container.php(933): Illuminate/Container/Container->build()
#5 D:/Fork/hypnotoad/backend/vendor/laravel/framework/src/Illuminate/Foundation/Application.php(1078): Illuminate/Container/Container->resolve()
#6 D:/Fork/hypnotoad/backend/vendor/laravel/framework/src/Illuminate/Container/Container.php(864): Illuminate/Foundation/Application->resolve()
#7 D:/Fork/hypnotoad/backend/vendor/laravel/framework/src/Illuminate/Foundation/Application.php(1058): Illuminate/Container/Container->make()
#8 D:/Fork/hypnotoad/backend/vendor/laravel/framework/src/Illuminate/Container/Container.php(1805): Illuminate/Foundation/Application->make()
#9 D:/Fork/hypnotoad/backend/vendor/laravel/framework/src/Illuminate/Routing/RoutingServiceProvider.php(121): Illuminate/Container/Container->offsetGet()
#10 D:/Fork/hypnotoad/backend/vendor/laravel/framework/src/Illuminate/Container/Container.php(1115): Illuminate/Routing/RoutingServiceProvider->{closure:Illuminate/Routing/RoutingServiceProvider::registerRedirector():114}()
#11 D:/Fork/hypnotoad/backend/vendor/laravel/framework/src/Illuminate/Container/Container.php(933): Illuminate/Container/Container->build()
#12 D:/Fork/hypnotoad/backend/vendor/laravel/framework/src/Illuminate/Foundation/Application.php(1078): Illuminate/Container/Container->resolve()
#13 D:/Fork/hypnotoad/backend/vendor/laravel/framework/src/Illuminate/Container/Container.php(864): Illuminate/Foundation/Application->resolve()
#14 D:/Fork/hypnotoad/backend/vendor/laravel/framework/src/Illuminate/Foundation/Application.php(1058): Illuminate/Container/Container->make()
#15 D:/Fork/hypnotoad/backend/vendor/laravel/framework/src/Illuminate/Container/Container.php(1805): Illuminate/Foundation/Application->make()
#16 D:/Fork/hypnotoad/backend/vendor/laravel/framework/src/Illuminate/Routing/RoutingServiceProvider.php(177): Illuminate/Container/Container->offsetGet()
#17 D:/Fork/hypnotoad/backend/vendor/laravel/framework/src/Illuminate/Container/Container.php(1115): Illuminate/Routing/RoutingServiceProvider->{closure:Illuminate/Routing/RoutingServiceProvider::registerResponseFactory():176}()
#18 D:/Fork/hypnotoad/backend/vendor/laravel/framework/src/Illuminate/Container/Container.php(933): Illuminate/Container/Container->build()
#19 D:/Fork/hypnotoad/backend/vendor/laravel/framework/src/Illuminate/Foundation/Application.php(1078): Illuminate/Container/Container->resolve()
#20 D:/Fork/hypnotoad/backend/vendor/laravel/framework/src/Illuminate/Container/Container.php(864): Illuminate/Foundation/Application->resolve()
#21 D:/Fork/hypnotoad/backend/vendor/laravel/framework/src/Illuminate/Foundation/Application.php(1058): Illuminate/Container/Container->make()
#22 D:/Fork/hypnotoad/backend/vendor/laravel/framework/src/Illuminate/Foundation/helpers.php(138): Illuminate/Foundation/Application->make()
#23 D:/Fork/hypnotoad/backend/vendor/laravel/framework/src/Illuminate/Foundation/helpers.php(850): app()
#24 D:/Fork/hypnotoad/backend/vendor/laravel/framework/src/Illuminate/Foundation/Exceptions/Handler.php(987): response()
#25 D:/Fork/hypnotoad/backend/vendor/laravel/framework/src/Illuminate/Foundation/Exceptions/Handler.php(839): Illuminate/Foundation/Exceptions/Handler->toIlluminateResponse()
#26 D:/Fork/hypnotoad/backend/vendor/laravel/framework/src/Illuminate/Foundation/Exceptions/Handler.php(738): Illuminate/Foundation/Exceptions/Handler->prepareResponse()
#27 D:/Fork/hypnotoad/backend/vendor/laravel/framework/src/Illuminate/Foundation/Exceptions/Handler.php(626): Illuminate/Foundation/Exceptions/Handler->renderExceptionResponse()
#28 D:/Fork/hypnotoad/backend/vendor/laravel/framework/src/Illuminate/Foundation/Http/Kernel.php(574): Illuminate/Foundation/Exceptions/Handler->render()
#29 D:/Fork/hypnotoad/backend/vendor/laravel/framework/src/Illuminate/Foundation/Http/Kernel.php(148): Illuminate/Foundation/Http/Kernel->renderException()
#30 D:/Fork/hypnotoad/backend/public/index.php(16): Illuminate/Foundation/Http/Kernel->handle()
#31 D:/Fork/hypnotoad/backend/vendor/laravel/framework/src/Illuminate/Foundation/resources/server.php(23): require_once('...')
#32 {main}
"} 
[2026-09-28 23:11:22] local.ERROR: Uncaught Error: Call to undefined function Illuminate\Support\mb_split() in D:\Fork\hypnotoad\backend\vendor\laravel\framework\src\Illuminate\Support\Str.php:1722
Stack trace:
#0 D:\Fork\hypnotoad\backend\vendor\laravel\framework\src\Illuminate\Support\Manager.php(98): Illuminate\Support\Str::studly()
#1 D:\Fork\hypnotoad\backend\vendor\laravel\framework\src\Illuminate\Support\Manager.php(78): Illuminate\Support\Manager->createDriver()
#2 D:\Fork\hypnotoad\backend\vendor\laravel\framework\src\Illuminate\Session\SessionServiceProvider.php(52): Illuminate\Support\Manager->driver()
#3 D:\Fork\hypnotoad\backend\vendor\laravel\framework\src\Illuminate\Container\Container.php(1115): Illuminate\Session\SessionServiceProvider->{closure:Illuminate\Session\SessionServiceProvider::registerSessionDriver():48}()
#4 D:\Fork\hypnotoad\backend\vendor\laravel\framework\src\Illuminate\Container\Container.php(933): Illuminate\Container\Container->build()
#5 D:\Fork\hypnotoad\backend\vendor\laravel\framework\src\Illuminate\Foundation\Application.php(1078): Illuminate\Container\Container->resolve()
#6 D:\Fork\hypnotoad\backend\vendor\laravel\framework\src\Illuminate\Container\Container.php(864): Illuminate\Foundation\Application->resolve()
#7 D:\Fork\hypnotoad\backend\vendor\laravel\framework\src\Illuminate\Foundation\Application.php(1058): Illuminate\Container\Container->make()
#8 D:\Fork\hypnotoad\backend\vendor\laravel\framework\src\Illuminate\Container\Container.php(1805): Illuminate\Foundation\Application->make()
#9 D:\Fork\hypnotoad\backend\vendor\laravel\framework\src\Illuminate\Routing\RoutingServiceProvider.php(121): Illuminate\Container\Container->offsetGet()
#10 D:\Fork\hypnotoad\backend\vendor\laravel\framework\src\Illuminate\Container\Container.php(1115): Illuminate\Routing\RoutingServiceProvider->{closure:Illuminate\Routing\RoutingServiceProvider::registerRedirector():114}()
#11 D:\Fork\hypnotoad\backend\vendor\laravel\framework\src\Illuminate\Container\Container.php(933): Illuminate\Container\Container->build()
#12 D:\Fork\hypnotoad\backend\vendor\laravel\framework\src\Illuminate\Foundation\Application.php(1078): Illuminate\Container\Container->resolve()
#13 D:\Fork\hypnotoad\backend\vendor\laravel\framework\src\Illuminate\Container\Container.php(864): Illuminate\Foundation\Application->resolve()
#14 D:\Fork\hypnotoad\backend\vendor\laravel\framework\src\Illuminate\Foundation\Application.php(1058): Illuminate\Container\Container->make()
#15 D:\Fork\hypnotoad\backend\vendor\laravel\framework\src\Illuminate\Container\Container.php(1805): Illuminate\Foundation\Application->make()
#16 D:\Fork\hypnotoad\backend\vendor\laravel\framework\src\Illuminate\Routing\RoutingServiceProvider.php(177): Illuminate\Container\Container->offsetGet()
#17 D:\Fork\hypnotoad\backend\vendor\laravel\framework\src\Illuminate\Container\Container.php(1115): Illuminate\Routing\RoutingServiceProvider->{closure:Illuminate\Routing\RoutingServiceProvider::registerResponseFactory():176}()
#18 D:\Fork\hypnotoad\backend\vendor\laravel\framework\src\Illuminate\Container\Container.php(933): Illuminate\Container\Container->build()
#19 D:\Fork\hypnotoad\backend\vendor\laravel\framework\src\Illuminate\Foundation\Application.php(1078): Illuminate\Container\Container->resolve()
#20 D:\Fork\hypnotoad\backend\vendor\laravel\framework\src\Illuminate\Container\Container.php(864): Illuminate\Foundation\Application->resolve()
#21 D:\Fork\hypnotoad\backend\vendor\laravel\framework\src\Illuminate\Foundation\Application.php(1058): Illuminate\Container\Container->make()
#22 D:\Fork\hypnotoad\backend\vendor\laravel\framework\src\Illuminate\Foundation\helpers.php(138): Illuminate\Foundation\Application->make()
#23 D:\Fork\hypnotoad\backend\vendor\laravel\framework\src\Illuminate\Foundation\helpers.php(850): app()
#24 D:\Fork\hypnotoad\backend\vendor\laravel\framework\src\Illuminate\Foundation\Exceptions\Handler.php(987): response()
#25 D:\Fork\hypnotoad\backend\vendor\laravel\framework\src\Illuminate\Foundation\Exceptions\Handler.php(839): Illuminate\Foundation\Exceptions\Handler->toIlluminateResponse()
#26 D:\Fork\hypnotoad\backend\vendor\laravel\framework\src\Illuminate\Foundation\Exceptions\Handler.php(738): Illuminate\Foundation\Exceptions\Handler->prepareResponse()
#27 D:\Fork\hypnotoad\backend\vendor\laravel\framework\src\Illuminate\Foundation\Exceptions\Handler.php(626): Illuminate\Foundation\Exceptions\Handler->renderExceptionResponse()
#28 D:\Fork\hypnotoad\backend\vendor\laravel\framework\src\Illuminate\Foundation\Bootstrap\HandleExceptions.php(225): Illuminate\Foundation\Exceptions\Handler->render()
#29 D:\Fork\hypnotoad\backend\vendor\laravel\framework\src\Illuminate\Foundation\Bootstrap\HandleExceptions.php(202): Illuminate\Foundation\Bootstrap\HandleExceptions->renderHttpResponse()
#30 D:\Fork\hypnotoad\backend\vendor\laravel\framework\src\Illuminate\Foundation\Bootstrap\HandleExceptions.php(262): Illuminate\Foundation\Bootstrap\HandleExceptions->handleException()
#31 [internal function]: Illuminate\Foundation\Bootstrap\HandleExceptions->{closure:Illuminate\Foundation\Bootstrap\HandleExceptions::forwardsTo():261}()
#32 {main}
  thrown {"exception":"[object] (Symfony\\Component\\ErrorHandler\\Error\\FatalError(code: 0): Uncaught Error: Call to undefined function Illuminate\\Support\\mb_split() in D:\\Fork\\hypnotoad\\backend\\vendor\\laravel\\framework\\src\\Illuminate\\Support\\Str.php:1722
Stack trace:
#0 D:\\Fork\\hypnotoad\\backend\\vendor\\laravel\\framework\\src\\Illuminate\\Support\\Manager.php(98): Illuminate\\Support\\Str::studly()
#1 D:\\Fork\\hypnotoad\\backend\\vendor\\laravel\\framework\\src\\Illuminate\\Support\\Manager.php(78): Illuminate\\Support\\Manager->createDriver()
#2 D:\\Fork\\hypnotoad\\backend\\vendor\\laravel\\framework\\src\\Illuminate\\Session\\SessionServiceProvider.php(52): Illuminate\\Support\\Manager->driver()
#3 D:\\Fork\\hypnotoad\\backend\\vendor\\laravel\\framework\\src\\Illuminate\\Container\\Container.php(1115): Illuminate\\Session\\SessionServiceProvider->{closure:Illuminate\\Session\\SessionServiceProvider::registerSessionDriver():48}()
#4 D:\\Fork\\hypnotoad\\backend\\vendor\\laravel\\framework\\src\\Illuminate\\Container\\Container.php(933): Illuminate\\Container\\Container->build()
#5 D:\\Fork\\hypnotoad\\backend\\vendor\\laravel\\framework\\src\\Illuminate\\Foundation\\Application.php(1078): Illuminate\\Container\\Container->resolve()
#6 D:\\Fork\\hypnotoad\\backend\\vendor\\laravel\\framework\\src\\Illuminate\\Container\\Container.php(864): Illuminate\\Foundation\\Application->resolve()
#7 D:\\Fork\\hypnotoad\\backend\\vendor\\laravel\\framework\\src\\Illuminate\\Foundation\\Application.php(1058): Illuminate\\Container\\Container->make()
#8 D:\\Fork\\hypnotoad\\backend\\vendor\\laravel\\framework\\src\\Illuminate\\Container\\Container.php(1805): Illuminate\\Foundation\\Application->make()
#9 D:\\Fork\\hypnotoad\\backend\\vendor\\laravel\\framework\\src\\Illuminate\\Routing\\RoutingServiceProvider.php(121): Illuminate\\Container\\Container->offsetGet()
#10 D:\\Fork\\hypnotoad\\backend\\vendor\\laravel\\framework\\src\\Illuminate\\Container\\Container.php(1115): Illuminate\\Routing\\RoutingServiceProvider->{closure:Illuminate\\Routing\\RoutingServiceProvider::registerRedirector():114}()
#11 D:\\Fork\\hypnotoad\\backend\\vendor\\laravel\\framework\\src\\Illuminate\\Container\\Container.php(933): Illuminate\\Container\\Container->build()
#12 D:\\Fork\\hypnotoad\\backend\\vendor\\laravel\\framework\\src\\Illuminate\\Foundation\\Application.php(1078): Illuminate\\Container\\Container->resolve()
#13 D:\\Fork\\hypnotoad\\backend\\vendor\\laravel\\framework\\src\\Illuminate\\Container\\Container.php(864): Illuminate\\Foundation\\Application->resolve()
#14 D:\\Fork\\hypnotoad\\backend\\vendor\\laravel\\framework\\src\\Illuminate\\Foundation\\Application.php(1058): Illuminate\\Container\\Container->make()
#15 D:\\Fork\\hypnotoad\\backend\\vendor\\laravel\\framework\\src\\Illuminate\\Container\\Container.php(1805): Illuminate\\Foundation\\Application->make()
#16 D:\\Fork\\hypnotoad\\backend\\vendor\\laravel\\framework\\src\\Illuminate\\Routing\\RoutingServiceProvider.php(177): Illuminate\\Container\\Container->offsetGet()
#17 D:\\Fork\\hypnotoad\\backend\\vendor\\laravel\\framework\\src\\Illuminate\\Container\\Container.php(1115): Illuminate\\Routing\\RoutingServiceProvider->{closure:Illuminate\\Routing\\RoutingServiceProvider::registerResponseFactory():176}()
#18 D:\\Fork\\hypnotoad\\backend\\vendor\\laravel\\framework\\src\\Illuminate\\Container\\Container.php(933): Illuminate\\Container\\Container->build()
#19 D:\\Fork\\hypnotoad\\backend\\vendor\\laravel\\framework\\src\\Illuminate\\Foundation\\Application.php(1078): Illuminate\\Container\\Container->resolve()
#20 D:\\Fork\\hypnotoad\\backend\\vendor\\laravel\\framework\\src\\Illuminate\\Container\\Container.php(864): Illuminate\\Foundation\\Application->resolve()
#21 D:\\Fork\\hypnotoad\\backend\\vendor\\laravel\\framework\\src\\Illuminate\\Foundation\\Application.php(1058): Illuminate\\Container\\Container->make()
#22 D:\\Fork\\hypnotoad\\backend\\vendor\\laravel\\framework\\src\\Illuminate\\Foundation\\helpers.php(138): Illuminate\\Foundation\\Application->make()
#23 D:\\Fork\\hypnotoad\\backend\\vendor\\laravel\\framework\\src\\Illuminate\\Foundation\\helpers.php(850): app()
#24 D:\\Fork\\hypnotoad\\backend\\vendor\\laravel\\framework\\src\\Illuminate\\Foundation\\Exceptions\\Handler.php(987): response()
#25 D:\\Fork\\hypnotoad\\backend\\vendor\\laravel\\framework\\src\\Illuminate\\Foundation\\Exceptions\\Handler.php(839): Illuminate\\Foundation\\Exceptions\\Handler->toIlluminateResponse()
#26 D:\\Fork\\hypnotoad\\backend\\vendor\\laravel\\framework\\src\\Illuminate\\Foundation\\Exceptions\\Handler.php(738): Illuminate\\Foundation\\Exceptions\\Handler->prepareResponse()
#27 D:\\Fork\\hypnotoad\\backend\\vendor\\laravel\\framework\\src\\Illuminate\\Foundation\\Exceptions\\Handler.php(626): Illuminate\\Foundation\\Exceptions\\Handler->renderExceptionResponse()
#28 D:\\Fork\\hypnotoad\\backend\\vendor\\laravel\\framework\\src\\Illuminate\\Foundation\\Bootstrap\\HandleExceptions.php(225): Illuminate\\Foundation\\Exceptions\\Handler->render()
#29 D:\\Fork\\hypnotoad\\backend\\vendor\\laravel\\framework\\src\\Illuminate\\Foundation\\Bootstrap\\HandleExceptions.php(202): Illuminate\\Foundation\\Bootstrap\\HandleExceptions->renderHttpResponse()
#30 D:\\Fork\\hypnotoad\\backend\\vendor\\laravel\\framework\\src\\Illuminate\\Foundation\\Bootstrap\\HandleExceptions.php(262): Illuminate\\Foundation\\Bootstrap\\HandleExceptions->handleException()
#31 [internal function]: Illuminate\\Foundation\\Bootstrap\\HandleExceptions->{closure:Illuminate\\Foundation\\Bootstrap\\HandleExceptions::forwardsTo():261}()
#32 {main}
  thrown at D:/Fork/hypnotoad/backend/vendor/laravel/framework/src/Illuminate/Support/Str.php:1722)
[stacktrace]
#0 {main}
"} 
